CASE_ID,ACCIDENT_YEAR,PROC_DATE,JURIS,COLLISION_DATE,COLLISION_TIME,OFFICER_ID,REPORTING_DISTRICT,DAY_OF_WEEK,CHP_SHIFT,POPULATION,CNTY_CITY_LOC,SPECIAL_COND,BEAT_TYPE,CHP_BEAT_TYPE,CITY_DIVISION_LAPD,CHP_BEAT_CLASS,BEAT_NUMBER,PRIMARY_RD,SECONDARY_RD,DISTANCE,DIRECTION,INTERSECTION,WEATHER_1,WEATHER_2,STATE_HWY_IND,CALTRANS_COUNTY,CALTRANS_DISTRICT,STATE_ROUTE,ROUTE_SUFFIX,POSTMILE_PREFIX,POSTMILE,LOCATION_TYPE,RAMP_INTERSECTION,SIDE_OF_HWY,TOW_AWAY,COLLISION_SEVERITY,NUMBER_KILLED,NUMBER_INJURED,PARTY_COUNT,PRIMARY_COLL_FACTOR,PCF_CODE_OF_VIOL,PCF_VIOL_CATEGORY,PCF_VIOLATION,PCF_VIOL_SUBSECTION,HIT_AND_RUN,TYPE_OF_COLLISION,MVIW,PED_ACTION,ROAD_SURFACE,ROAD_COND_1,ROAD_COND_2,LIGHTING,CONTROL_DEVICE,CHP_ROAD_TYPE,PEDESTRIAN_ACCIDENT,BICYCLE_ACCIDENT,MOTORCYCLE_ACCIDENT,TRUCK_ACCIDENT,NOT_PRIVATE_PROPERTY,ALCOHOL_INVOLVED,STWD_VEHTYPE_AT_FAULT,CHP_VEHTYPE_AT_FAULT,COUNT_SEVERE_INJ,COUNT_VISIBLE_INJ,COUNT_COMPLAINT_PAIN,COUNT_PED_KILLED,COUNT_PED_INJURED,COUNT_BICYCLIST_KILLED,COUNT_BICYCLIST_INJURED,COUNT_MC_KILLED,COUNT_MC_INJURED,PRIMARY_RAMP,SECONDARY_RAMP,LATITUDE,LONGITUDE,COUNTY,CITY,POINT_X,POINT_Y
8574788,2018,2018-03-26,1942,2018-03-04,2320,43189,139,7,5,7,1942,0,0,0,M,0,1;60,"ALAMEDA ST","N 2ND ST",6.00,N,N,B,-,N,,,,,,,,,,N,4,0,1,2,A,-,10,21950,A,N,G,B,B,A,H,-,C,A,0,Y,,,,Y,Y,A,01,0,0,1,0,1,0,0,0,0,"- ","- ",,,"LOS ANGELES","LOS ANGELES",-118.23810899999999,34.047182999999997
8575121,2018,2018-06-28,1942,2018-02-21,1800,42487,,3,5,7,1942,0,0,0,,0,,"SHERMAN WY","CANBY AV",0.00,,Y,A,-,N,,,,,,,,,,N,2,0,1,2,A,-,10,21950,,F,G,B,B,A,H,-,B,A,0,Y,,,,Y,,-,99,1,0,0,0,1,0,0,0,0,"- ","- ",,,"LOS ANGELES","LOS ANGELES",-118.53478240966797,34.201179504394531
8575129,2018,2018-08-03,1941,2018-02-16,1619,11093,,5,5,7,1941,0,0,0,,0,,"PACIFIC COAST HWY","LOCUST AV",0.00,,Y,A,-,Y,LA,7,1,-,-,6.380,H,-,S,N,3,0,1,2,A,-,11,21954,A,N,-,-,-,A,H,-,A,-,0,Y,,,,Y,,N,,0,1,0,0,1,0,0,0,0,"- ","- ",,,"LOS ANGELES","LONG BEACH",-118.19136810302734,33.789806365966797
8575449,2018,2018-03-20,1942,2018-03-02,1310,41125,0906,5,5,7,1942,0,0,0,I,0,9A5,"VALERIO ST","LENNOX AV",0.00,,Y,C,-,N,,,,,,,,,,N,4,0,1,2,A,-,10,21950,A,N,G,B,B,B,H,-,A,D,0,Y,,,,Y,,A,01,0,0,1,0,1,0,0,0,0,"- ","- ",,,"LOS ANGELES","LOS ANGELES",-118.44551086425781,34.204818725585938
8575469,2018,2018-03-20,1942,2018-03-02,0745,38261,1015,5,5,7,1942,0,0,0,J,0,35EL12,"SATICOY ST","DARBY AV",0.00,,Y,C,-,N,,,,,,,,,,N,4,0,1,2,A,-,11,21950,B,N,A,B,B,B,H,-,A,D,0,Y,,,,Y,,N,60,0,0,1,0,1,0,0,0,0,"- ","- ",,,"LOS ANGELES","LOS ANGELES",-118.53280639648438,34.208389282226562
8575473,2018,2018-03-20,1942,2018-03-03,0030,37304,1008,6,5,7,1942,0,0,0,J,0,17T171,"ROSCOE BL","BALBOA BL",17.00,E,N,C,-,N,,,,,,,,,,N,3,0,1,2,A,-,10,21950,A,N,G,B,B,B,H,-,C,A,0,Y,,,,Y,,A,01,0,1,0,0,1,0,0,0,0,"- ","- ",,,"LOS ANGELES","LOS ANGELES",-118.50258636474609,34.221199035644531
8575518,2018,2018-03-20,1942,2018-02-28,0815,30947,0985,3,5,7,1942,0,0,0,I,0,9A5,"VENTURA BL","BEVERLY GLEN BL",25.00,E,N,A,-,N,,,,,,,,,,N,4,0,1,2,A,-,08,22107,,N,G,B,E,A,G,-,A,A,0,Y,,,,Y,,A,01,0,0,1,0,1,0,0,0,0,"- ","- ",,,"LOS ANGELES","LOS ANGELES",-118.44576263427734,34.150436401367188
8575565,2018,2018-03-16,1942,2018-02-25,1455,31465,0645,7,5,7,1942,0,0,0,F,0,34M108,"HAWTHORN AV","N LA BREA AV",7.00,W,N,A,-,N,,,,,,,,,,N,3,0,1,2,A,-,10,21950,A,N,G,B,B,A,H,-,A,A,0,Y,,,,Y,,A,01,0,1,0,0,1,0,0,0,0,"- ","- ",,,"LOS ANGELES","LOS ANGELES",-118.34481811523438,34.100288391113281
8575573,2018,2018-03-16,1942,2018-02-17,2040,32297,2013,6,5,7,1942,0,0,0,,0,20A39,"3RD ST","HOBART BL",94.00,W,N,A,-,N,,,,,,,,,,N,4,0,1,2,A,-,10,21952,,F,G,B,F,A,G,-,C,D,0,Y,,,,Y,,-,,0,0,1,0,1,0,0,0,0,"- ","- ",,,"LOS ANGELES","LOS ANGELES",-118.30574035644531,34.068988800048828
8575620,2018,2018-03-20,1942,2018-03-03,1920,42999,1548,6,5,7,1942,0,0,0,O,0,15A21,"HARMONY AV",MAGNOLIA,5.00,N,N,B,-,N,,,,,,,,,,,4,0,1,2,A,-,10,21950,A,N,G,B,B,B,H,-,C,D,0,Y,,,,Y,,A,01,0,0,1,0,1,0,0,0,0,"- ","- ",,,"LOS ANGELES","LOS ANGELES",-118.36649322509766,34.164905548095703
8575687,2018,2018-03-22,1942,2018-02-21,0025,36885,1549,3,5,7,1942,0,0,0,O,0,15A3,"MAGNOLIA BL","VINELAND AV",170.00,E,N,B,-,N,,,,,,,,,,N,4,0,1,2,A,-,11,21955,,N,G,B,D,A,H,-,C,D,0,Y,,,,Y,,N,60,0,0,1,0,1,0,0,0,0,"- ","- ",,,"LOS ANGELES","LOS ANGELES",-118.36989593505859,34.164878845214844
8575716,2018,2018-03-21,1942,2018-02-22,1515,40290,1067,4,5,7,1942,0,0,0,J,0,10A3,"WHITE OAK AV","VENTURA BL",420.00,N,N,A,-,N,,,,,,,,,,N,3,0,1,2,A,-,11,21956,A,N,A,B,E,A,H,-,A,D,0,Y,,,,Y,,N,60,0,1,0,0,1,0,0,0,0,"- ","- ",,,"LOS ANGELES","LOS ANGELES",-118.51853179931641,34.163570404052734
8575743,2018,2018-05-09,1942,2018-02-26,1310,40232,RD174,1,5,7,1942,0,0,0,,0,,CHATSWORTH,ETIWANDA,0.00,,Y,A,-,N,,,,,,,,,,Y,4,0,1,2,A,-,10,21950,,M,A,B,B,A,H,-,A,A,0,Y,,,,Y,,A,01,0,0,1,0,1,0,0,0,0,"- ","- ",,,"LOS ANGELES","LOS ANGELES",-118.53173065185547,34.264541625976562
8575748,2018,2018-03-22,1942,2018-02-26,2020,41752,1512,1,5,7,1942,0,0,0,O,0,15A28,BELLAIRE,"SHERMAN WY",150.00,N,N,B,-,N,,,,,,,,,,N,3,0,1,2,A,-,08,22107,,N,G,B,D,A,H,-,C,D,0,Y,,,,Y,,A,01,0,1,0,0,1,0,0,0,0,"- ","- ",,,"LOS ANGELES","LOS ANGELES",-118.40943145751953,34.201610565185547
8575941,2018,2018-03-27,1900,2018-03-14,0803,536381,052,3,5,4,1971,0,0,0,,0,52T1AM,"PRIMROSE AV","LONGDEN AV",7.00,S,N,A,-,N,,,,,,,,,,N,3,0,2,3,A,-,10,21950,A,N,G,B,B,A,H,-,A,D,0,Y,,,,Y,,A,07,0,2,0,0,2,0,0,0,0,"- ","- ",34.113719940185547,-118.06324768066406,"LOS ANGELES","TEMPLE CITY",-118.0631103515625,34.113719940185547
8576246,2018,2018-03-16,1953,2018-02-07,1621,8101,1953,3,5,6,1953,0,0,0,,0,001,"FAIR OAKS AV","FILLMORE ST",5.00,S,N,A,-,N,,,,,,,,,,N,3,0,2,3,A,-,10,21950,A,N,G,B,B,A,H,-,A,A,0,Y,,,,Y,,A,01,0,2,0,0,2,0,0,0,0,"- ","- ",,,"LOS ANGELES",PASADENA,-118.15036773681641,34.132926940917969
8576294,2018,2018-03-16,1953,2018-02-27,2233,2038,1953,2,5,6,1953,0,0,0,,0,003,"COLORADO BL","SAN MARINO AV",0.00,,Y,A,-,N,,,,,,,,,,N,4,0,1,2,A,-,11,21954,A,N,G,B,D,A,H,-,C,A,0,Y,,,,Y,,N,,0,0,1,0,1,0,0,0,0,"- ","- ",,,"LOS ANGELES",PASADENA,-118.10875701904297,34.146041870117188
8576297,2018,2018-03-16,1942,2018-02-22,0730,41911,0314,4,5,7,1942,0,0,0,C,0,25T41,"ARLINGTON AV","W ADAMS BL",0.00,,Y,A,-,N,,,,,,,,,,N,3,0,1,2,A,-,10,21950,A,F,G,B,B,A,H,-,A,-,0,Y,,,,Y,,-,99,0,1,0,0,1,0,0,0,0,"- ","- ",,,"LOS ANGELES","LOS ANGELES",-118.31768035888672,34.032638549804688
8576307,2018,2018-03-27,1942,2018-03-01,0740,36700,396,4,5,7,1942,0,0,0,,0,3A63,"42ND ST","MENLO AV",0.00,,Y,A,-,N,,,,,,,,,,N,4,0,1,2,A,-,10,21950,A,N,G,B,B,A,H,-,A,D,0,Y,,,,Y,,A,01,0,0,1,0,1,0,0,0,0,"- ","- ",,,"LOS ANGELES","LOS ANGELES",-118.29002380371094,34.007331848144531
8576577,2018,2018-03-30,1955,2018-03-06,0819,41871,98,2,5,6,1955,0,0,0,,0,003,"INDIAN HILL BL","HOLT AV",27.00,N,N,A,-,N,,,,,,,,,,Y,3,0,1,2,A,-,08,22107,,N,E,I,F,A,H,-,A,A,0,Y,,,Y,Y,,G,25,0,1,0,0,1,0,0,0,0,"- ","- ",,,"LOS ANGELES",POMONA,-117.71920013427734,34.063285827636719
8576723,2018,2018-03-19,1900,2018-02-20,1505,529571,1515,2,5,5,1954,0,0,0,,0,151T2,"PASSONS BL","HANEY ST",29.00,N,N,A,-,N,,,,,,,,,,N,4,0,1,2,A,-,10,21954,,N,G,B,D,A,H,-,A,A,0,Y,,,,Y,,N,60,0,0,1,0,1,0,0,0,0,"- ","- ",33.983299255371094,-118.08744049072266,"LOS ANGELES","PICO RIVERA",-118.08747863769531,33.983230590820312
8576741,2018,2018-03-20,1941,2018-01-23,0807,10860,,2,5,7,1941,0,0,0,,0,,"69TH ST","LONG BEACH BL",0.00,,Y,A,-,N,,,,,,,,,,N,4,0,1,2,A,-,10,21950,A,N,D,B,B,A,H,-,A,A,0,Y,,,,Y,,A,,0,0,1,0,1,0,0,0,0,"- ","- ",,,"LOS ANGELES","LONG BEACH",-118.20424652099609,33.879291534423828
8576745,2018,2018-03-20,1900,2018-01-03,0040,602967,1630,3,5,5,1977,0,0,0,,0,160T,"ARTESIA BL","CENTRAL AV",10.00,W,N,A,-,N,,,,,,,,,,N,2,0,1,2,A,-,11,21955,,N,G,B,D,A,H,-,C,A,0,Y,,,,Y,,N,60,1,0,0,0,1,0,0,0,0,"- ","- ",,,"LOS ANGELES",CARSON,-118.24880218505859,33.873989105224609
8576766,2018,2018-03-19,1900,2018-02-15,1244,525145,1519,4,5,5,1954,0,0,0,,0,151T1,"SLAUSON AV","SERAPIS AV",4.00,E,N,A,-,N,,,,,,,,,,N,4,0,1,2,A,-,09,21801,A,N,G,B,B,A,H,-,A,A,0,Y,,,,Y,,A,01,0,0,1,0,1,0,0,0,0,"- ","- ",33.969688415527344,-118.10090637207031,"LOS ANGELES","PICO RIVERA",-118.10096740722656,33.969676971435547
8576770,2018,2018-03-19,1900,2018-02-10,1438,525145,1517,6,5,5,1954,0,0,0,,0,151T1,"PASSONS BL","BASCOM ST",9.00,N,N,A,-,N,,,,,,,,,,N,4,0,1,2,A,-,21,22106,A,N,G,B,E,A,H,-,A,D,0,Y,,,,Y,,A,01,0,0,1,0,1,0,0,0,0,"- ","- ",33.971969604492188,-118.09468841552734,"LOS ANGELES","PICO RIVERA",-118.09477996826172,33.971942901611328
8577383,2018,2018-03-22,1942,2018-03-02,0800,43231,1147,5,5,7,1942,0,0,0,K,0,11A17,"DIVISION ST","AVENUE 30",0.00,,Y,B,C,N,,,,,,,,,,N,3,0,1,2,B,-,22,,,N,G,B,B,B,H,-,A,-,0,Y,,,,Y,,-,"- ",0,1,0,0,1,0,0,0,0,"- ","- ",,,"LOS ANGELES","LOS ANGELES",-118.23576354980469,34.102920532226562
8577384,2018,2018-03-21,1965,2018-03-04,1810,3158,0B1L,7,5,5,1965,0,0,0,,0,B001,"OCEAN AV","ARIZONA AV",0.00,,Y,A,-,N,,,,,,,,,,N,3,0,1,2,D,-,00,,,F,G,B,B,A,H,-,C,A,0,Y,,,,Y,,-,"- ",0,1,0,0,1,0,0,0,0,"- ","- ",37.006740570068359,-121.02320861816406,"LOS ANGELES","SANTA MONICA",-118.49965667724609,34.015430450439453
8577387,2018,2018-03-22,1942,2018-03-02,2025,42008,1149,5,5,7,1942,0,0,0,K,0,11A37,"FIGUEROA ST","AVENUE 54",25.00,N,N,B,-,N,,,,,,,,,,N,2,0,2,3,A,-,10,21950,A,N,G,B,D,B,H,-,C,A,0,Y,,,,Y,Y,-,,1,1,0,0,2,0,0,0,0,"- ","- ",,,"LOS ANGELES","LOS ANGELES",-118.19718170166016,34.107425689697266
8577403,2018,2018-03-22,1942,2018-03-03,1505,42961,1102,6,5,7,1942,0,0,0,K,0,11A37,"GLENDALE BL","LA CLEDE",0.00,,Y,B,-,N,,,,,,,,,,N,3,0,1,2,A,-,10,21950,,N,B,B,B,A,H,-,A,D,0,Y,,,,Y,,A,01,0,1,0,0,1,0,0,0,0,"- ","- ",,,"LOS ANGELES","LOS ANGELES",-118.25833129882812,34.120231628417969
8577422,2018,2018-03-22,1942,2018-02-03,1420,33395,1112,6,5,7,1942,0,0,0,K,0,11A25,"VERDUGO RD","MC CARTHY AV",0.00,,Y,A,-,N,,,,,,,,,,N,3,0,1,2,A,-,21,22106,,N,G,B,F,A,H,-,A,D,0,Y,,,,Y,,A,01,0,1,0,0,1,0,0,0,0,"- ","- ",,,"LOS ANGELES","LOS ANGELES",-118.23313140869141,34.132118225097656
8577439,2018,2018-03-22,1942,2018-03-03,0620,42961,1148,6,5,7,1942,0,0,0,K,0,11A37,"MONTE VISTA ST","AVE 50",0.00,,Y,B,C,N,,,,,,,,,,N,3,0,2,3,D,-,00,,,N,G,B,D,B,H,-,A,A,0,Y,,,,Y,,-,"- ",0,1,1,0,2,0,0,0,0,"- ","- ",,,"LOS ANGELES","LOS ANGELES",-118.20372772216797,34.107170104980469
8577693,2018,2018-03-26,1956,2018-03-07,1345,1239,08,3,5,5,1956,0,0,0,,0,001,ESPLANADE,"KNOB HILL AV",22.00,S,N,B,-,N,,,,,,,,,,N,4,0,1,2,A,-,11,21954,A,N,G,B,D,A,H,-,A,A,0,Y,,,,Y,,N,60,0,0,1,0,1,0,0,0,0,"- ","- ",,,"LOS ANGELES","REDONDO BEACH",-118.38981628417969,33.828899383544922
8577778,2018,2018-03-27,1900,2018-02-26,0745,529573,2113,1,5,5,1943,0,0,0,,0,212T4,"BEECHWOOD AV","PINE ST",0.00,,Y,A,-,N,,,,,,,,,,N,4,0,1,2,A,-,12,22450,A,N,G,B,B,A,H,-,A,A,0,Y,,,,Y,,A,01,0,0,1,0,1,0,0,0,0,"- ","- ",,,"LOS ANGELES",LYNWOOD,-118.18859100341797,33.926368713378906
8577788,2018,2018-03-27,1965,2018-03-12,1900,3158,0B4E,1,5,5,1965,0,0,0,,0,B004,"MONTANA AV","15TH ST",25.00,W,N,C,-,N,,,,,,,,,,Y,3,0,1,2,A,-,10,21950,A,N,G,B,B,B,H,-,C,A,0,Y,,,,Y,,A,01,0,1,0,0,1,0,0,0,0,"- ","- ",37.024219512939453,-121.01732635498047,"LOS ANGELES","SANTA MONICA",-118.49430847167969,34.032909393310547
8577818,2018,2018-03-27,1942,2018-02-09,1250,40514,1307,5,5,7,1942,0,0,0,M,0,13X71,"7TH ST",ALAMEDA,150.00,W,N,A,-,N,,,,,,,,,,N,3,0,1,2,A,-,10,21950,,N,G,B,D,A,H,-,A,D,0,Y,,,,Y,,A,01,0,1,0,0,1,0,0,0,0,"- ","- ",,,"LOS ANGELES","LOS ANGELES",-118.239007,34.035255999999997
8577826,2018,2018-03-27,1942,2018-02-27,1755,4182,1343,2,5,7,1942,0,0,0,M,0,13X62,"E 40TH PL",AVALON,500.00,E,N,A,-,N,,,,,,,,,,N,3,0,1,2,A,-,03,22350,,N,G,B,D,A,H,-,B,D,0,Y,,,,Y,,A,01,0,1,0,0,1,0,0,0,0,"- ","- ",,,"LOS ANGELES","LOS ANGELES",-118.26362609863281,34.010219573974609
8577859,2018,2018-03-30,1942,2018-03-08,1505,37560,0334,4,5,7,1942,0,0,0,C,0,3X72,"NORTON AV","30TH ST",0.00,,Y,A,-,N,,,,,,,,,,N,4,0,1,2,A,-,12,22450,A,N,G,B,B,A,-,-,A,A,0,Y,,,,Y,,I,12,0,0,1,0,1,0,0,0,0,"- ","- ",,,"LOS ANGELES","LOS ANGELES",-118.33274078369141,34.027618408203125
8578189,2018,2018-03-16,1942,2018-03-04,2330,38090,0678,7,5,7,1942,0,0,0,F,0,6A77,"WESTERN AV","MARATHON ST",56.00,N,N,A,-,N,,,,,,,,,,Y,4,0,1,3,A,-,01,23152,A,N,D,E,F,A,H,-,C,D,0,Y,,,,Y,Y,A,01,0,0,1,0,1,0,0,0,0,"- ","- ",,,"LOS ANGELES","LOS ANGELES",-118.30914306640625,34.085052490234375
8578197,2018,2018-03-16,1900,2018-03-01,1700,270471,1418,4,5,1,1932,0,0,0,,0,141T5,"GALE AV","FULLERTON RD",1200.00,W,N,A,-,N,,,,,,,,,,N,3,0,1,2,A,-,11,21954,A,N,G,B,B,A,H,-,A,A,0,Y,,,,Y,,A,07,0,1,0,0,1,0,0,0,0,"- ","- ",33.995498657226562,-117.90666961669922,"LOS ANGELES",INDUSTRY,-117.90842437744141,33.994861602783203
8578209,2018,2018-03-16,1942,2018-03-04,2329,25495,0789,7,5,7,1942,0,0,0,G,0,7A69,"WASHINGTON BL","4TH AV",129.00,W,N,A,-,N,,,,,,,,,,Y,2,0,1,3,A,-,03,22350,,F,B,E,E,A,H,-,C,D,0,Y,,,,Y,,-,99,1,0,0,0,1,0,0,0,0,"- ","- ",,,"LOS ANGELES","LOS ANGELES",-118.32168579101562,34.039890289306641
8578292,2018,2018-03-16,1942,2018-01-29,1520,43020,0666,1,5,7,1942,0,0,0,F,0,6A77W2,"SUNSET BL","ARGYLE AV",0.00,W,N,A,-,N,,,,,,,,,,N,2,0,1,2,A,-,11,21954,A,N,G,B,D,A,H,-,A,A,0,Y,,,,Y,,N,60,1,0,0,0,1,0,0,0,0,"- ","- ",,,"LOS ANGELES","LOS ANGELES",-118.32511901855469,34.097999572753906
8578297,2018,2018-03-20,1942,2018-03-01,1850,41462,1526,4,5,7,1942,0,0,0,O,0,15A85,"LANKERSHIM BL","OXNARD ST",0.00,,Y,A,-,N,,,,,,,,,,N,4,0,1,2,A,-,08,22107,,N,G,B,B,A,H,-,B,A,0,Y,,,,Y,,D,22,0,0,1,0,1,0,0,0,0,"- ","- ",,,"LOS ANGELES","LOS ANGELES",-118.38340759277344,34.179420471191406
8578497,2018,2018-03-19,1942,2018-02-23,1905,37575,0806,5,5,7,1942,0,0,0,H,0,14T47,"BEVERLY GLEN BL","SAINT PIERRE RD",86.00,S,N,A,-,N,,,,,,,,,,N,3,0,1,2,A,-,11,21954,A,N,G,B,E,A,H,-,C,D,0,Y,,,,Y,,N,60,0,1,0,0,1,0,0,0,0,"- ","- ",,,"LOS ANGELES","LOS ANGELES",-118.43519592285156,34.085163116455078
8578509,2018,2018-03-19,1942,2018-02-26,1705,37613,0667,1,5,7,1942,0,0,0,F,0,14TL49,"BRONSON AV","SUNSET BL",10.00,N,N,A,-,N,,,,,,,,,,N,4,0,1,2,A,-,10,21950,A,F,G,B,B,A,H,-,A,A,0,Y,,,,Y,,-,99,0,0,1,0,1,0,0,0,0,"- ","- ",,,"LOS ANGELES","LOS ANGELES",-118.3179931640625,34.098068237304688
8578517,2018,2018-03-19,1942,2018-02-13,0945,40157,1457,2,5,7,1942,0,0,0,N,0,8TL35,"STONER AV","CULVER BL",8.00,S,N,A,-,N,,,,,,,,,,N,3,0,1,2,A,-,10,21950,A,N,G,B,B,A,H,-,A,D,0,Y,,,,Y,,A,07,0,1,0,0,1,0,0,0,0,"- ","- ",,,"LOS ANGELES","LOS ANGELES",-118.41664886474609,33.996246337890625
8578554,2018,2018-05-09,1942,2018-02-17,0930,34882,0632,6,5,7,1942,0,0,0,F,0,34M22W,"SUNSET BL","HAYWORTH AV",20.00,W,N,A,-,N,,,,,,,,,,N,3,0,1,2,A,-,10,21950,A,N,G,B,B,A,H,-,A,A,0,Y,,,,Y,,A,01,0,1,0,0,1,0,0,0,0,"- ","- ",,,"LOS ANGELES","LOS ANGELES",-118.36299896240234,34.098030090332031
8578777,2018,2018-03-30,1909,2018-03-14,1608,560,,3,5,4,1909,0,0,0,,0,1909,"IRA AV","GOTHAM ST",0.00,,Y,A,-,N,,,,,,,,,,N,4,0,1,2,A,-,11,21954,A,N,G,B,D,A,H,-,A,D,0,Y,,,,Y,,N,60,0,0,1,0,1,0,0,0,0,"- ","- ",,,"LOS ANGELES","BELL GARDENS",-118.15670776367188,33.960109710693359
8579138,2018,2018-06-20,1938,2018-01-16,1958,230,,2,5,4,1938,0,0,0,,0,003,"BASELINE RD","EMERALD AV",13.00,E,N,A,-,N,,,,,,,,,,N,4,0,1,2,A,-,10,21950,A,N,G,B,B,A,H,-,C,A,0,Y,,,,Y,,A,07,0,0,1,0,1,0,0,0,0,"- ","- ",,,"LOS ANGELES","LA VERNE",-117.76812744140625,34.121669769287109
8579153,2018,2018-03-15,1953,2018-02-28,0513,8981,PASAE,3,5,6,1953,0,0,0,,0,005,"LAKE AV","COLORADO BL",0.00,,Y,A,-,N,,,,,,,,,,N,4,0,1,2,A,-,11,21956,,N,G,B,B,A,H,-,B,D,0,Y,,,,Y,,N,60,0,0,1,0,1,0,0,0,0,"- ","- ",,,"LOS ANGELES",PASADENA,-118.13233947753906,34.145889282226562
8579881,2018,2018-03-20,1942,2018-02-11,2200,42243,1488,7,5,7,1942,0,0,0,N,0,14A67,"MANCHESTER BL","OSAGE AV",40.00,W,N,A,-,N,,,,,,,,,,N,4,0,1,2,A,-,00,21955,A,N,E,B,D,A,H,-,C,D,0,Y,,,,Y,,A,08,0,0,1,0,1,0,0,0,0,"- ","- ",,,"LOS ANGELES","LOS ANGELES",-118.37895202636719,33.959888458251953
8579889,2018,2018-04-04,1942,2018-02-22,1640,41907,0815,4,5,7,1942,0,0,0,H,0,8A29W2,"SUNSET BL","THURSTON AV",0.00,,Y,A,-,N,,,,,,,,,,N,3,0,1,2,A,-,11,21950,B,N,G,B,B,A,H,-,A,A,0,Y,,Y,,Y,,N,60,0,1,0,0,1,0,0,0,0,"- ","- ",,,"LOS ANGELES","LOS ANGELES",-118.46434783935547,34.073970794677734
8579988,2018,2018-03-27,1942,2018-02-23,2050,42792,0154,5,5,7,1942,0,0,0,A,0,1A41,"6TH ST","MAIN ST",90.00,E,N,A,-,N,,,,,,,,,,N,3,0,1,2,A,-,11,21956,A,N,G,B,E,A,H,-,C,D,0,Y,,,,Y,,N,60,0,1,0,0,1,0,0,0,0,"- ","- ",,,"LOS ANGELES","LOS ANGELES",-118.24992370605469,34.045249938964844
8580018,2018,2018-03-21,1931,2018-02-28,0722,5649,1931,3,5,5,1931,0,0,0,,0,004,"GAGE AV","MILES AV",0.00,,Y,A,-,N,,,,,,,,,,N,4,0,1,2,A,-,10,21950,A,N,G,B,B,A,H,-,A,A,0,Y,,,,Y,,A,07,0,0,1,0,1,0,0,0,0,"- ","- ",,,"LOS ANGELES","HUNTINGTON PARK",-118.21914672851562,33.981620788574219
8580034,2018,2018-03-21,1941,2018-02-19,0139,10845,,1,5,7,1941,0,0,0,,0,,"15TH ST","XIMENO AV",0.00,,Y,A,-,N,,,,,,,,,,N,4,0,1,2,D,-,00,,,F,H,B,B,A,H,-,C,D,0,Y,,,,Y,,-,"- ",0,0,1,0,1,0,0,0,0,"- ","- ",,,"LOS ANGELES","LONG BEACH",-118.14151763916016,33.785758972167969
8580333,2018,2018-03-21,1942,2018-01-19,1215,26129,0171,5,5,7,1942,0,0,0,A,0,24W14,"FRANCISCO ST","JAMES M WOOD BL",0.00,,Y,B,-,N,,,,,,,,,,N,4,0,1,2,A,-,10,21950,A,N,G,B,B,A,H,-,A,A,0,Y,,,,Y,,A,01,0,0,1,0,1,0,0,0,0,"- ","- ",,,"LOS ANGELES","LOS ANGELES",-118.26467895507812,34.047000885009766
8580345,2018,2018-03-21,1942,2018-02-18,1640,42975,0409,7,5,7,1942,0,0,0,D,0,4A9,"HUNTINGTON DR N","KENDALL AV",0.00,,Y,A,-,N,,,,,,,,,,,3,0,1,2,A,-,10,21950,C,N,G,B,B,A,H,-,A,A,0,Y,,,,Y,,A,01,0,1,0,0,1,0,0,0,0,"- ","- ",,,"LOS ANGELES","LOS ANGELES",-118.15541076660156,34.09857177734375
8580352,2018,2018-03-22,1942,2018-03-08,1845,37540,1148,4,5,7,1942,0,0,0,K,0,11A37,"NORTH FIGUEROA ST","E AVENUE 45",0.00,,Y,A,-,N,,,,,,,,,,N,3,0,1,2,A,-,10,21950,A,N,G,B,B,A,H,-,C,A,0,Y,,,,Y,Y,A,07,0,1,0,0,1,0,0,0,0,"- ","- ",,,"LOS ANGELES","LOS ANGELES",-118.20716094970703,34.096149444580078
8580353,2018,2018-03-21,1942,2018-02-25,1615,42430,0111,7,5,7,1942,0,0,0,A,0,1A84,"HILL ST","COLLEGE ST",0.00,,Y,A,-,N,,,,,,,,,,N,3,0,1,2,A,-,10,21950,A,N,G,B,B,A,H,-,A,A,0,Y,,,,Y,,A,01,0,1,0,0,1,0,0,0,0,"- ","- ",,,"LOS ANGELES","LOS ANGELES",-118.23872375488281,34.064430236816406
8580355,2018,2018-03-21,1942,2018-03-07,1700,39741,0929,3,5,7,1942,0,0,0,I,0,9X6,"VICTORY BL","VENTURA CANYON BL",30.00,W,N,A,-,N,,,,,,,,,,N,4,0,1,2,A,-,11,21954,A,N,A,B,D,A,H,-,A,D,0,Y,,,,Y,,N,60,0,0,1,0,1,0,0,0,0,"- ","- ",,,"LOS ANGELES","LOS ANGELES",-118.42914581298828,34.186679840087891
8580361,2018,2018-03-21,1942,2018-02-22,1655,34665,162,4,5,7,1942,0,0,0,P,0,1X37,"OLIVE ST","8TH ST",0.00,,Y,A,-,N,,,,,,,,,,N,4,0,1,2,A,-,10,21950,A,N,G,B,B,A,H,-,B,A,0,Y,,,,Y,,A,01,0,0,1,0,1,0,0,0,0,"- ","- ",,,"LOS ANGELES","LOS ANGELES",-118.25686645507812,34.045150756835938
8580363,2018,2018-03-21,1942,2018-03-05,0300,1942,1023,1,5,7,1942,0,0,0,J,0,9A23,"TAMPA AV","KITTRIDGE ST",4.00,N,N,A,-,N,,,,,,,,,,,3,0,1,2,A,-,00,21590,A,N,G,B,B,A,H,-,C,A,0,Y,,,,Y,Y,A,01,0,1,0,0,1,0,0,0,0,"- ","- ",,,"LOS ANGELES","LOS ANGELES",-118.55345153808594,34.190582275390625