CASE_ID,ACCIDENT_YEAR,PROC_DATE,JURIS,COLLISION_DATE,COLLISION_TIME,OFFICER_ID,REPORTING_DISTRICT,DAY_OF_WEEK,CHP_SHIFT,POPULATION,CNTY_CITY_LOC,SPECIAL_COND,BEAT_TYPE,CHP_BEAT_TYPE,CITY_DIVISION_LAPD,CHP_BEAT_CLASS,BEAT_NUMBER,PRIMARY_RD,SECONDARY_RD,DISTANCE,DIRECTION,INTERSECTION,WEATHER_1,WEATHER_2,STATE_HWY_IND,CALTRANS_COUNTY,CALTRANS_DISTRICT,STATE_ROUTE,ROUTE_SUFFIX,POSTMILE_PREFIX,POSTMILE,LOCATION_TYPE,RAMP_INTERSECTION,SIDE_OF_HWY,TOW_AWAY,COLLISION_SEVERITY,NUMBER_KILLED,NUMBER_INJURED,PARTY_COUNT,PRIMARY_COLL_FACTOR,PCF_CODE_OF_VIOL,PCF_VIOL_CATEGORY,PCF_VIOLATION,PCF_VIOL_SUBSECTION,HIT_AND_RUN,TYPE_OF_COLLISION,MVIW,PED_ACTION,ROAD_SURFACE,ROAD_COND_1,ROAD_COND_2,LIGHTING,CONTROL_DEVICE,CHP_ROAD_TYPE,PEDESTRIAN_ACCIDENT,BICYCLE_ACCIDENT,MOTORCYCLE_ACCIDENT,TRUCK_ACCIDENT,NOT_PRIVATE_PROPERTY,ALCOHOL_INVOLVED,STWD_VEHTYPE_AT_FAULT,CHP_VEHTYPE_AT_FAULT,COUNT_SEVERE_INJ,COUNT_VISIBLE_INJ,COUNT_COMPLAINT_PAIN,COUNT_PED_KILLED,COUNT_PED_INJURED,COUNT_BICYCLIST_KILLED,COUNT_BICYCLIST_INJURED,COUNT_MC_KILLED,COUNT_MC_INJURED,PRIMARY_RAMP,SECONDARY_RAMP,LATITUDE,LONGITUDE,COUNTY,CITY,POINT_X,POINT_Y
8591040,2018,2018-04-09,1942,2018-02-28,1905,42969,1259,3,5,7,1942,0,0,0,L,0,12A31,"CENTRAL AV","75TH ST",0.00,,Y,A,-,N,,,,,,,,,,N,3,0,1,2,A,-,11,21950,B,N,G,B,D,-,H,-,D,D,0,Y,,,,Y,Y,N,60,0,1,0,0,1,0,0,0,0,"- ","- ",,,"LOS ANGELES","LOS ANGELES",-118.25643157958984,33.972099304199219
8591073,2018,2018-04-09,1906,2018-03-18,1900,1791,1906,7,5,5,1906,0,0,0,,0,001,"FRANCISQUITO AV","ROBINETTE ST",0.00,,Y,B,-,N,,,,,,,,,,N,4,0,1,2,A,-,10,21950,A,F,G,B,B,A,H,-,C,A,0,Y,,,,Y,,A,01,0,0,1,0,1,0,0,0,0,"- ","- ",,,"LOS ANGELES","BALDWIN PARK",-117.98084259033203,34.073520660400391
8591100,2018,2018-04-09,1942,2018-03-10,1817,40725,1248,6,5,7,1942,0,0,0,L,0,12X52W,"GAGE AV","VERMONT AV",0.00,,Y,C,-,N,,,,,,,,,,N,4,0,1,2,A,-,10,21950,A,F,G,B,B,B,H,-,C,A,0,Y,,,,Y,,-,99,0,0,1,0,1,0,0,0,0,"- ","- ",,,"LOS ANGELES","LOS ANGELES",-118.29154205322266,33.981910705566406
8591204,2018,2018-04-06,1942,2018-03-16,1130,42559,0321,5,5,7,1942,0,0,0,C,0,3A1,"CLEMSON ST","LA CIENEGA BL",0.00,,Y,A,-,N,,,,,,,,,,N,4,0,2,3,A,-,10,21950,A,N,G,B,B,A,H,-,A,A,0,Y,,,,Y,,A,01,0,0,2,0,2,0,0,0,0,"- ","- ",,,"LOS ANGELES","LOS ANGELES",-118.37220001220703,34.024188995361328
8591268,2018,2018-04-06,1942,2018-03-03,2050,40734,1362,6,5,7,1942,0,0,0,M,0,13G22,"MAIN ST","51ST ST",10.00,S,N,A,-,N,,,,,,,,,,N,4,0,1,2,A,-,10,21950,A,N,G,B,B,A,H,-,C,D,0,Y,,,,Y,,A,01,0,0,1,0,1,0,0,0,0,"- ","- ",,,"LOS ANGELES","LOS ANGELES",-118.27397155761719,33.996463775634766
8591376,2018,2018-04-06,1942,2018-03-22,1845,36121,1524,4,5,7,1942,0,0,0,O,0,15U2,"LAUREL CANYON BL","ERWIN ST",5.00,S,N,C,-,N,,,,,,,,,,N,4,0,1,2,A,-,11,21456,B,N,A,B,B,B,H,-,C,A,0,Y,,,,Y,Y,N,60,0,0,1,0,1,0,0,0,0,"- ","- ",,,"LOS ANGELES","LOS ANGELES",-118.39653015136719,34.183086395263672
8591388,2018,2018-04-06,1942,2018-03-25,2310,25095,1583,7,5,7,1942,0,0,0,O,0,15L30,"VENTURA BL","LAUREL CANYON BL",0.00,,Y,A,-,N,,,,,,,,,,N,4,0,1,2,A,-,10,21950,A,N,G,B,B,A,H,-,C,A,0,Y,,,,Y,,A,01,0,0,1,0,1,0,0,0,0,"- ","- ",,,"LOS ANGELES","LOS ANGELES",-118.395263671875,34.143569946289062
8591392,2018,2018-04-06,1942,2018-03-24,1940,39494,1562,6,5,7,1942,0,0,0,O,0,15A3,"MOORPARK ST","COLDWATER CANYON AV",100.00,W,N,A,-,N,,,,,,,,,,N,4,0,1,2,A,-,11,21956,A,N,G,B,E,A,H,-,A,D,0,Y,,,,Y,Y,N,60,0,0,1,0,1,0,0,0,0,"- ","- ",,,"LOS ANGELES","LOS ANGELES",-118.41412353515625,34.150348663330078
8591576,2018,2018-04-18,1900,2018-03-29,1713,610418,1131,4,5,6,1992,0,0,0,,0,111T1,"AVENUE I","5TH ST WEST",295.00,W,N,A,-,N,,,,,,,,,,N,3,0,1,2,A,-,11,21954,A,N,G,B,D,A,H,-,A,D,0,Y,,,,Y,,N,60,0,1,0,0,1,0,0,0,0,"- ","- ",,,"LOS ANGELES",LANCASTER,-118.12252044677734,34.704074859619141
8591696,2018,2018-04-17,1962,2018-03-03,0926,138,1962,6,5,4,1962,0,0,0,,0,014,"DEL MAR AV","MARSHALL ST",11.00,S,N,C,-,N,,,,,,,,,,N,3,0,2,3,A,-,10,21950,A,F,D,B,B,B,C,-,A,A,0,Y,,,,Y,,-,99,0,2,0,0,2,0,0,0,0,"- ","- ",34.075370788574219,-118.09961700439453,"LOS ANGELES","SAN GABRIEL",-118.09956359863281,34.075309753417969
8591704,2018,2018-04-17,1962,2018-03-10,1721,144,1962,6,5,4,1962,0,0,0,,0,004,"TWIN AV","MARSHALL ST",231.00,S,N,B,C,N,,,,,,,,,,N,4,0,2,3,A,-,11,21954,A,N,G,B,E,B,H,-,B,D,0,Y,,,,Y,Y,N,60,0,0,2,0,2,0,0,0,0,"- ","- ",,,"LOS ANGELES","SAN GABRIEL",-118.08958435058594,34.074214935302734
8591723,2018,2018-04-17,1900,2018-01-31,1900,517860,0815,3,5,4,1960,0,0,0,,0,81T2,"BONITA AV","SAN DIMAS CANYON RD",75.00,W,N,A,-,N,,,,,,,,,,Y,3,0,4,6,B,-,22,,,N,A,B,F,A,H,-,C,D,0,Y,,,,Y,,A,01,0,2,2,0,2,0,0,0,0,"- ","- ",,,"LOS ANGELES","SAN DIMAS",-117.79396057128906,34.106681823730469
8591728,2018,2018-04-17,1962,2018-03-23,1110,139,1962,5,5,4,1962,0,0,0,,0,003,"VALLEY BL","PALM AV E",0.00,,Y,A,-,N,,,,,,,,,,N,3,0,1,2,A,-,10,21950,A,N,G,B,B,A,H,-,A,A,0,Y,,,,Y,,A,08,0,1,0,0,1,0,0,0,0,"- ","- ",34.079879760742188,-118.09703063964844,"LOS ANGELES","SAN GABRIEL",-118.097412109375,34.079849243164062
8591746,2018,2018-04-18,1942,2018-03-12,1645,42164,0392,1,5,7,1942,0,0,0,C,0,3A55,"VERNON AV","LEIMERT BL",300.00,W,N,A,-,N,,,,,,,,,,N,4,0,1,2,A,-,11,21955,,N,G,B,D,A,H,-,A,-,0,Y,,,,Y,,N,60,0,0,1,0,1,0,0,0,0,"- ","- ",,,"LOS ANGELES","LOS ANGELES",-118.33182525634766,34.003631591796875
8591750,2018,2018-04-18,1942,2018-03-18,1600,36700,377,7,5,7,1942,0,0,0,,0,3A63,"BUDLONG AV","MARTIN LUTHER KING BL",50.00,N,N,A,-,N,,,,,,,,,,N,3,0,1,2,A,-,21,22106,,F,G,B,F,A,H,-,C,D,0,Y,,,,Y,,-,99,0,1,0,0,1,0,0,0,0,"- ","- ",,,"LOS ANGELES","LOS ANGELES",-118.2958984375,34.011005401611328
8591758,2018,2018-04-18,1942,2018-03-22,0550,39678,0313,4,5,7,1942,0,0,0,C,0,,"ADAMS BL","EDGEHILL DR",0.00,,Y,C,-,N,,,,,,,,,,N,4,0,1,2,A,-,10,21950,A,N,G,B,B,B,H,-,C,A,0,Y,,,,Y,,A,07,0,0,1,0,1,0,0,0,0,"- ","- ",,,"LOS ANGELES","LOS ANGELES",-118.32842254638672,34.032611846923828
8591795,2018,2018-04-13,1900,2018-03-29,1140,600122,126,4,5,6,1992,0,0,0,,0,111T2,"AVENUE L-12","10TH ST WEST",18.00,W,N,A,-,N,,,,,,,,,,N,4,0,1,2,D,-,00,,,N,G,B,B,A,H,-,A,A,0,Y,,,,Y,,-,"- ",0,0,1,0,1,0,0,0,0,"- ","- ",,,"LOS ANGELES",LANCASTER,-118.14775848388672,34.649429321289062
8591796,2018,2018-04-13,1953,2018-03-05,1846,3055,1953,1,5,6,1953,0,0,0,,0,003,"ORANGE GROVE BL","PALO VERDE AV",0.00,,Y,A,-,N,,,,,,,,,,N,4,0,1,2,A,-,08,22107,,N,G,B,D,A,H,-,C,D,0,Y,,,,Y,,A,01,0,0,1,0,1,0,0,0,0,"- ","- ",,,"LOS ANGELES",PASADENA,-118.11054229736328,34.157928466796875
8591800,2018,2018-04-13,1953,2018-03-03,1938,1314,1953,6,5,6,1953,0,0,0,,0,005,"LAKE AV","CORDOVA ST",0.00,,Y,B,C,N,,,,,,,,,,N,3,0,2,3,A,-,10,21950,,N,G,B,B,B,H,-,C,A,0,Y,,,,Y,,A,01,0,1,1,0,2,0,0,0,0,"- ","- ",,,"LOS ANGELES",PASADENA,-118.13240051269531,34.142539978027344
8591887,2018,2018-04-17,1925,2018-03-30,1500,22598,260,5,5,6,1925,0,0,0,,0,002,BROADWAY,"GALLERIA WY",0.00,,Y,A,-,N,,,,,,,,,,N,2,0,1,2,A,-,10,21950,A,F,G,B,B,A,H,-,A,A,0,Y,,,,Y,,A,01,1,0,0,0,1,0,0,0,0,"- ","- ",34.146831512451172,-118.25924682617188,"LOS ANGELES",GLENDALE,-118.25921630859375,34.1468505859375
8591888,2018,2018-04-17,1942,2018-03-24,2110,39280,392,6,5,7,1942,0,0,0,,0,3A92,"SANTA ROSALIA DR","SOMERSET DR",300.00,E,N,A,-,N,,,,,,,,,,N,4,0,1,2,A,-,11,21954,A,M,G,B,E,A,H,-,C,D,0,Y,,,,Y,,N,60,0,0,1,0,1,0,0,0,0,"- ","- ",,,"LOS ANGELES","LOS ANGELES",-118.34046173095703,34.011074066162109
8591909,2018,2018-04-17,1902,2018-03-22,0813,738,14,4,5,5,1902,0,0,0,,0,002,"DIAMOND ST","S 2ND AV",4.00,W,N,C,-,N,,,,,,,,,,N,4,0,1,2,A,-,10,21950,A,N,G,B,D,B,H,-,A,D,0,Y,,,,Y,,A,08,0,0,1,0,1,0,0,0,0,"- ","- ",,,"LOS ANGELES",ARCADIA,-118.025146484375,34.135719299316406
8591916,2018,2018-04-17,1942,2018-03-31,1900,37146,1269,6,5,7,1942,0,0,0,L,0,25T45,"SAN PEDRO ST","82ND ST",105.00,S,N,A,-,N,,,,,,,,,,Y,3,0,1,2,A,-,11,21956,A,F,G,B,D,A,H,-,C,D,0,Y,,,,Y,,N,60,0,1,0,0,1,0,0,0,0,"- ","- ",,,"LOS ANGELES","LOS ANGELES",-118.26953887939453,33.965103149414062
8591956,2018,2018-04-20,1942,2018-03-17,1540,33947,2185,6,5,7,1942,0,0,0,,0,21A73,"VENTURA BL","FARRALONE AV",0.00,,Y,A,-,N,,,,,,,,,,N,3,0,1,2,A,-,10,21950,A,N,G,B,B,A,H,-,A,A,0,Y,,,,Y,,A,01,0,1,0,0,1,0,0,0,0,"- ","- ",,,"LOS ANGELES","LOS ANGELES",-118.61025238037109,34.168720245361328
8592023,2018,2018-04-23,1942,2018-02-09,2145,41009,1347,5,5,7,1942,0,0,0,M,0,13G26,"32ND ST","COMPTON AV",0.00,,Y,A,-,N,,,,,,,,,,N,4,0,1,2,A,-,11,21954,A,F,G,B,E,A,H,-,C,D,0,Y,,,,Y,,-,99,0,0,1,0,1,0,0,0,0,"- ","- ",,,"LOS ANGELES","LOS ANGELES",-118.24844360351562,34.012821197509766
8592035,2018,2018-04-13,1942,2018-02-09,1845,34426,0415,5,5,7,1942,0,0,0,D,0,4A15,"EASTLAKE AV","ALTURA ST",0.00,,Y,A,-,N,,,,,,,,,,N,3,0,1,2,A,-,10,21950,A,N,G,-,B,A,H,-,C,A,0,Y,,,,Y,,A,01,0,1,0,0,1,0,0,0,0,"- ","- ",,,"LOS ANGELES","LOS ANGELES",-118.20786285400391,34.075538635253906
8592039,2018,2018-04-13,1942,2018-02-21,1650,39759,0424,3,5,7,1942,0,0,0,D,0,4A15,"MULTNOMAH ST","N SOTO ST",0.00,,Y,A,-,N,,,,,,,,,,Y,3,0,1,2,A,-,10,21950,A,N,G,B,B,A,H,-,A,A,0,Y,,,,Y,,A,07,0,1,0,0,1,0,0,0,0,"- ","- ",,,"LOS ANGELES","LOS ANGELES",-118.19522094726562,34.068988800048828
8592047,2018,2018-04-13,1942,2018-02-02,2240,41954,0357,5,5,7,1942,0,0,0,C,0,3A63,"VERMONT AV","EXPOSITION BL",0.00,,Y,A,-,N,,,,,,,,,,N,3,0,1,2,A,-,11,21950,B,N,G,B,B,A,H,-,C,A,0,Y,,,,Y,,N,60,0,1,0,0,1,0,0,0,0,"- ","- ",,,"LOS ANGELES","LOS ANGELES",-118.29152679443359,34.018348693847656
8592202,2018,2018-04-24,1942,2018-03-05,0940,38357,0138,1,5,7,1942,0,0,0,A,0,1A29,"4TH ST","SAN PEDRO",135.00,,N,A,-,N,,,,,,,,,,N,3,0,1,2,A,-,11,21956,A,N,G,B,E,A,H,-,A,D,0,Y,,,,Y,,N,60,0,1,0,0,1,0,0,0,0,"- ","- ",,,"LOS ANGELES","LOS ANGELES",-118.24300384521484,34.045848846435547
8592290,2018,2018-04-16,1942,2018-03-23,1715,36865,0529,5,5,7,1942,0,0,0,E,0,5XL3,"ANAHEIM ST","FLINT AV",10.00,S,N,A,-,N,,,,,,,,,,N,4,0,1,2,A,-,10,21950,A,N,G,B,-,A,H,-,B,D,0,Y,,,,Y,,A,01,0,0,1,0,1,0,0,0,0,"- ","- ",,,"LOS ANGELES","LOS ANGELES",-118.24946594238281,33.780677795410156
8592334,2018,2018-04-18,1942,2018-03-28,1930,42911,946,3,5,7,1942,0,0,0,,0,9A5,"OXNARD ST","RACHITO AV",0.00,,Y,A,-,N,,,,,,,,,,N,4,0,1,2,A,-,10,21950,A,N,G,B,B,A,H,-,A,D,0,Y,,,,Y,,A,01,0,0,1,0,1,0,0,0,0,"- ","- ",,,"LOS ANGELES","LOS ANGELES",-118.43562316894531,34.179401397705078
8592398,2018,2018-04-18,1942,2018-03-24,1040,41749,21A97,6,5,7,1942,0,0,0,,0,2143,"VICTORY BL","FALLBROOK AV",25.00,W,N,A,-,N,,,,,,,,,,Y,4,0,1,2,A,-,03,22350,,N,A,B,F,A,-,-,A,D,0,Y,,,,Y,,A,01,0,0,1,0,1,0,0,0,0,"- ","- ",,,"LOS ANGELES","LOS ANGELES",-118.62347412109375,34.186458587646484
8592583,2018,2018-04-09,1942,2018-03-06,0745,37398,1144,2,5,7,1942,0,0,0,K,0,11A71,GLENDALE,BRIER,49.00,N,N,A,-,N,,,,,,,,,,N,4,0,1,2,B,-,22,,,N,C,B,F,A,H,-,A,D,0,Y,,,,Y,,A,01,0,0,1,0,1,0,0,0,0,"- ","- ",,,"LOS ANGELES","LOS ANGELES",-118.25923156738281,34.100284576416016
8592607,2018,2018-04-09,1942,2018-03-16,2020,42860,0449,5,5,7,1942,0,0,0,D,0,1A35,"MARENGO ST","TREMONT ST",359.00,W,N,C,-,N,,,,,,,,,,N,4,0,1,3,A,-,03,22350,,F,B,C,E,B,H,-,C,D,0,Y,,,,Y,,-,99,0,0,1,0,1,0,0,0,0,"- ","- ",,,"LOS ANGELES","LOS ANGELES",-118.19899749755859,34.054500579833984
8592645,2018,2018-04-09,1942,2018-03-21,2000,42829,1004,3,5,7,1942,0,0,0,J,0,10A39,"SHERMAN WAY","SHERMAN WY",18.00,N,N,C,-,N,,,,,,,,,,N,4,0,1,2,A,-,08,22107,,N,H,B,B,B,H,-,C,A,0,Y,,,,Y,,A,01,0,0,1,0,1,0,0,0,0,"- ","- ",,,"LOS ANGELES","LOS ANGELES",-118.63893127441406,34.196857452392578
8592646,2018,2018-04-05,1942,2018-03-26,1730,35433,1078,1,5,7,1942,0,0,0,J,0,10A99,"HARTSOOK ST","HAYVENHURST AV",0.00,,Y,A,-,N,,,,,,,,,,N,3,0,1,2,A,-,10,21950,A,N,G,B,B,A,H,-,A,D,0,Y,,,,Y,,A,07,0,1,0,0,1,0,0,0,0,"- ","- ",,,"LOS ANGELES","LOS ANGELES",-118.49236297607422,34.163551330566406
8592651,2018,2018-04-05,1942,2018-03-09,0855,39272,1028,5,5,7,1942,0,0,0,J,0,10A39,"SHERMAN WY","WHITAKER AV",0.00,,Y,A,-,N,,,,,,,,,,N,3,0,1,2,A,-,10,21950,,N,G,B,B,A,H,-,A,-,0,Y,,,,Y,,A,01,0,1,0,0,1,0,0,0,0,"- ","- ",,,"LOS ANGELES","LOS ANGELES",-118.49784851074219,34.201221466064453
8592670,2018,2018-04-05,1942,2018-03-20,1445,39048,1075,2,5,7,1942,0,0,0,J,0,10A99,"ALONZO AV","VENTURA BL",3.00,S,N,B,-,N,,,,,,,,,,N,4,0,1,2,A,-,11,21950,B,N,G,B,B,A,H,-,A,A,0,Y,,,,Y,,N,60,0,0,1,0,1,0,0,0,0,"- ","- ",,,"LOS ANGELES","LOS ANGELES",-118.52024841308594,34.162879943847656
8592678,2018,2018-04-06,1941,2018-03-14,0840,5546,,3,5,7,1941,0,0,0,,0,,BELLFLOWER,"ANAHEIM RD",0.00,,Y,B,-,N,,,,,,,,,,N,4,0,1,2,A,-,03,22350,,N,G,-,B,A,H,-,A,A,0,Y,,,,Y,,A,,0,0,1,0,1,0,0,0,0,"- ","- ",,,"LOS ANGELES","LONG BEACH",-118.1224365234375,33.779449462890625
8592698,2018,2018-04-05,1942,2018-03-22,1340,42344,1039,4,5,7,1942,0,0,0,J,0,10A39,"VANOWEN ST","WOODLEY AV",0.00,,Y,C,-,N,,,,,,,,,,N,3,0,1,3,A,-,04,21703,,F,C,B,B,B,H,-,A,A,0,Y,,,,Y,,-,99,0,1,0,0,1,0,0,0,0,"- ","- ",,,"LOS ANGELES","LOS ANGELES",-118.48365783691406,34.19390869140625
8592826,2018,2018-04-16,1942,2018-03-22,1900,42721,1029,4,5,7,1942,0,0,0,J,0,17A23,"VANOWEN ST","GLORIA AV",50.00,S,N,C,-,N,,,,,,,,,,N,3,0,1,3,A,-,11,21956,A,N,G,B,E,B,-,-,C,D,0,Y,,,,Y,,N,60,0,1,0,0,1,0,0,0,0,"- ","- ",,,"LOS ANGELES","LOS ANGELES",-118.47930145263672,34.19390869140625
8592885,2018,2018-04-09,1941,2018-01-26,0910,11121,,5,5,7,1941,0,0,0,,0,,"ALAMITOS AV","7TH ST",0.00,,Y,A,-,N,,,,,,,,,,N,4,0,1,3,A,-,10,21950,A,F,G,B,B,A,H,-,A,A,0,Y,,,,Y,,D,,0,0,1,0,1,0,0,0,0,"- ","- ",,,"LOS ANGELES","LONG BEACH",-118.18019866943359,33.775341033935547
8592968,2018,2018-04-10,1948,2018-01-31,1602,374,1948,3,5,5,1948,0,0,0,,0,004,"ORANGE AV","NEWMARK AV",0.00,,Y,A,-,N,,,,,,,,,,N,3,0,1,2,A,-,10,21950,A,N,G,B,-,A,H,-,A,A,0,Y,,,,Y,,N,60,0,1,0,0,1,0,0,0,0,"- ","- ",,,"LOS ANGELES","MONTEREY PARK",-118.1124267578125,34.059841156005859
8593013,2018,2018-04-09,1900,2018-03-09,1813,602041,2321,5,5,5,1919,0,0,0,,0,230A,"GRIDLEY RD","SOUTH ST",777.00,N,N,A,-,N,,,,,,,,,,N,3,0,1,2,A,-,11,21954,A,N,G,B,D,A,H,-,B,D,0,Y,,,,Y,,N,60,0,1,0,0,1,0,0,0,0,"- ","- ",,,"LOS ANGELES",CERRITOS,-118.09098052978516,33.860630035400391
8593015,2018,2018-04-10,1900,2018-01-31,0820,600700,2115,3,5,5,1943,0,0,0,,0,212K,"ATLANTIC AV","ABBOTT RD",0.00,,Y,A,-,N,,,,,,,,,,N,2,0,1,2,A,-,10,21950,A,N,G,B,-,A,H,-,A,A,0,Y,,,,Y,,A,01,1,0,0,0,1,0,0,0,0,"- ","- ",,,"LOS ANGELES",LYNWOOD,-118.18247222900391,33.933971405029297
8593016,2018,2018-04-12,1942,2018-02-23,1435,40024,0905,5,5,7,1942,0,0,0,I,0,35M86,"WYANDOTTE ST","KESTER AV",0.00,,Y,A,-,N,,,,,,,,,,N,4,0,1,2,A,-,11,21954,A,N,G,B,B,A,H,-,A,D,0,Y,,,,Y,,A,01,0,0,1,0,1,0,0,0,0,"- ","- ",,,"LOS ANGELES","LOS ANGELES",-118.45745849609375,34.202999114990234
8593020,2018,2018-04-11,1942,2018-02-20,1815,37069,1454,2,5,7,1942,0,0,0,N,0,A25,"LINCOLN BL","CULVER BL",300.00,N,N,A,-,N,,,,,,,,,,N,2,0,1,2,A,-,11,21954,A,N,A,B,D,A,H,-,C,D,0,Y,,,,Y,,A,01,1,0,0,0,1,0,0,0,0,"- ","- ",,,"LOS ANGELES","LOS ANGELES",-118.43373107910156,33.976615905761719
8593024,2018,2018-04-11,1942,2018-02-18,1450,42451,1468,7,5,7,1942,0,0,0,N,0,20T56,"ALLIN ST","INGLEWOOD BL",135.00,E,N,A,-,N,,,,,,,,,,N,3,0,1,2,A,-,11,21954,A,F,G,B,E,A,H,-,A,D,0,Y,,,,Y,,N,60,0,1,0,0,1,0,0,0,0,"- ","- ",,,"LOS ANGELES","LOS ANGELES",-118.41290283203125,33.991668701171875
8593056,2018,2018-04-13,1942,2018-03-01,1805,40615,2069,4,5,7,1942,0,0,0,,0,20A44,"PICO BL","MENLO AV",0.00,,Y,A,-,N,,,,,,,,,,N,3,0,1,2,A,-,10,21950,A,N,A,B,B,A,H,-,C,A,0,Y,,,,Y,,A,07,0,1,0,0,1,0,0,0,0,"- ","- ",,,"LOS ANGELES","LOS ANGELES",-118.29071044921875,34.047271728515625
8593093,2018,2018-04-10,1941,2018-02-23,0800,5737,,5,5,7,1941,0,0,0,,0,,"WILLOW ST","FASHION AV",0.00,,Y,A,-,N,,,,,,,,,,N,4,0,1,2,A,-,09,21802,A,N,D,B,B,A,H,-,A,A,0,Y,,,,Y,,A,,0,0,1,0,1,0,0,0,0,"- ","- ",,,"LOS ANGELES","LONG BEACH",-118.20896148681641,33.804389953613281
8593096,2018,2018-04-13,1942,2018-03-02,0915,37846,1142,5,5,7,1942,0,0,0,K,0,1137,"LOS FELIZ BL","HILLHURST AV",0.00,,Y,C,-,N,,,,,,,,,,N,3,0,1,2,A,-,10,21950,A,N,G,B,B,B,H,-,A,A,0,Y,,,,Y,,-,,0,1,0,0,1,0,0,0,0,"- ","- ",,,"LOS ANGELES","LOS ANGELES",-118.28743743896484,34.111888885498047
8593169,2018,2018-04-30,1941,2018-03-22,0551,11112,,4,5,7,1941,0,0,0,,0,,"ANAHEIM ST","ALAMITOS AV",0.00,,Y,C,-,N,,,,,,,,,,N,4,0,1,2,D,-,00,,,N,G,B,B,B,H,-,B,A,0,Y,,,,Y,,-,"- ",0,0,1,0,1,0,0,0,0,"- ","- ",,,"LOS ANGELES","LONG BEACH",-118.17797088623047,33.782611846923828
8593174,2018,2018-04-09,1941,2018-03-28,1727,5854,901T,3,5,7,1941,0,0,0,,0,,"LONG BEACH BL","7TH ST",0.00,,Y,A,-,N,,,,,,,,,,N,3,0,1,2,A,-,09,21453,B,N,G,B,-,A,H,-,A,A,0,Y,,,,Y,,N,60,0,1,0,0,1,0,0,0,0,"- ","- ",,,"LOS ANGELES","LONG BEACH",-118.18946075439453,33.775341033935547
8593457,2018,2018-04-06,1942,2018-03-10,1745,37323,RED-0,6,5,7,1942,0,0,0,,0,6A48,"VINE ST","HOLLYWOOD BL",0.00,,Y,C,-,N,,,,,,,,,,Y,4,0,1,3,A,-,11,21453,D,N,G,B,B,B,H,-,B,A,0,Y,,,,Y,,N,60,0,0,1,0,0,0,0,0,0,"- ","- ",,,"LOS ANGELES","LOS ANGELES",-118.32666015625,34.101600646972656
8593490,2018,2018-08-10,1956,2018-03-15,1727,1301,16,4,5,5,1956,0,0,0,,0,002,"RT 1","GARNET ST",0.00,,Y,A,-,Y,LA,7,1,-,-,19.651,I,5,S,N,3,0,1,2,A,-,10,21950,A,N,G,B,B,A,H,-,A,A,0,Y,,,,Y,,A,01,0,1,0,0,1,0,0,0,0,"- ","- ",,,"LOS ANGELES","REDONDO BEACH",-118.38559722900391,33.840198516845703
8593506,2018,2018-04-09,1942,2018-03-20,1350,32740,1549,2,5,7,1942,0,0,0,O,0,15SL03,"LANKERSHIM BL","CHANDLER BL",20.00,E,N,A,-,N,,,,,,,,,,N,3,0,1,2,A,-,11,21456,B,N,G,B,B,A,H,-,A,A,0,Y,,,,Y,,N,60,0,1,0,0,1,0,0,0,0,"- ","- ",,,"LOS ANGELES","LOS ANGELES",-118.37703704833984,34.168849945068359
8593657,2018,2018-04-17,1942,2018-03-27,1113,39619,RD045,2,5,7,1942,0,0,0,,0,4A53,"BRIDGE ST","STATE ST",24.00,W,N,A,-,N,,,,,,,,,,N,3,0,1,2,D,-,00,,,N,G,B,E,A,H,-,A,D,0,Y,,,,Y,,-,"- ",0,1,0,0,0,0,0,0,0,"- ","- ",,,"LOS ANGELES","LOS ANGELES",-118.21466064453125,34.051040649414062
8593677,2018,2018-04-20,1942,2018-03-20,1210,43211,0499,2,5,7,1942,0,0,0,D,0,4A53,"OLYMPIC BL","INDIANA ST",0.00,,Y,A,-,N,,,,,,,,,,N,4,0,1,2,A,-,10,21950,A,N,G,B,B,A,B,-,A,A,0,Y,,,,Y,,A,01,0,0,1,0,1,0,0,0,0,"- ","- ",,,"LOS ANGELES","LOS ANGELES",-118.19225311279297,34.01885986328125
8593683,2018,2018-04-16,1942,2018-03-30,1525,40643,0174,5,5,7,1942,0,0,0,A,0,1A85,"LOS ANGELES ST","8TH ST",90.00,N,N,A,-,N,,,,,,,,,,N,4,0,1,2,A,-,11,21956,A,N,G,B,E,A,H,-,A,A,0,Y,,,,Y,,A,01,0,0,1,0,1,0,0,0,0,"- ","- ",,,"LOS ANGELES","LOS ANGELES",-118.25208000000001,34.042050000000003
8593743,2018,2018-04-16,1942,2018-03-20,1055,34458,0111,2,5,7,1942,0,0,0,A,0,1A1,"ALPINE ST","YALE ST",4.00,W,N,A,-,N,,,,,,,,,,N,3,0,1,2,A,-,10,21950,A,N,G,B,B,A,H,-,A,A,0,Y,,,,Y,,A,01,0,1,0,0,1,0,0,0,0,"- ","- ",,,"LOS ANGELES","LOS ANGELES",-118.2408447265625,34.063194274902344
8593951,2018,2018-04-19,1900,2018-02-26,1936,526025,1365,1,5,5,1952,0,0,0,,0,133T2,"CENTURY BL","LAKEWOOD BL",150.00,W,N,A,-,N,,,,,,,,,,N,3,0,1,2,A,-,11,21954,A,N,G,B,D,A,H,-,C,A,0,Y,,,,Y,,N,60,0,1,0,0,1,0,0,0,0,"- ","- ",,,"LOS ANGELES",PARAMOUNT,-118.14337921142578,33.902580261230469