CASE_ID,ACCIDENT_YEAR,PROC_DATE,JURIS,COLLISION_DATE,COLLISION_TIME,OFFICER_ID,REPORTING_DISTRICT,DAY_OF_WEEK,CHP_SHIFT,POPULATION,CNTY_CITY_LOC,SPECIAL_COND,BEAT_TYPE,CHP_BEAT_TYPE,CITY_DIVISION_LAPD,CHP_BEAT_CLASS,BEAT_NUMBER,PRIMARY_RD,SECONDARY_RD,DISTANCE,DIRECTION,INTERSECTION,WEATHER_1,WEATHER_2,STATE_HWY_IND,CALTRANS_COUNTY,CALTRANS_DISTRICT,STATE_ROUTE,ROUTE_SUFFIX,POSTMILE_PREFIX,POSTMILE,LOCATION_TYPE,RAMP_INTERSECTION,SIDE_OF_HWY,TOW_AWAY,COLLISION_SEVERITY,NUMBER_KILLED,NUMBER_INJURED,PARTY_COUNT,PRIMARY_COLL_FACTOR,PCF_CODE_OF_VIOL,PCF_VIOL_CATEGORY,PCF_VIOLATION,PCF_VIOL_SUBSECTION,HIT_AND_RUN,TYPE_OF_COLLISION,MVIW,PED_ACTION,ROAD_SURFACE,ROAD_COND_1,ROAD_COND_2,LIGHTING,CONTROL_DEVICE,CHP_ROAD_TYPE,PEDESTRIAN_ACCIDENT,BICYCLE_ACCIDENT,MOTORCYCLE_ACCIDENT,TRUCK_ACCIDENT,NOT_PRIVATE_PROPERTY,ALCOHOL_INVOLVED,STWD_VEHTYPE_AT_FAULT,CHP_VEHTYPE_AT_FAULT,COUNT_SEVERE_INJ,COUNT_VISIBLE_INJ,COUNT_COMPLAINT_PAIN,COUNT_PED_KILLED,COUNT_PED_INJURED,COUNT_BICYCLIST_KILLED,COUNT_BICYCLIST_INJURED,COUNT_MC_KILLED,COUNT_MC_INJURED,PRIMARY_RAMP,SECONDARY_RAMP,LATITUDE,LONGITUDE,COUNTY,CITY,POINT_X,POINT_Y
8594005,2018,2018-04-17,1942,2018-03-14,0755,39708,0525,3,5,7,1942,0,0,0,E,0,0LA,"E ST","N FRIES AV",10.00,W,N,A,-,N,,,,,,,,,,N,4,0,1,2,A,-,12,22450,A,N,G,B,B,A,H,-,A,D,0,Y,,,,Y,,A,07,0,0,1,0,1,0,0,0,0,"- ","- ",,,"LOS ANGELES","LOS ANGELES",-118.2647705078125,33.775516510009766
8594096,2018,2018-04-18,1900,2018-03-29,0730,522303,2612,4,5,6,1950,0,0,0,,0,261T1,"25TH ST WEST","REDINGTON ST",0.00,,Y,A,-,N,,,,,,,,,,N,4,0,1,2,A,-,10,21950,A,N,G,B,B,A,H,-,A,A,0,Y,,,,Y,,A,01,0,0,1,0,1,0,0,0,0,"- ","- ",34.587490081787109,-118.17415618896484,"LOS ANGELES",PALMDALE,-118.17400360107422,34.587581634521484
8594131,2018,2018-04-19,1900,2018-03-12,0830,475320,1365,1,5,5,1952,0,0,0,,0,139G6P,"PARAMOUNT BL","2ND ST",0.00,,Y,A,-,N,,,,,,,,,,N,4,0,1,2,A,-,03,22350,,M,G,B,B,A,H,-,A,A,0,Y,,,,Y,Y,A,01,0,0,1,0,1,0,0,0,0,"- ","- ",,,"LOS ANGELES",PARAMOUNT,-118.16021728515625,33.898231506347656
8594176,2018,2018-04-19,1975,2018-04-06,1055,678,,5,5,6,1975,0,0,0,,0,002,"WORKMAN AV",BARRANCA,175.00,W,N,A,-,N,,,,,,,,,,N,4,0,1,2,A,-,11,21954,A,N,G,B,B,A,H,-,A,D,0,Y,,,,Y,,N,60,0,0,1,0,1,0,0,0,0,"- ","- ",,,"LOS ANGELES","WEST COVINA",-117.88186645507812,34.075271606445312
8594393,2018,2018-04-20,1942,2018-04-10,1800,38273,1999,2,5,7,1942,0,0,0,,0,19A93,"STRATHERN ST","WOODMAN AV",100.00,E,N,A,-,N,,,,,,,,,,N,4,0,1,2,A,-,11,21954,A,F,G,B,E,A,H,-,A,D,0,Y,,,,Y,,N,60,0,0,1,0,1,0,0,0,0,"- ","- ",,,"LOS ANGELES","LOS ANGELES",-118.43113708496094,34.215648651123047
8594397,2018,2018-04-20,1942,2018-04-05,1620,31688,1621,4,5,7,1942,0,0,0,P,0,16A11,"FILMORE ST","LAUREL CANYON BL",0.00,,Y,A,-,N,,,,,,,,,,N,4,0,1,2,A,-,09,21453,B,F,G,B,B,A,H,-,A,A,0,Y,,,,Y,,-,99,0,0,1,0,1,0,0,0,0,"- ","- ",,,"LOS ANGELES","LOS ANGELES",-118.43524932861328,34.261760711669922
8594653,2018,2018-04-24,1941,2018-03-23,1624,5497,,5,5,7,1941,0,0,0,,0,,"7TH ST","MARTIN LUTHER KING",0.00,,Y,A,-,N,,,,,,,,,,N,4,0,1,2,A,-,00,20001,,F,G,B,B,A,H,-,A,A,0,Y,,,,Y,,A,,0,0,1,0,1,0,0,0,0,"- ","- ",,,"LOS ANGELES","LONG BEACH",-118.18067932128906,33.775341033935547
8594665,2018,2018-04-24,1941,2018-03-03,1125,10916,,6,5,7,1941,0,0,0,,0,,"ATLANTIC AV","ATLANTIC AV 185",0.00,,N,A,-,N,,,,,,,,,,N,3,0,1,2,D,-,00,,,F,G,B,E,A,H,-,A,D,0,Y,,,,Y,,-,"- ",0,1,0,0,1,0,0,0,0,"- ","- ",,,"LOS ANGELES","LONG BEACH",-118.18505,33.769013000000001
8594836,2018,2018-05-09,1900,2018-03-23,1319,507487,1628,5,5,5,1977,0,0,0,,0,166T,"AVALON BL","220TH ST",0.00,,Y,A,-,N,,,,,,,,,,N,4,0,1,2,A,-,10,21950,A,N,G,B,B,A,H,-,A,A,0,Y,,,,Y,,A,01,0,0,1,0,1,0,0,0,0,"- ","- ",,,"LOS ANGELES",CARSON,-118.263625,33.827851000000003
8594861,2018,2018-04-24,1955,2018-03-08,0425,41186,96,4,5,6,1955,0,0,0,,0,004,"TOWNE AV","2ND ST",3.00,N,N,A,-,N,,,,,,,,,,N,4,0,1,2,A,-,00,21456,O,N,G,B,B,A,H,-,C,A,0,Y,,,,Y,,N,60,0,0,1,0,1,0,0,0,0,"- ","- ",,,"LOS ANGELES",POMONA,-117.74141693115234,34.058029174804688
8594883,2018,2018-04-23,1942,2018-04-10,2130,32774,1984,2,5,7,1942,0,0,0,,0,19A85,"RAYEN ST","KESTER AV",100.00,W,N,A,-,N,,,,,,,,,,N,3,0,1,2,A,-,11,21954,A,F,G,B,D,A,H,-,D,D,0,Y,,,,Y,,N,60,0,1,0,0,1,0,0,0,0,"- ","- ",,,"LOS ANGELES","LOS ANGELES",-118.45783233642578,34.231822967529297
8594943,2018,2018-04-23,1942,2018-04-06,2305,41198,0957,5,5,7,1942,0,0,0,I,0,9A63,"WOODMAN AV","CHANDLER BL",0.00,,Y,A,-,N,,,,,,,,,,N,3,0,1,2,A,-,10,21950,A,N,G,B,B,A,H,-,C,A,0,Y,,,,Y,,A,07,0,1,0,0,1,0,0,0,0,"- ","- ",,,"LOS ANGELES","LOS ANGELES",-118.43125152587891,34.168560028076172
8595001,2018,2018-04-27,1941,2018-03-13,1451,5615,,2,5,7,1941,0,0,0,,0,,"ANAHEIM ST","EUCLID AV",21.00,W,N,B,-,N,,,,,,,,,,N,3,0,1,2,A,-,11,21954,A,N,G,B,E,A,H,-,A,D,0,Y,,,,Y,,N,,0,1,0,0,1,0,0,0,0,"- ","- ",,,"LOS ANGELES","LONG BEACH",-118.14932250976562,33.782611846923828
8595092,2018,2018-04-25,1942,2018-02-11,0950,30380,0111,7,5,7,1942,0,0,0,A,0,1A1,"NORTH GRAND AV","WEST ALPINE ST",0.00,,Y,A,-,N,,,,,,,,,,N,3,0,1,2,A,-,10,21950,A,N,G,B,B,A,H,-,A,A,0,Y,,,,Y,Y,A,01,0,1,0,0,1,0,0,0,0,"- ","- ",,,"LOS ANGELES","LOS ANGELES",-118.24342346191406,34.063510894775391
8595377,2018,2018-04-26,1941,2018-04-07,1452,11097,,6,5,7,1941,0,0,0,,0,001,"6TH AV","LONG BEACH BL",0.00,,Y,A,-,N,,,,,,,,,,N,4,0,1,2,A,-,11,21950,B,N,D,B,B,A,H,-,A,A,0,Y,,,,Y,,N,,0,0,1,0,1,0,0,0,0,"- ","- ",,,"LOS ANGELES","LONG BEACH",-118.18949127197266,33.774150848388672
8595389,2018,2018-04-27,1941,2018-04-09,1440,1117,,1,5,7,1941,0,0,0,,0,,"ANAHEIM ST","LINDEN AV",0.00,,Y,A,-,N,,,,,,,,,,N,4,0,1,2,A,-,12,22450,A,M,G,B,B,A,H,-,A,D,0,Y,,,,Y,,A,,0,0,1,0,1,0,0,0,0,"- ","- ",,,"LOS ANGELES","LONG BEACH",-118.18666839599609,33.782611846923828
8595422,2018,2018-04-27,1925,2018-04-13,2150,25703,191,5,5,6,1925,0,0,0,,0,004,BROADWAY,"BRAND BL",0.00,,Y,A,-,N,,,,,,,,,,N,4,0,2,3,A,-,11,21456,B,M,G,B,B,A,H,-,A,A,0,Y,,,,Y,,-,"- ",0,0,2,0,2,0,0,0,0,"- ","- ",,,"LOS ANGELES",GLENDALE,-118.25508880615234,34.146251678466797
8595439,2018,2018-05-08,1900,2018-04-10,1645,622059,1122,2,5,6,1992,0,0,0,,0,111T1,"LANCASTER BL","DATE AV",134.00,E,N,A,-,N,,,,,,,,,,N,3,0,1,2,A,-,03,22350,,N,G,B,C,A,H,-,A,D,0,Y,,,,Y,,A,01,0,1,0,0,1,0,0,0,0,"- ","- ",,,"LOS ANGELES",LANCASTER,-118.14035797119141,34.698078155517578
8595474,2018,2018-04-26,1900,2018-03-16,1520,509500,0617,5,5,6,1985,0,0,0,,0,61T1,"MAY WY","CITY LIGHT CT",320.00,W,N,A,-,N,,,,,,,,,,N,3,0,1,2,A,-,11,21955,,N,G,B,-,A,H,-,A,D,0,Y,,,,Y,,N,60,0,1,0,0,1,0,0,0,0,"- ","- ",34.406929016113281,-118.48171997070312,"LOS ANGELES","SANTA CLARITA",-118.48183441162109,34.407318115234375
8595478,2018,2018-04-26,1900,2018-03-17,0925,607120,0625,6,5,6,1985,0,0,0,,0,62T1,"9TH ST","MAIN ST",0.00,,Y,A,-,N,,,,,,,,,,N,4,0,1,2,A,-,10,21950,A,N,G,B,-,A,H,-,A,D,0,Y,,,,Y,,A,07,0,0,1,0,1,0,0,0,0,"- ","- ",34.380619049072266,-118.52935028076172,"LOS ANGELES","SANTA CLARITA",-118.52928924560547,34.380500793457031
8595502,2018,2018-04-26,1941,2018-03-29,1653,10022,,4,5,7,1941,0,0,0,,0,,"3RD ST","ORANGE AV",0.00,,Y,A,-,N,,,,,,,,,,N,2,0,1,2,-,-,"- ",,,N,G,B,-,A,H,-,A,A,0,Y,,,,Y,,-,"- ",1,0,0,0,1,0,0,0,0,"- ","- ",,,"LOS ANGELES","LONG BEACH",-118.17652130126953,33.770160675048828
8595572,2018,2018-05-09,1900,2018-04-05,1115,523421,0621,4,5,6,1985,0,0,0,,0,64T1,"MCBEAN PKWY","VALENCIA BL",15.00,N,N,A,-,N,,,,,,,,,,N,3,0,1,2,A,-,10,21950,A,N,G,B,B,A,H,-,A,A,0,Y,,,,Y,,A,01,0,1,0,0,1,0,0,0,0,"- ","- ",34.413230895996094,-118.55982971191406,"LOS ANGELES","SANTA CLARITA",-118.56000518798828,34.413299560546875
8595802,2018,2018-04-18,1956,2018-03-27,1435,1292,53,2,5,5,1956,0,0,0,,0,004,"PHELAN LN","NELSON AV",55.00,N,N,A,-,N,,,,,,,,,,N,4,0,1,2,A,-,11,21954,A,N,G,-,D,A,H,-,A,D,0,Y,,,,Y,,N,60,0,0,1,0,1,0,0,0,0,"- ","- ",,,"LOS ANGELES","REDONDO BEACH",-118.36644744873047,33.874881744384766
8595841,2018,2018-04-17,1942,2018-02-16,1900,41496,2146,5,5,7,1942,0,0,0,,0,21A2W5,"SHERMAN WY","ALABAMA AV",0.00,,N,A,-,N,,,,,,,,,,N,3,0,1,2,A,-,10,21950,A,N,G,B,D,A,H,-,D,D,0,Y,,,,Y,Y,A,01,0,1,0,0,1,0,0,0,0,"- ","- ",,,"LOS ANGELES","LOS ANGELES",-118.59902191162109,34.201030731201172
8595948,2018,2018-04-16,1942,2018-03-20,1942,42460,1999,2,5,7,1942,0,0,0,,0,19A93,"WOODMAN AV","WILLARD ST",150.00,N,N,B,-,N,,,,,,,,,,N,4,0,1,2,B,-,22,,,N,G,B,F,A,H,-,C,D,0,Y,,,,Y,,A,01,0,0,1,0,1,0,0,0,0,"- ","- ",,,"LOS ANGELES","LOS ANGELES",-118.43099212646484,34.218116760253906
8596000,2018,2018-04-16,1942,2018-03-16,2000,36169,1791,5,5,7,1942,0,0,0,Q,0,17XL47,"DE SOTO AV","BRYANT ST",0.00,,Y,B,-,N,,,,,,,,,,N,3,0,1,2,A,-,00,21451,,F,G,B,D,B,-,-,C,D,0,Y,,,,Y,,-,99,0,1,0,0,1,0,0,0,0,"- ","- ",,,"LOS ANGELES","LOS ANGELES",-118.58851623535156,34.226959228515625
8596001,2018,2018-04-16,1942,2018-03-10,1855,42251,1611,6,5,7,1942,0,0,0,P,0,16A11,"DESMOND ST","BRADLEY AV",405.00,E,N,B,C,N,,,,,,,,,,N,3,0,1,2,D,-,00,,,N,G,B,D,B,H,-,D,D,0,Y,,,,Y,,-,"- ",0,1,0,0,1,0,0,0,0,"- ","- ",,,"LOS ANGELES","LOS ANGELES",-118.42545318603516,34.277366638183594
8596010,2018,2018-04-16,1942,2018-03-17,2115,42044,LAPDD,6,5,7,1942,0,0,0,,0,17X22,"CORBIN AV","BAHAMA ST",0.00,,Y,A,-,N,,,,,,,,,,N,3,0,1,2,A,-,09,21801,B,N,G,B,C,A,-,-,C,D,0,Y,,,,Y,,A,01,0,1,0,0,1,0,0,0,0,"- ","- ",,,"LOS ANGELES","LOS ANGELES",-118.56230926513672,34.233058929443359
8596014,2018,2018-04-16,1942,2018-03-18,2050,35858,1794,7,5,7,1942,0,0,0,Q,0,17A35,"PARTHENIA ST","LINDLEY AV",150.00,W,N,A,-,N,,,,,,,,,,N,3,0,1,2,A,-,11,21955,,N,G,B,D,A,H,-,C,D,0,Y,,,,Y,,N,60,0,1,0,0,1,0,0,0,0,"- ","- ",,,"LOS ANGELES","LOS ANGELES",-118.52784729003906,34.228672027587891
8596029,2018,2018-04-17,1942,2018-03-17,2255,36336,1617,6,5,7,1942,0,0,0,P,0,16A35,"WEST FOOTHILL BL","SHERMAN GROVE AV",258.00,E,N,A,-,N,,,,,,,,,,Y,2,0,2,2,A,-,11,21954,A,N,G,B,D,A,H,-,C,D,0,Y,,,,Y,,N,60,1,1,0,0,1,0,0,0,0,"- ","- ",,,"LOS ANGELES","LOS ANGELES",-118.31926727294922,34.25970458984375
8596053,2018,2018-04-17,1942,2018-03-20,1650,38857,1791,2,5,7,1942,0,0,0,Q,0,17A81,"PARTHENIA ST","DE SOTO AV",380.00,W,N,A,-,N,,,,,,,,,,N,3,0,1,2,A,-,11,21954,A,N,G,B,E,A,H,-,A,D,0,Y,,,,Y,,N,60,0,1,0,0,1,0,0,0,0,"- ","- ",,,"LOS ANGELES","LOS ANGELES",-118.58978271484375,34.228202819824219
8596175,2018,2018-05-01,1942,2018-03-14,0630,43116,,3,5,7,1942,0,0,0,,0,12A73,"MANCHESTER AV","BUDLONG AV",0.00,,Y,B,-,N,,,,,,,,,,N,2,0,1,2,A,-,10,21950,,N,G,B,B,A,H,-,B,A,0,Y,,,,Y,Y,A,07,1,0,0,0,1,0,0,0,0,"- ","- ",,,"LOS ANGELES","LOS ANGELES",-118.29592132568359,33.960010528564453
8596227,2018,2018-04-20,1965,2018-03-28,1525,3739,0B3A,3,5,5,1965,0,0,0,,0,B003,"10TH ST","WILSHIRE BL",233.00,S,N,A,-,N,,,,,,,,,,N,4,0,1,2,A,-,11,21954,A,F,G,B,E,A,H,-,A,D,0,Y,,,,Y,,N,60,0,0,1,0,1,0,0,0,0,"- ","- ",,,"LOS ANGELES","SANTA MONICA",-118.49211120605469,34.023258209228516
8596231,2018,2018-04-20,1965,2018-03-27,1000,2606,0B1K,2,5,5,1965,0,0,0,,0,001,"2ND ST","ARIZONA AV",315.00,S,N,A,-,N,,,,,,,,,,N,4,0,1,2,A,-,10,21950,A,F,G,B,C,A,H,-,A,D,0,Y,,,,Y,,A,08,0,0,1,0,1,0,0,0,0,"- ","- ",,,"LOS ANGELES","SANTA MONICA",-118.49791717529297,34.015602111816406
8596243,2018,2018-05-07,1955,2018-03-05,1225,42439,5,1,5,6,1955,0,0,0,,0,004,"4TH ST","S LOCUST ST",111.00,E,N,A,-,N,,,,,,,,,,N,3,0,1,2,A,-,08,22107,,F,G,B,E,A,H,-,A,A,0,Y,,Y,,Y,,C,02,0,1,0,0,1,0,0,0,0,"- ","- ",,,"LOS ANGELES",POMONA,-117.74863433837891,34.0560302734375
8596251,2018,2018-05-07,1955,2018-03-09,1857,40764,35,5,5,6,1955,0,0,0,,0,002,"GAREY AV","MCKINLEY AV",0.00,,Y,A,-,N,,,,,,,,,,N,4,0,1,2,D,-,00,,,N,D,B,B,A,H,-,C,A,0,Y,,,,Y,,-,"- ",0,0,1,0,1,0,0,0,0,"- ","- ",,,"LOS ANGELES",POMONA,-117.75225830078125,34.074298858642578
8596318,2018,2018-05-07,1955,2018-03-31,2055,42369,49,6,5,6,1955,0,0,0,,0,001,"HOLT AV","HAMILTON BL",0.00,,Y,A,-,N,,,,,,,,,,N,3,0,1,2,A,-,08,22107,,F,D,B,B,A,H,-,C,A,0,Y,,,,Y,,-,99,0,1,0,0,1,0,0,0,0,"- ","- ",,,"LOS ANGELES",POMONA,-117.76341247558594,34.062049865722656
8596330,2018,2018-05-08,1931,2018-03-23,1718,5311,1931,5,5,5,1931,0,0,0,,0,004,"CALIFORNIA AV",BROADWAY,0.00,,Y,A,-,N,,,,,,,,,,N,4,0,2,3,A,-,10,21950,A,N,G,B,B,A,H,-,A,D,0,Y,,,,Y,,A,01,0,0,2,0,2,0,0,0,0,"- ","- ",,,"LOS ANGELES","HUNTINGTON PARK",-118.20455169677734,33.964488983154297
8596373,2018,2018-04-18,1925,2018-03-25,1655,22786,,7,5,6,1925,0,0,0,,0,002,"BRAND BL","WILSON AV",300.00,N,N,A,-,N,,,,,,,,,,N,4,0,1,2,A,-,10,21950,A,N,G,B,C,A,H,-,A,D,0,Y,,,,Y,,A,01,0,0,1,0,1,0,0,0,0,"- ","- ",,,"LOS ANGELES",GLENDALE,-118.25508880615234,34.148883819580078
8596393,2018,2018-05-11,1942,2018-03-09,1220,34862,969,5,5,7,1942,0,0,0,,0,9A89,"MAGNOLIA BL","COLDWATER CANYON",275.00,W,N,A,-,N,,,,,,,,,,N,4,0,1,2,A,-,10,21954,B,N,G,B,E,A,H,-,A,D,0,Y,,,,Y,,-,,0,0,1,0,1,0,0,0,0,"- ","- ",,,"LOS ANGELES","LOS ANGELES",-118.41471099853516,34.164871215820312
8596499,2018,2018-04-17,1900,2018-03-28,2224,526486,0986,3,5,4,1979,0,0,0,,0,91T2,"SUNSET BL","WEATHERLY DR",25.00,E,N,A,-,N,,,,,,,,,,N,4,0,1,2,A,-,00,21950,2,N,G,B,C,A,H,-,C,D,0,Y,,,,Y,,A,01,0,0,1,0,1,0,0,0,0,"- ","- ",34.090248107910156,-118.38829040527344,"LOS ANGELES","WEST HOLLYWOOD",-118.38845825195312,34.090633392333984
8596503,2018,2018-04-17,1900,2018-03-16,1008,443069,0972,5,5,4,1979,0,0,0,,0,92T1,"ROBERTSON BL","BEVERLY BL",4.00,N,N,A,-,N,,,,,,,,,,N,4,0,1,2,A,-,10,21950,A,N,G,B,B,A,H,-,A,D,0,Y,,,,Y,,A,01,0,0,1,0,1,0,0,0,0,"- ","- ",,,"LOS ANGELES","WEST HOLLYWOOD",-118.38372039794922,34.07720947265625
8596779,2018,2018-05-04,1942,2018-04-01,1545,40643,0162,7,5,7,1942,0,0,0,A,0,1A61,"GRAND AV","9TH ST",50.00,N,N,A,-,N,,,,,,,,,,N,4,0,1,2,A,-,11,21955,,N,G,B,D,A,H,-,A,A,0,Y,,,,Y,,N,60,0,0,1,0,1,0,0,0,0,"- ","- ",,,"LOS ANGELES","LOS ANGELES",-118.29017639160156,33.736186981201172
8596815,2018,2018-05-07,1942,2018-03-29,2135,41977,0377,4,5,7,1942,0,0,0,C,0,85T21,"S BUDLONG AV","W 39TH ST",138.00,N,N,A,-,N,,,,,,,,,,N,3,0,1,2,A,-,06,21750,,F,G,B,E,A,H,-,C,D,0,Y,,,,Y,,-,99,0,1,0,0,1,0,0,0,0,"- ","- ",,,"LOS ANGELES","LOS ANGELES",-118.29586029052734,34.015888214111328
8596821,2018,2018-04-17,1942,2018-03-08,0955,37419,0566,4,5,7,1942,0,0,0,E,0,5A55,"13TH ST","PACIFIC AV",140.00,W,N,A,-,N,,,,,,,,,,N,4,0,1,2,A,-,11,21954,A,N,B,B,D,A,H,-,A,D,0,Y,,,,Y,,N,60,0,0,1,0,1,0,0,0,0,"- ","- ",,,"LOS ANGELES","LOS ANGELES",-118.28840637207031,33.732410430908203
8596833,2018,2018-04-17,1942,2018-03-26,0855,31324,0118,1,5,7,1942,0,0,0,A,0,1A1,"W COLLEGE ST","NORTH SPRING ST",72.00,W,N,A,-,N,,,,,,,,,,N,3,0,1,2,A,-,11,21954,A,N,H,B,D,A,H,-,A,A,0,Y,Y,,,Y,,N,60,0,1,0,0,0,0,1,0,0,"- ","- ",,,"LOS ANGELES","LOS ANGELES",-118.23629760742188,34.063724517822266
8596858,2018,2018-04-17,1942,2018-03-22,1015,31814,0398,4,5,7,1942,0,0,0,C,0,3A99,"VERNON ST","S HOOVER",0.00,S,N,A,-,N,,,,,,,,,,N,4,0,1,2,A,-,09,21801,A,N,G,B,B,B,H,-,A,A,0,Y,,,,Y,,A,01,0,0,1,0,1,0,0,0,0,"- ","- ",,,"LOS ANGELES","LOS ANGELES",-118.28717041015625,34.003719329833984
8596873,2018,2018-04-17,1942,2018-03-29,2040,40606,0269,4,5,7,1942,0,0,0,B,0,2A75,"8TH ST","GREEN AV",0.00,,Y,A,-,N,,,,,,,,,,N,4,0,1,2,A,-,10,21950,,N,G,B,B,A,H,-,C,D,0,Y,,,,Y,,A,01,0,0,1,0,1,0,0,0,0,"- ","- ",,,"LOS ANGELES","LOS ANGELES",-118.27104187011719,34.051738739013672
8596901,2018,2018-04-18,1942,2018-03-31,0600,34561,1075,6,5,7,1942,0,0,0,J,0,10A99,"VENTURA BL","LINDLEY AV",22.00,E,N,E,-,N,,,,,,,,,,N,4,0,1,2,A,-,11,21456,B,N,G,B,B,A,H,-,B,A,0,Y,,,,Y,,N,60,0,0,1,0,1,0,0,0,0,"- ","- ",,,"LOS ANGELES","LOS ANGELES",-118.52716064453125,34.165397644042969
8596912,2018,2018-04-17,1942,2018-02-07,0925,37611,0195,3,5,7,1942,0,0,0,A,0,1A85,"18TH ST","GEORGIA ST",175.00,E,N,A,-,N,,,,,,,,,,N,3,0,1,2,A,-,11,21955,,N,G,B,D,A,H,-,A,D,0,Y,,,,Y,,N,60,0,1,0,0,1,0,0,0,0,"- ","- ",,,"LOS ANGELES","LOS ANGELES",-118.27278137207031,34.036067962646484
8596916,2018,2018-04-17,1942,2018-02-07,1521,31152,0123,3,5,7,1942,0,0,0,A,0,1A1,"HILL ST","TEMPLE ST",270.00,S,N,A,-,N,,,,,,,,,,Y,4,0,1,2,A,-,11,21954,A,N,G,B,D,A,H,-,A,A,0,Y,,,,Y,,N,60,0,0,1,0,1,0,0,0,0,"- ","- ",,,"LOS ANGELES","LOS ANGELES",-118.24507904052734,34.055934906005859
8596977,2018,2018-04-17,1942,2018-02-21,1920,40325,0156,3,5,7,1942,0,0,0,A,0,1A35,"SAN PEDRO ST","5TH ST",250.00,S,N,A,-,N,,,,,,,,,,N,3,0,1,2,A,-,11,21954,A,F,G,B,D,A,H,-,C,A,0,Y,,,,Y,,N,60,0,1,0,0,1,0,0,0,0,"- ","- ",,,"LOS ANGELES","LOS ANGELES",-118.24430084228516,34.043605804443359
8597025,2018,2018-04-17,1900,2018-02-04,0145,509623,0972,7,5,4,1979,0,0,0,,0,91T1,"WESTBOURNE DR","RUGBY DR",49.00,N,N,A,-,N,,,,,,,,,,N,3,0,2,4,A,-,21,22106,,F,-,B,E,A,H,-,C,D,0,Y,,,,Y,,A,01,0,2,0,0,2,0,0,0,0,"- ","- ",34.086929321289062,-118.37985229492188,"LOS ANGELES","WEST HOLLYWOOD",-118.37980651855469,34.087013244628906
8597029,2018,2018-04-17,1942,2018-02-25,1520,43157,0531,7,5,7,1942,0,0,0,E,0,5A17,"WESTERN AV",ANAHEIM,0.00,,Y,A,-,N,,,,,,,,,,Y,3,0,2,3,A,-,11,21453,D,N,A,B,D,A,H,-,A,A,0,Y,,,,Y,,N,60,0,2,0,0,1,0,0,0,0,"- ","- ",,,"LOS ANGELES","LOS ANGELES",-118.30777740478516,33.786891937255859
8597356,2018,2018-04-19,1942,2018-03-16,0605,43010,1801,5,5,7,1942,0,0,0,R,0,18A1,"SOUTH FIGUEROA ST","89TH ST",0.00,,Y,A,-,N,,,,,,,,,,N,3,0,1,2,A,-,10,21950,A,N,G,B,B,A,H,-,C,D,0,Y,,,,Y,,A,01,0,1,0,0,1,0,0,0,0,"- ","- ",,,"LOS ANGELES","LOS ANGELES",-118.28272247314453,33.956001281738281
8597481,2018,2018-04-24,1944,2018-02-03,0026,322,1944,6,5,4,1944,0,0,0,,0,,"HIGHLAND AV","ROSECRANS AV",54.00,S,N,A,-,N,,,,,,,,,,N,3,0,1,2,A,-,11,21954,A,N,G,B,D,A,H,-,C,A,0,Y,,,,Y,Y,N,60,0,1,0,0,1,0,0,0,0,"- ","- ",,,"LOS ANGELES","MANHATTAN BEACH",-118.41775512695312,33.900848388671875
8597625,2018,2018-04-24,1965,2018-04-02,1805,3184,0B3A,1,5,5,1965,0,0,0,,0,B003,"WILSHIRE BL","17TH ST",0.00,,Y,A,-,N,,,,,,,,,,N,4,0,1,2,A,-,10,21950,A,N,G,B,B,A,H,-,A,A,0,Y,,,,Y,,A,01,0,0,1,0,1,0,0,0,0,"- ","- ",37.020320892333984,-121.00888061523438,"LOS ANGELES","SANTA MONICA",-118.48603820800781,34.029090881347656
8597628,2018,2018-04-24,1942,2018-03-20,0800,42559,1251,2,5,7,1942,0,0,0,L,0,25EL1,"8TH AV","67TH ST",11.00,N,N,A,-,N,,,,,,,,,,Y,4,0,1,3,A,-,03,22350,,N,C,C,B,A,H,-,A,A,0,Y,,,,Y,,A,07,0,0,1,0,0,0,0,0,0,"- ","- ",,,"LOS ANGELES","LOS ANGELES",-118.326514,33.978186000000001
8597636,2018,2018-05-01,1947,2018-03-13,1623,1319,,2,5,5,1947,0,0,0,,0,00B,"N WILCOX AV","WESTMORELAND DR",350.00,N,N,C,-,N,,,,,,,,,,N,3,0,1,2,A,-,03,22350,,N,D,B,F,B,-,-,A,D,0,Y,,,,Y,,A,01,0,1,0,0,1,0,0,0,0,"- ","- ",34.025699615478516,-118.12142181396484,"LOS ANGELES",MONTEBELLO,-118.12252807617188,34.026039123535156
8597642,2018,2018-04-23,1942,2018-04-06,0730,38734,SOE,5,5,7,1942,0,0,0,,0,1846,112TH,ZAMORA,0.00,,Y,A,-,N,,,,,,,,,,N,3,0,2,3,A,-,10,21950,A,N,G,B,B,A,H,-,A,A,0,Y,,,,Y,,A,01,0,1,1,0,2,0,0,0,0,"- ","- ",,,"LOS ANGELES","LOS ANGELES",-118.25112152099609,33.933109283447266
8597648,2018,2018-05-01,1947,2018-03-14,2110,1365,,3,5,5,1947,0,0,0,,0,00B,"VIA CAMPO","WILCOX AV",0.00,,Y,A,-,N,,,,,,,,,,N,4,0,1,2,A,-,10,21950,A,M,G,B,B,A,H,-,C,A,0,Y,,,,Y,Y,A,07,0,0,1,0,1,0,0,0,0,"- ","- ",34.032798767089844,-118.12503814697266,"LOS ANGELES",MONTEBELLO,-118.12506866455078,34.032791137695312