CASE_ID,ACCIDENT_YEAR,PROC_DATE,JURIS,COLLISION_DATE,COLLISION_TIME,OFFICER_ID,REPORTING_DISTRICT,DAY_OF_WEEK,CHP_SHIFT,POPULATION,CNTY_CITY_LOC,SPECIAL_COND,BEAT_TYPE,CHP_BEAT_TYPE,CITY_DIVISION_LAPD,CHP_BEAT_CLASS,BEAT_NUMBER,PRIMARY_RD,SECONDARY_RD,DISTANCE,DIRECTION,INTERSECTION,WEATHER_1,WEATHER_2,STATE_HWY_IND,CALTRANS_COUNTY,CALTRANS_DISTRICT,STATE_ROUTE,ROUTE_SUFFIX,POSTMILE_PREFIX,POSTMILE,LOCATION_TYPE,RAMP_INTERSECTION,SIDE_OF_HWY,TOW_AWAY,COLLISION_SEVERITY,NUMBER_KILLED,NUMBER_INJURED,PARTY_COUNT,PRIMARY_COLL_FACTOR,PCF_CODE_OF_VIOL,PCF_VIOL_CATEGORY,PCF_VIOLATION,PCF_VIOL_SUBSECTION,HIT_AND_RUN,TYPE_OF_COLLISION,MVIW,PED_ACTION,ROAD_SURFACE,ROAD_COND_1,ROAD_COND_2,LIGHTING,CONTROL_DEVICE,CHP_ROAD_TYPE,PEDESTRIAN_ACCIDENT,BICYCLE_ACCIDENT,MOTORCYCLE_ACCIDENT,TRUCK_ACCIDENT,NOT_PRIVATE_PROPERTY,ALCOHOL_INVOLVED,STWD_VEHTYPE_AT_FAULT,CHP_VEHTYPE_AT_FAULT,COUNT_SEVERE_INJ,COUNT_VISIBLE_INJ,COUNT_COMPLAINT_PAIN,COUNT_PED_KILLED,COUNT_PED_INJURED,COUNT_BICYCLIST_KILLED,COUNT_BICYCLIST_INJURED,COUNT_MC_KILLED,COUNT_MC_INJURED,PRIMARY_RAMP,SECONDARY_RAMP,LATITUDE,LONGITUDE,COUNTY,CITY,POINT_X,POINT_Y
8651747,2018,2018-10-10,1941,2018-05-13,1408,5554,,7,5,7,1941,0,0,0,,0,,"DONALD DOUGLAS DR","DONALD DOUGLAS DR 4100",0.00,,N,B,-,N,,,,,,,,,,N,3,0,1,2,C,-,18,,,N,H,B,E,A,H,-,A,D,0,Y,,,,Y,Y,-,"- ",0,1,0,0,1,0,0,0,0,"- ","- ",,,"LOS ANGELES","LONG BEACH",-118.14446,33.818646999999999
8651969,2018,2018-10-11,1942,2018-08-13,1810,40445,2058,1,5,7,1942,0,0,0,,0,20A44,"ELDEN AV","OLYMPIC BL",100.00,N,N,A,-,N,,,,,,,,,,N,2,0,1,2,B,-,22,,,N,G,B,F,A,H,-,A,D,0,Y,,,,Y,,A,01,1,0,0,0,1,0,0,0,0,"- ","- ",,,"LOS ANGELES","LOS ANGELES",-118.28773498535156,34.052703857421875
8651973,2018,2018-10-09,1942,2018-09-03,0520,36537,2069,1,5,7,1942,0,0,0,,0,20A53,"MENLO AV","OLYMPIC BL",0.00,,Y,A,-,N,,,,,,,,,,N,3,0,1,2,A,-,10,21950,A,N,A,B,B,A,H,-,C,D,0,Y,,,,Y,,A,01,0,1,0,0,1,0,0,0,0,"- ","- ",,,"LOS ANGELES","LOS ANGELES",-118.29071807861328,34.052410125732422
8652035,2018,2018-10-01,1941,2018-08-14,1629,10777,,2,5,7,1941,0,0,0,,0,,"LIVINGSTON DR","TERMINO AV",150.00,E,N,A,-,N,,,,,,,,,,N,4,0,1,2,A,-,10,21952,,N,G,B,F,A,H,-,A,D,0,Y,,,,Y,,A,,0,0,1,0,1,0,0,0,0,"- ","- ",,,"LOS ANGELES","LONG BEACH",-118.14543914794922,33.760757446289062
8652074,2018,2018-10-01,1942,2018-06-28,2122,38814,1152,4,5,7,1942,0,0,0,K,0,11A51,"HOLLYWOOD BL","RODNEY DR",0.00,,Y,A,-,N,,,,,,,,,,Y,2,0,1,2,A,-,11,21956,A,N,A,B,E,A,-,-,C,D,0,Y,,,,Y,,N,60,1,0,0,0,1,0,0,0,0,"- ","- ",,,"LOS ANGELES","LOS ANGELES",-118.29006958007812,34.100059509277344
8652575,2018,2018-07-31,1942,2018-06-25,1855,40366,1585,1,5,7,1942,0,0,0,O,0,0W4,"VINELAND AV","AQUA VISTA ST",0.00,,-,A,-,N,,,,,,,,,,N,4,0,1,2,A,-,10,21950,A,N,G,B,B,A,G,-,A,A,0,Y,,,,Y,,-,,0,0,1,0,1,0,0,0,0,"- ","- ",,,"LOS ANGELES","LOS ANGELES",-118.37055206298828,34.14495849609375
8652874,2018,2018-07-09,1944,2018-05-22,1429,345,SOUTH,2,5,4,1944,0,0,0,,0,004,"ROSECRANS AV","MARKET PL",21.00,E,N,A,-,N,,,,,,,,,,N,3,0,1,2,A,-,10,21950,A,N,G,B,B,A,H,-,A,A,0,Y,,,,Y,,A,07,0,1,0,0,1,0,0,0,0,"- ","- ",,,"LOS ANGELES","MANHATTAN BEACH",-118.38644409179688,33.901821136474609
8652903,2018,2018-07-12,1942,2018-06-08,1635,43016,449,5,5,7,1942,0,0,0,,0,4A56,"EVERGREEN AV","WABASH AV",0.00,,Y,A,-,N,,,,,,,,,,N,2,0,2,3,A,-,10,21950,A,N,G,B,B,A,H,-,A,A,0,Y,,,,Y,,D,22,1,0,1,0,2,0,0,0,0,"- ","- ",,,"LOS ANGELES","LOS ANGELES",-118.197021484375,34.050060272216797
8653070,2018,2018-07-06,1925,2018-06-23,2136,24967,4,6,5,6,1925,0,0,0,,0,235,"MARYLAND AV",BROADWAY,0.00,,Y,A,-,N,,,,,,,,,,N,3,0,1,2,A,-,10,21950,A,N,-,B,B,A,H,-,C,A,0,Y,,,,Y,Y,A,01,0,1,0,0,1,0,0,0,0,"- ","- ",,,"LOS ANGELES",GLENDALE,-118.25389099121094,34.146289825439453
8653378,2018,2018-07-12,1900,2018-06-10,2110,602985,0462,7,5,4,1936,0,0,0,,0,46T1,"BIOLA AV","TACUBA DR",0.00,,Y,A,-,N,,,,,,,,,,N,3,0,1,2,A,-,11,21954,A,N,B,B,D,A,H,-,C,D,0,Y,,,,Y,Y,N,60,0,1,0,0,1,0,0,0,0,"- ","- ",,,"LOS ANGELES","LA MIRADA",-118.01992034912109,33.914180755615234
8653413,2018,2018-07-13,1942,2018-06-13,1940,38233,0448,3,5,7,1942,0,0,0,D,0,4A59,"LANCASTER AV","RICARDO ST",121.00,E,N,A,-,N,,,,,,,,,,N,3,0,1,2,A,-,11,21955,,N,G,B,D,A,H,-,A,D,0,Y,,,,Y,,N,60,0,1,0,0,1,0,0,0,0,"- ","- ",,,"LOS ANGELES","LOS ANGELES",-118.19853210449219,34.058609008789062
8653437,2018,2018-07-13,1942,2018-06-11,0705,39010,1117,1,5,7,1942,0,0,0,K,0,11A17,"YOSEMITE DR","EAGLE ROCK BL",26.00,W,N,A,-,N,,,,,,,,,,N,4,0,1,2,A,-,09,21801,A,N,G,B,B,A,H,-,A,A,0,Y,,,,Y,,A,01,0,0,1,0,1,0,0,0,0,"- ","- ",,,"LOS ANGELES","LOS ANGELES",-118.21538543701172,34.135147094726562
8653438,2018,2018-07-12,1942,2018-06-12,0710,35945,0645,2,5,7,1942,0,0,0,F,0,6A45,"ORANGE DR","FOUNTAIN AV",0.00,,Y,A,-,N,,,,,,,,,,N,4,0,1,2,A,-,10,21950,A,N,G,B,B,A,H,-,A,A,0,Y,,,,Y,,A,07,0,0,1,0,1,0,0,0,0,"- ","- ",,,"LOS ANGELES","LOS ANGELES",-118.34162902832031,34.094329833984375
8653540,2018,2018-07-06,1942,2018-06-17,2115,36733,1523,7,5,7,1942,0,0,0,O,0,15A33,"OXNARD ST","GOODLAND AV",265.00,E,N,A,-,N,,,,,,,,,,N,2,0,1,2,A,-,11,21954,A,F,G,B,D,A,H,-,C,D,0,Y,,,,Y,,N,60,1,0,0,0,1,0,0,0,0,"- ","- ",,,"LOS ANGELES","LOS ANGELES",-118.41072845458984,34.179409027099609
8653543,2018,2018-07-06,1942,2018-06-26,1300,40165,1964,2,5,7,1942,0,0,0,,0,19A75,"VAN NUYS BL","NORDHOFF ST",0.00,,Y,A,-,N,,,,,,,,,,N,4,0,1,2,A,-,10,21950,A,F,G,B,B,A,H,-,A,D,0,Y,,,,Y,,-,99,0,0,1,0,1,0,0,0,0,"- ","- ",,,"LOS ANGELES","LOS ANGELES",-118.45024871826172,34.235408782958984
8653552,2018,2018-07-06,1942,2018-06-23,0930,30452,1555,6,5,7,1942,0,0,0,O,0,9TL53,"TUJUNGA AV","OTSEGO ST",0.00,,Y,A,-,N,,,,,,,,,,N,3,0,1,2,A,-,10,21950,A,F,G,B,B,A,H,-,A,A,0,Y,,,,Y,,-,99,0,1,0,0,1,0,0,0,0,"- ","- ",,,"LOS ANGELES","LOS ANGELES",-118.37901306152344,34.162998199462891
8653576,2018,2018-07-06,1942,2018-06-25,1840,39048,1995,1,5,7,1942,0,0,0,,0,19A93,"LANARK ST","WILLIS AV",7.00,E,N,A,-,N,,,,,,,,,,N,4,0,1,2,A,-,10,21950,A,N,G,B,B,A,H,-,A,A,0,Y,,,,Y,,A,08,0,0,1,0,1,0,0,0,0,"- ","- ",,,"LOS ANGELES","LOS ANGELES",-118.45527648925781,34.217910766601562
8653588,2018,2018-08-21,1942,2018-06-13,0100,43143,2187,3,5,7,1942,0,0,0,,0,21A97,"DE SOTO AV","RT 101",0.00,,Y,A,-,Y,LA,7,101,-,-,24.134,R,1,N,N,4,0,1,2,A,-,10,21950,A,F,G,B,B,A,H,-,C,A,0,Y,,,,Y,,-,99,0,0,1,0,1,0,0,0,0,"- ","- ",,,"LOS ANGELES","LOS ANGELES",-118.5849609375,34.168041229248047
8653592,2018,2018-07-06,1942,2018-06-22,2140,0983,1915,5,5,7,1942,0,0,0,,0,19A1,"HUBBARD ST","GLENOAKS BL",485.00,S,N,A,-,N,,,,,,,,,,N,4,0,1,2,A,-,09,21804,A,F,G,B,F,A,H,-,C,D,0,Y,,,,Y,,-,99,0,0,1,0,1,0,0,0,0,"- ","- ",,,"LOS ANGELES","LOS ANGELES",-118.44031524658203,34.298511505126953
8653773,2018,2018-07-09,1942,2018-06-11,1935,40105,1832,1,5,7,1942,0,0,0,R,0,18A41,"S FIGUEROA ST","W 108TH ST",0.00,,Y,A,-,N,,,,,,,,,,N,3,0,1,2,A,-,10,21950,A,F,G,B,B,A,H,-,C,A,0,Y,,,,Y,,-,99,0,1,0,0,1,0,0,0,0,"- ","- ",,,"LOS ANGELES","LOS ANGELES",-118.28260803222656,33.938251495361328
8653777,2018,2018-07-09,1942,2018-06-10,0001,42608,1804,7,5,7,1942,0,0,0,R,0,18A43,"S CENTRAL AV","MANCHESTER AV",2.00,S,N,A,-,N,,,,,,,,,,N,4,0,1,2,A,-,10,21950,A,F,G,B,B,A,H,-,C,A,0,Y,,,,Y,,-,99,0,0,1,0,1,0,0,0,0,"- ","- ",,,"LOS ANGELES","LOS ANGELES",-118.25641632080078,33.960155487060547
8653790,2018,2018-07-10,1942,2018-06-12,2230,40543,1245,2,5,7,1942,0,0,0,L,0,12A45,"VERMONT AV","FLORENCE AV",5.00,S,N,A,-,N,,,,,,,,,,N,4,0,1,2,A,-,10,21950,A,N,G,B,B,A,H,-,C,A,0,Y,,,,Y,,A,01,0,0,1,0,1,0,0,0,0,"- ","- ",,,"LOS ANGELES","LOS ANGELES",-118.29174041748047,33.974617004394531
8653793,2018,2018-07-09,1942,2018-06-23,2140,42364,1211,6,5,7,1942,0,0,0,L,0,12A31,"SLAUSON AV","BRYNHURST AV",34.00,W,N,A,-,N,,,,,,,,,,N,3,0,1,2,A,-,11,21954,A,N,G,B,E,A,H,-,C,-,0,Y,,Y,,Y,,N,60,0,1,0,0,1,0,0,0,0,"- ","- ",,,"LOS ANGELES","LOS ANGELES",-118.33341979980469,33.988998413085938
8653833,2018,2018-07-09,1942,2018-06-11,1620,42641,1267,1,5,7,1942,0,0,0,L,0,12A67,"83RD ST",VERMONT,0.00,,Y,A,-,N,,,,,,,,,,N,3,0,1,2,A,-,10,21950,A,N,G,B,B,A,H,-,A,D,0,Y,,,,Y,,A,01,0,1,0,0,1,0,0,0,0,"- ","- ",,,"LOS ANGELES","LOS ANGELES",-118.29183197021484,33.963649749755859
8653855,2018,2018-07-10,1910,2018-06-06,1019,3410,,3,5,4,1910,0,0,0,,0,009,"WILSHIRE BL","SAN VICENTE BL",0.00,,Y,A,-,N,,,,,,,,,,N,4,0,1,2,A,-,10,21950,A,N,G,B,F,A,H,-,A,D,0,Y,,,,Y,,A,01,0,0,1,0,1,0,0,0,0,"- ","- ",,,"LOS ANGELES","BEVERLY HILLS",-118.37203216552734,34.064208984375
8653856,2018,2018-08-07,1942,2018-06-19,1930,38025,1835,2,5,7,1942,0,0,0,R,0,18A35,"S CENTRAL AV","105TH ST",47.00,N,N,A,-,N,,,,,,,,,,Y,2,0,1,4,A,-,21,22106,,N,D,C,E,A,H,-,A,D,0,Y,,,,Y,,A,01,1,0,0,0,1,0,0,0,0,"- ","- ",,,"LOS ANGELES","LOS ANGELES",-118.25415802001953,33.941070556640625
8653864,2018,2018-07-11,1942,2018-06-04,1550,37952,1144,1,5,7,1942,0,0,0,K,0,1A71,"SILVER LAKE BL","EARL ST",0.00,,Y,A,-,N,,,,,,,,,,N,4,0,1,2,A,-,10,21950,A,N,G,B,B,A,H,-,A,A,0,Y,,,,Y,,A,07,0,0,1,0,1,0,0,0,0,"- ","- ",,,"LOS ANGELES","LOS ANGELES",-118.26125335693359,34.097061157226562
8653896,2018,2018-07-12,1942,2018-06-06,0720,32973,0162,3,5,7,1942,0,0,0,A,0,1A61,"S HOPE ST","W HOPE ST",0.00,,Y,A,-,N,,,,,,,,,,N,4,0,1,2,A,-,11,21456,B,N,G,B,B,A,H,-,A,A,0,Y,,Y,,Y,,N,60,0,0,1,0,1,0,0,0,0,"- ","- ",,,"LOS ANGELES","LOS ANGELES",-118.28025054931641,34.015651702880859
8653912,2018,2018-07-12,1942,2018-06-08,1130,34332,0142,5,5,7,1942,0,0,0,A,0,1A41,"HOPE PL","GRAND AV",0.00,,Y,A,-,N,,,,,,,,,,N,4,0,1,2,A,-,10,21950,A,N,G,-,B,A,H,-,A,A,0,Y,,,,Y,,A,01,0,0,1,0,1,0,0,0,0,"- ","- ",,,"LOS ANGELES","LOS ANGELES",-118.25331115722656,34.050811767578125
8654182,2018,2018-07-13,1941,2018-06-22,2148,6145,,5,5,7,1941,0,0,0,,0,,"REDONDO AV","6TH ST",100.00,S,N,A,-,N,,,,,,,,,,N,3,0,1,2,A,-,11,21955,,F,G,B,D,A,H,-,C,A,0,Y,,,,Y,,N,,0,1,0,0,1,0,0,0,0,"- ","- ",,,"LOS ANGELES","LONG BEACH",-118.15242004394531,33.773246765136719
8654186,2018,2018-07-13,1941,2018-06-19,1701,6172,,2,5,7,1941,0,0,0,,0,,"COTA AV","16TH ST",9.00,S,N,A,-,N,,,,,,,,,,Y,3,0,1,3,A,-,08,22107,,N,D,C,E,A,H,-,A,A,0,Y,,,,Y,,A,,0,1,0,0,1,0,0,0,0,"- ","- ",,,"LOS ANGELES","LONG BEACH",-118.21659851074219,33.787284851074219
8654194,2018,2018-07-13,1941,2018-06-16,0924,10977,,6,5,7,1941,0,0,0,,0,,"7TH ST","CHERRY AV",4.00,E,N,A,-,N,,,,,,,,,,N,2,0,1,2,A,-,10,21950,A,F,G,B,B,A,H,-,A,A,0,Y,,,,Y,,D,,1,0,0,0,1,0,0,0,0,"- ","- ",,,"LOS ANGELES","LONG BEACH",-118.16765594482422,33.775348663330078
8654272,2018,2018-08-30,1942,2018-06-14,2105,33251,2105,4,5,7,1942,0,0,0,,0,21X98,"TOPANGA CANYON BL","SCHOENBORN ST",0.00,,Y,A,-,N,,,,,,,,,,N,2,0,1,2,A,-,10,21950,A,N,A,B,B,A,H,-,C,A,0,Y,,,,Y,,-,,1,0,0,0,1,0,0,0,0,"- ","- ",,,"LOS ANGELES","LOS ANGELES",-118.60600280761719,34.220920562744141
8654280,2018,2018-07-18,1942,2018-06-19,1110,35647,1586,2,5,7,1942,0,0,0,O,0,15A33,"VALLEYHEART DR","BLUFFSIDE DR",0.00,,Y,A,-,N,,,,,,,,,,N,3,0,1,2,A,-,11,21956,A,N,-,B,D,A,H,-,A,D,0,Y,,,,Y,,N,60,0,1,0,0,1,0,0,0,0,"- ","- ",,,"LOS ANGELES","LOS ANGELES",-118.36145782470703,34.141960144042969
8654284,2018,2018-07-18,1942,2018-06-22,1215,41512,1567,5,5,7,1942,0,0,0,O,0,15A68,"LANKERSHIM BL",MOORPARK,0.00,,Y,A,-,N,,,,,,,,,,Y,3,0,1,2,A,-,10,21950,A,N,A,B,B,A,H,-,A,A,0,Y,,,,Y,,A,01,0,1,0,0,1,0,0,0,0,"- ","- ",,,"LOS ANGELES","LOS ANGELES",-118.36586761474609,34.150379180908203
8654536,2018,2018-07-18,1955,2018-06-10,2205,42369,48,7,5,6,1955,0,0,0,,0,001,"GAREY AV","KINGSLEY AV",9.00,S,N,A,-,N,,,,,,,,,,N,4,0,1,2,A,-,10,21950,A,M,G,B,D,A,H,-,C,A,0,Y,,,,Y,,A,01,0,0,1,0,1,0,0,0,0,"- ","- ",,,"LOS ANGELES",POMONA,-117.75153350830078,34.066608428955078
8654581,2018,2018-07-16,1933,2018-03-26,0622,869,10,1,5,6,1933,0,0,0,,0,001,"MANCHESTER BL","HILLCREST BL",21.00,E,N,A,-,N,,,,,,,,,,Y,2,0,1,3,A,-,03,22350,,N,B,C,F,A,H,-,B,A,0,Y,,,,Y,Y,A,01,1,0,0,0,1,0,0,0,0,"- ","- ",33.961761474609375,-118.34873199462891,"LOS ANGELES",INGLEWOOD,-118.3487548828125,33.961715698242188
8654588,2018,2018-07-17,1942,2018-04-14,1745,42210,0308,6,5,7,1942,0,0,0,C,0,3A92W7,"23RD ST","UNION AV",0.00,,Y,A,-,N,,,,,,,,,,N,2,0,1,2,A,-,11,21456,B,N,H,B,B,A,H,-,A,A,0,Y,,,,Y,,N,60,1,0,0,0,1,0,0,0,0,"- ","- ",,,"LOS ANGELES","LOS ANGELES",-118.28341674804688,34.034938812255859
8654589,2018,2018-07-16,1933,2018-03-25,1125,1008,10,7,5,6,1933,0,0,0,,0,001,"MANCHESTER BL","SPRUCE AV",0.00,,Y,A,-,N,,,,,,,,,,N,4,0,1,2,A,-,12,21453,A,N,G,B,B,A,H,-,A,A,0,Y,,,,Y,,A,01,0,0,1,0,1,0,0,0,0,"- ","- ",33.960891723632812,-118.34739685058594,"LOS ANGELES",INGLEWOOD,-118.34751892089844,33.960880279541016
8654592,2018,2018-07-17,1942,2018-04-27,2140,41068,1834,5,5,7,1942,0,0,0,R,0,18A3,"105TH ST","TOWNE AV",125.00,E,N,A,-,N,,,,,,,,,,N,4,0,1,6,A,-,03,22350,,F,B,E,E,A,H,-,C,D,0,Y,,,,Y,,-,99,0,0,1,0,1,0,0,0,0,"- ","- ",,,"LOS ANGELES","LOS ANGELES",-118.26694488525391,33.941020965576172
8654593,2018,2018-07-16,1933,2018-03-19,0643,869,27,1,5,6,1933,0,0,0,,0,003,"PINCAY DR","PRAIRIE AV",0.00,,Y,A,-,N,,,,,,,,,,N,2,0,1,2,A,-,12,21453,A,N,G,B,B,A,H,-,B,A,0,Y,,,,Y,Y,A,07,1,0,0,0,1,0,0,0,0,"- ","- ",33.956790924072266,-118.34388732910156,"LOS ANGELES",INGLEWOOD,-118.343936,33.956716
8654597,2018,2018-07-16,1933,2018-03-31,1742,984,23,6,5,6,1933,0,0,0,,0,002,"CENTURY BL","FELTON AV",800.00,E,N,A,-,N,,,,,,,,,,N,3,0,1,2,A,-,11,21956,,N,G,B,E,A,H,-,B,D,0,Y,,,,Y,,N,60,0,1,0,0,1,0,0,0,0,"- ","- ",33.945510864257812,-118.36569213867188,"LOS ANGELES",INGLEWOOD,-118.36309814453125,33.9454345703125
8654601,2018,2018-07-16,1933,2018-03-28,1120,812,23,3,5,6,1933,0,0,0,,0,002,"LA CIENEGA BL","95TH ST",8.00,S,N,A,-,N,,,,,,,,,,Y,3,0,1,2,A,-,11,21954,A,N,G,B,D,A,H,-,A,D,0,Y,,,,Y,,N,60,0,1,0,0,1,0,0,0,0,"- ","- ",,,"LOS ANGELES",INGLEWOOD,-118.37032318115234,33.950286865234375
8654617,2018,2018-07-16,1942,2018-03-24,0150,40921,1204,6,5,7,1942,0,0,0,L,0,12X52,"VERNON AV","NORMANDIE AV",30.00,E,N,A,-,N,,,,,,,,,,N,2,0,1,2,A,-,11,21954,A,F,G,B,E,A,H,-,C,A,0,Y,,,,Y,,N,60,1,0,0,0,1,0,0,0,0,"- ","- ",,,"LOS ANGELES","LOS ANGELES",-118.30009460449219,34.003700256347656
8654656,2018,2018-07-17,1942,2018-07-03,1110,26101,0355,2,5,7,1942,0,0,0,C,0,3A55,"ARLINGTON AV","EXPOSITION BL",8.00,N,N,A,-,N,,,,,,,,,,N,4,0,1,2,A,-,10,21950,A,F,G,B,B,A,H,-,A,A,0,Y,,,,Y,,-,99,0,0,1,0,1,0,0,0,0,"- ","- ",,,"LOS ANGELES","LOS ANGELES",-118.31774139404297,34.018890380859375
8654792,2018,2018-07-16,1942,2018-06-23,0230,43276,0152,6,5,7,1942,0,0,0,A,0,1A61,"7TH ST",FLOWER,150.00,E,N,A,-,N,,,,,,,,,,N,3,0,1,2,A,-,11,21954,A,N,G,B,E,A,H,-,C,D,0,Y,,,,Y,Y,N,60,0,1,0,0,1,0,0,0,0,"- ","- ",,,"LOS ANGELES","LOS ANGELES",-118.46872711181641,33.999233245849609
8654974,2018,2018-07-17,1942,2018-06-01,0640,38502,0478,5,5,7,1942,0,0,0,D,0,4A97,"LORENA ST","WHITTIER BL",4.00,N,N,A,-,N,,,,,,,,,,N,3,0,1,2,A,-,10,21950,A,N,G,B,B,A,H,-,A,A,0,Y,,,,Y,,A,01,0,1,0,0,1,0,0,0,0,"- ","- ",,,"LOS ANGELES","LOS ANGELES",-118.20098114013672,34.027797698974609
8654976,2018,2018-07-17,1942,2018-06-11,1720,35686,1143,1,5,7,1942,0,0,0,K,0,1143,"GRIFFITH PARK BL","ROWENA AV",0.00,,Y,A,-,N,,,,,,,,,,N,3,0,1,2,A,-,10,21950,A,N,G,B,B,A,H,-,A,D,0,Y,,,,Y,,A,01,0,1,0,0,1,0,0,0,0,"- ","- ",,,"LOS ANGELES","LOS ANGELES",-118.27687072753906,34.1109619140625
8654977,2018,2018-07-20,1942,2018-05-30,0945,43257,0447,3,5,7,1942,0,0,0,D,0,4A97,"EASTLAKE AV",ALCAZAR,312.00,N,N,B,-,N,,,,,,,,,,N,4,0,1,2,A,-,05,21650,,F,G,B,E,A,H,-,A,D,0,Y,,,,Y,,-,99,0,0,1,0,1,0,0,0,0,"- ","- ",,,"LOS ANGELES","LOS ANGELES",-118.20641326904297,34.064231872558594
8654989,2018,2018-07-19,1913,2018-05-16,0802,3886,62,3,5,4,1913,0,0,0,,0,004,"MILLS AV","SCOTTSBLUFF DR",122.00,S,N,A,-,N,,,,,,,,,,N,4,0,1,2,A,-,03,22350,,N,G,B,E,A,H,-,A,D,0,Y,,,,Y,,A,07,0,0,1,0,1,0,0,0,0,"- ","- ",,,"LOS ANGELES",CLAREMONT,-117.70713806152344,34.117946624755859
8654992,2018,2018-07-16,1942,2018-06-13,1225,38050,1123,3,5,7,1942,0,0,0,K,0,11A1,"LOS FELIZ BL","PERLITA AV",20.00,S,N,A,-,N,,,,,,,,,,N,4,0,1,2,A,-,10,21950,A,N,G,B,B,A,H,-,A,D,0,Y,,,,Y,,A,01,0,0,1,0,1,0,0,0,0,"- ","- ",,,"LOS ANGELES","LOS ANGELES",-118.264892578125,34.125392913818359
8654996,2018,2018-07-17,1942,2018-06-21,1100,41376,1494,4,5,7,1942,0,0,0,N,0,20TL56,"WORLD WY","WEST WY",200.00,E,N,A,-,N,,,,,,,,,,Y,4,0,1,3,C,-,18,,,N,B,C,B,A,H,-,A,D,0,Y,,,,Y,,-,"- ",0,0,1,0,1,0,0,0,0,"- ","- ",,,"LOS ANGELES","LOS ANGELES",-118.40541076660156,33.944911956787109
8655007,2018,2018-07-18,1942,2018-06-12,0640,43249,0191,2,5,7,1942,0,0,0,A,0,1A12,"FIGUEROA ST","18TH ST",0.00,,Y,A,-,N,,,,,,,,,,Y,4,0,1,3,A,-,09,21801,A,N,A,B,B,A,H,-,A,A,0,Y,,,,Y,,A,01,0,0,1,0,1,0,0,0,0,"- ","- ",,,"LOS ANGELES","LOS ANGELES",-118.27140045166016,34.035430908203125
8655020,2018,2018-07-17,1942,2018-06-24,1145,41671,1469,7,5,7,1942,0,0,0,N,0,14A67,"KITTYHAWK AV","RAMSGATE PL",145.00,N,N,A,-,N,,,,,,,,,,N,3,0,1,2,A,-,11,21954,A,N,G,B,E,A,H,-,A,D,0,Y,,,,Y,,N,60,0,1,0,0,1,0,0,0,0,"- ","- ",,,"LOS ANGELES","LOS ANGELES",-118.37322235107422,33.974628448486328
8655025,2018,2018-07-20,1900,2018-05-26,0007,546540,2843,6,5,5,1915,0,0,0,,0,287E,"LONG BEACH BL","LAUREL ST",81.00,S,N,A,-,N,,,,,,,,,,N,4,0,1,2,A,-,11,21954,A,N,A,B,D,A,H,-,C,D,0,Y,,,,Y,,N,60,0,0,1,0,1,0,0,0,0,"- ","- ",,,"LOS ANGELES",COMPTON,-118.20784759521484,33.893939971923828
8655027,2018,2018-07-17,1942,2018-06-08,1515,39759,0132,5,5,7,1942,0,0,0,A,0,1A1,"S OLIVE ST","2ND ST",200.00,N,N,A,-,N,,,,,,,,,,N,4,0,2,5,B,-,22,,,N,C,E,F,A,H,-,A,D,0,Y,,,,Y,,A,01,0,0,2,0,2,0,0,0,0,"- ","- ",,,"LOS ANGELES","LOS ANGELES",-118.24845886230469,34.054206848144531
8655031,2018,2018-07-17,1942,2018-06-28,1555,42171,0162,4,5,7,1942,0,0,0,A,0,1X92,"FLOWER ST","8TH ST",40.00,S,N,A,-,N,,,,,,,,,,N,3,0,1,2,A,-,11,21954,A,N,A,B,D,A,H,-,A,A,0,Y,,,,Y,,N,60,0,1,0,0,1,0,0,0,0,"- ","- ",,,"LOS ANGELES","LOS ANGELES",-118.26020050048828,34.047161102294922
8655044,2018,2018-08-01,1942,2018-04-26,0022,43074,1433,4,5,7,1942,0,0,0,N,0,14A25,"VENICE BL","WALNUT AV",15.00,E,N,A,-,N,,,,,,,,,,N,3,0,1,2,A,-,"- ",,,F,-,C,-,A,H,-,C,-,0,Y,,,,Y,,-,99,0,1,0,0,1,0,0,0,0,"- ","- ",,,"LOS ANGELES","LOS ANGELES",-118.45015716552734,33.995429992675781
8655049,2018,2018-07-18,1965,2018-06-19,1400,3158,0B3A,2,5,5,1965,0,0,0,,0,B003,"26TH ST","SANTA MONICA BL",8.00,S,N,A,-,N,,,,,,,,,,N,3,0,1,2,A,-,11,21950,B,N,G,B,B,A,H,-,A,A,0,Y,,,,Y,,N,60,0,1,0,0,1,0,0,0,0,"- ","- ",37.024501800537109,-120.99665069580078,"LOS ANGELES","SANTA MONICA",-118.47428131103516,34.033283233642578
8655078,2018,2018-07-20,1965,2018-06-25,2045,3866,0B1K,1,5,5,1965,0,0,0,,0,B001,"2ND ST","ARIZONA AV",190.00,S,N,A,-,N,,,,,,,,,,N,4,0,1,2,A,-,17,21235,G,N,G,B,E,A,H,-,C,D,0,Y,,,,Y,,M,94,0,0,1,0,1,0,0,0,0,"- ","- ",,,"LOS ANGELES","SANTA MONICA",-118.49820709228516,34.015842437744141
8655116,2018,2018-07-18,1972,2018-04-21,1747,19767,,6,5,6,1972,0,0,0,,0,,"CARSON ST","DEL AMO CIR DR",0.00,,Y,A,-,N,,,,,,,,,,N,4,0,1,2,D,-,00,,,N,G,B,B,A,H,-,A,D,0,Y,,,,Y,,-,"- ",0,0,1,0,1,0,0,0,0,"- ","- ",,,"LOS ANGELES",TORRANCE,-118.34879302978516,33.831180572509766