CASE_ID,ACCIDENT_YEAR,PROC_DATE,JURIS,COLLISION_DATE,COLLISION_TIME,OFFICER_ID,REPORTING_DISTRICT,DAY_OF_WEEK,CHP_SHIFT,POPULATION,CNTY_CITY_LOC,SPECIAL_COND,BEAT_TYPE,CHP_BEAT_TYPE,CITY_DIVISION_LAPD,CHP_BEAT_CLASS,BEAT_NUMBER,PRIMARY_RD,SECONDARY_RD,DISTANCE,DIRECTION,INTERSECTION,WEATHER_1,WEATHER_2,STATE_HWY_IND,CALTRANS_COUNTY,CALTRANS_DISTRICT,STATE_ROUTE,ROUTE_SUFFIX,POSTMILE_PREFIX,POSTMILE,LOCATION_TYPE,RAMP_INTERSECTION,SIDE_OF_HWY,TOW_AWAY,COLLISION_SEVERITY,NUMBER_KILLED,NUMBER_INJURED,PARTY_COUNT,PRIMARY_COLL_FACTOR,PCF_CODE_OF_VIOL,PCF_VIOL_CATEGORY,PCF_VIOLATION,PCF_VIOL_SUBSECTION,HIT_AND_RUN,TYPE_OF_COLLISION,MVIW,PED_ACTION,ROAD_SURFACE,ROAD_COND_1,ROAD_COND_2,LIGHTING,CONTROL_DEVICE,CHP_ROAD_TYPE,PEDESTRIAN_ACCIDENT,BICYCLE_ACCIDENT,MOTORCYCLE_ACCIDENT,TRUCK_ACCIDENT,NOT_PRIVATE_PROPERTY,ALCOHOL_INVOLVED,STWD_VEHTYPE_AT_FAULT,CHP_VEHTYPE_AT_FAULT,COUNT_SEVERE_INJ,COUNT_VISIBLE_INJ,COUNT_COMPLAINT_PAIN,COUNT_PED_KILLED,COUNT_PED_INJURED,COUNT_BICYCLIST_KILLED,COUNT_BICYCLIST_INJURED,COUNT_MC_KILLED,COUNT_MC_INJURED,PRIMARY_RAMP,SECONDARY_RAMP,LATITUDE,LONGITUDE,COUNTY,CITY,POINT_X,POINT_Y
8658180,2018,2018-10-05,1941,2018-07-25,1635,5970,,3,5,7,1941,0,0,0,,0,,"PACIFIC AV","S HILL ST",9.00,S,N,A,-,N,,,,,,,,,,N,3,0,1,2,A,-,10,21950,A,N,G,B,B,A,H,-,A,A,0,Y,,,,Y,,A,,0,1,0,0,1,0,0,0,0,"- ","- ",,,"LOS ANGELES","LONG BEACH",-118.19377136230469,33.797096252441406
8658184,2018,2018-10-05,1941,2018-07-27,0114,11134,,5,5,7,1941,0,0,0,,0,,"ANAHEIM ST","ATLANTIC AV",224.00,W,N,A,-,N,,,,,,,,,,N,3,0,1,2,A,-,11,21954,A,N,G,B,D,A,H,-,C,D,0,Y,,,,Y,Y,N,,0,1,0,0,1,0,0,0,0,"- ","- ",,,"LOS ANGELES","LONG BEACH",-118.18577575683594,33.782611846923828
8658308,2018,2018-09-14,1900,2018-05-26,2043,625498,1328,6,5,5,1935,0,0,0,,0,132A,"CENTRALIA ST","PIONEER BL",20.00,E,N,B,-,N,,,,,,,,,,Y,3,0,1,2,A,-,01,23153,A,N,G,B,B,A,H,-,C,A,0,Y,,,,Y,Y,A,01,0,1,0,0,1,0,0,0,0,"- ","- ",,,"LOS ANGELES",LAKEWOOD,-118.08190155029297,33.838710784912109
8658346,2018,2018-08-16,1942,2018-07-19,1800,43007,0656,4,5,7,1942,0,0,0,F,0,6A46,"SANTA MONICA BL","VINE ST",0.00,,Y,A,-,N,,,,,,,,,,N,3,0,1,2,A,-,10,21950,A,F,G,B,B,A,H,-,A,A,0,Y,,,,Y,,-,99,0,1,0,0,1,0,0,0,0,"- ","- ",,,"LOS ANGELES","LOS ANGELES",-118.32660675048828,34.090740203857422
8658507,2018,2018-07-18,1942,2018-05-31,1615,41911,1241,4,5,7,1942,0,0,0,L,0,12A51,"CRENSHAW BL","HYDE PARK BL",7.00,N,N,A,-,N,,,,,,,,,,N,3,0,1,2,A,-,11,21950,B,N,G,B,B,A,D,-,A,A,0,Y,,,,Y,,N,60,0,1,0,0,1,0,0,0,0,"- ","- ",,,"LOS ANGELES","LOS ANGELES",-118.33087921142578,33.980640411376953
8658536,2018,2018-07-18,1901,2018-05-15,1847,287,30,2,5,5,1901,0,0,0,,0,003,"FREMONT AV","MISSION RD",8.00,N,N,A,-,N,,,,,,,,,,N,3,0,1,2,A,-,11,21955,,N,G,B,D,A,H,-,A,A,0,Y,,,Y,Y,,N,60,0,1,0,0,1,0,0,0,0,"- ","- ",,,"LOS ANGELES",ALHAMBRA,-118.15190124511719,34.079341888427734
8658559,2018,2018-08-20,1976,2018-06-23,2018,279,1976,6,5,5,1976,0,0,0,,0,004,"MILLS AV","WHITTIER BL",7.00,S,N,A,-,Y,LA,7,72,-,-,2.113,I,5,S,N,4,0,1,2,A,-,11,21456,B,N,G,B,B,A,H,-,B,A,0,Y,,,,Y,,N,60,0,0,1,0,1,0,0,0,0,"- ","- ",,,"LOS ANGELES",WHITTIER,-118.01056671142578,33.950580596923828
8658585,2018,2018-07-11,1942,2018-06-09,0635,34217,1259,6,5,7,1942,0,0,0,L,0,12A53,"FLORENCE AV","AVALON BL",20.00,E,N,A,-,N,,,,,,,,,,N,3,0,1,2,A,-,11,21456,B,N,G,B,B,A,H,-,A,A,0,Y,,,,Y,,N,60,0,1,0,0,1,0,0,0,0,"- ","- ",,,"LOS ANGELES","LOS ANGELES",-118.26511383056641,33.974708557128906
8658588,2018,2018-07-11,1942,2018-06-11,0030,42501,0646,1,5,7,1942,0,0,0,F,0,6EL1,"CAHUENGA BL","SELMA AV",100.00,N,N,A,-,N,,,,,,,,,,N,3,0,1,2,A,-,11,21955,,N,G,B,E,A,H,-,C,A,0,Y,,,,Y,,N,60,0,1,0,0,1,0,0,0,0,"- ","- ",,,"LOS ANGELES","LOS ANGELES",-118.32952880859375,34.100044250488281
8658589,2018,2018-07-11,1942,2018-06-18,0135,41832,1209,1,5,7,1942,0,0,0,L,0,12A93,"FIGUEROA ST","48TH ST",50.00,N,N,A,-,N,,,,,,,,,,N,2,0,1,2,A,-,11,21955,,N,G,B,D,A,H,-,C,D,0,Y,,,,Y,,A,01,1,0,0,0,1,0,0,0,0,"- ","- ",,,"LOS ANGELES","LOS ANGELES",-118.28272247314453,33.999786376953125
8658592,2018,2018-07-11,1942,2018-06-16,0810,34959,0645,6,5,7,1942,0,0,0,F,0,6A45,"HOLLYWOOD BL","HIGHLAND AV",335.00,W,N,B,-,N,,,,,,,,,,N,3,0,1,2,A,-,11,21954,A,N,G,B,D,A,H,-,A,D,0,Y,,,,Y,,N,60,0,1,0,0,1,0,0,0,0,"- ","- ",,,"LOS ANGELES","LOS ANGELES",-118.33979797363281,34.101551055908203
8658607,2018,2018-07-10,1920,2018-06-05,1911,12611,,2,5,6,1920,0,0,0,,0,,"LA REINA AV","FLORENCE AV",240.00,S,N,A,-,N,,,,,,,,,,N,4,0,1,2,A,-,11,21954,A,N,G,B,D,A,H,-,A,A,0,Y,,,,Y,,N,60,0,0,1,0,1,0,0,0,0,"- ","- ",,,"LOS ANGELES",DOWNEY,-118.12728881835938,33.951435089111328
8658613,2018,2018-07-11,1942,2018-06-26,2055,41977,1248,2,5,7,1942,0,0,0,L,0,12A49,"WEST 65TH ST","S HOOVER ST",0.00,,Y,A,-,N,,,,,,,,,,Y,3,0,1,2,A,-,10,21950,A,N,G,B,B,A,H,-,C,A,0,Y,,,,Y,,A,01,0,1,0,0,1,0,0,0,0,"- ","- ",,,"LOS ANGELES","LOS ANGELES",-118.28708648681641,33.980579376220703
8658617,2018,2018-07-11,1942,2018-06-26,2055,42665,1253,2,5,7,1942,0,0,0,L,0,12A53,"FLORENCE AV","HOBART BL",100.00,E,N,B,-,N,,,,,,,,,,N,4,0,1,2,A,-,11,21954,A,F,G,B,D,A,H,-,A,D,0,Y,,,,Y,,N,60,0,0,1,0,1,0,0,0,0,"- ","- ",,,"LOS ANGELES","LOS ANGELES",-118.30756378173828,33.974571228027344
8658632,2018,2018-07-20,1942,2018-06-08,1415,38374,0659,5,5,7,1942,0,0,0,F,0,6A79,"W FOUNTAIN AV","N NORMANDIE AV",0.00,,Y,A,-,N,,,,,,,,,,N,4,0,1,2,A,-,10,21950,,N,G,B,B,A,H,-,A,A,0,Y,,,,Y,,-,"- ",0,0,1,0,1,0,0,0,0,"- ","- ",,,"LOS ANGELES","LOS ANGELES",-118.30049896240234,34.095199584960938
8658649,2018,2018-07-11,1942,2018-06-11,1330,37613,2021,1,5,7,1942,0,0,0,,0,20A1,"WESTMINSTER AV","4TH ST",45.00,N,N,A,-,N,,,,,,,,,,N,2,0,1,2,A,-,21,22106,,N,G,B,E,A,H,-,A,D,0,Y,,,,Y,,A,08,1,0,0,0,1,0,0,0,0,"- ","- ",,,"LOS ANGELES","LOS ANGELES",-118.31620788574219,34.067253112792969
8658843,2018,2018-07-10,1920,2018-05-31,0200,13279,,4,5,6,1920,0,0,0,,0,003,"OLD RIVER SCHOOL RD","FIRESTONE BL",27.00,N,N,A,-,N,,,,,,,,,,N,4,0,1,2,A,-,10,21950,A,M,G,B,B,A,H,-,C,A,0,Y,,,,Y,,A,01,0,0,1,0,1,0,0,0,0,"- ","- ",,,"LOS ANGELES",DOWNEY,-118.14896392822266,33.947257995605469
8658872,2018,2018-07-11,1942,2018-05-26,1425,43112,2079,6,5,7,1942,0,0,0,,0,20A71,MAGNOLIA,"PICO BL",240.00,S,N,A,-,N,,,,,,,,,,N,3,0,1,2,A,-,10,21950,C,F,G,B,E,A,H,-,A,D,0,Y,,,,Y,Y,-,99,0,1,0,0,1,0,0,0,0,"- ","- ",,,"LOS ANGELES","LOS ANGELES",-118.28639221191406,34.046642303466797
8659043,2018,2018-08-13,1942,2018-06-17,1425,41376,0835,7,5,7,1942,0,0,0,H,0,8TL26,"SANTA MONICA BL","VETERAN AV",75.00,W,N,A,-,N,,,,,,,,,,N,4,0,1,2,A,-,17,21663,,N,G,B,F,A,H,-,A,D,0,Y,,,,Y,,A,07,0,0,1,0,1,0,0,0,0,"- ","- ",,,"LOS ANGELES","LOS ANGELES",-118.44036102294922,34.048851013183594
8659044,2018,2018-08-21,1942,2018-06-18,1215,40235,0858,1,5,7,1942,0,0,0,H,0,8A95,"PICO BL","W ROBERTSON BL",105.00,,N,A,-,N,,,,,,,,,,N,4,0,1,2,A,-,21,22106,,N,G,B,E,A,H,-,A,D,0,Y,,,,Y,,A,01,0,0,1,0,1,0,0,0,0,"- ","- ",,,"LOS ANGELES","LOS ANGELES",-118.38372039794922,34.054779052734375
8659052,2018,2018-08-21,1942,2018-06-22,1725,37770,0852,5,5,7,1942,0,0,0,H,0,8A53,"SANTA MONICA BL","ARMACOST AV",8.00,W,N,A,-,N,,,,,,,,,,N,3,0,1,2,A,-,10,21950,A,N,G,B,B,A,H,-,A,A,0,Y,,,,Y,,A,01,0,1,0,0,1,0,0,0,0,"- ","- ",,,"LOS ANGELES","LOS ANGELES",-118.46029663085938,34.041889190673828
8659063,2018,2018-08-10,1942,2018-06-04,0800,42451,0669,1,5,7,1942,0,0,0,F,0,6A79,"SANTA MONICA BL","NORMANDIE AV",0.00,,Y,A,-,N,,,,,,,,,,N,4,0,1,2,A,-,10,21950,A,N,G,B,B,A,H,-,A,A,0,Y,,,,Y,,A,01,0,0,1,0,1,0,0,0,0,"- ","- ",,,"LOS ANGELES","LOS ANGELES",-118.30049133300781,34.090831756591797
8659067,2018,2018-08-10,1942,2018-06-06,1020,40010,0645,3,5,7,1942,0,0,0,F,0,6A45,"HIGHLAND AV","SUNSET BL",0.00,,Y,A,-,N,,,,,,,,,,N,4,0,1,2,A,-,21,22106,,F,G,B,B,A,H,-,A,A,0,Y,,,,Y,,-,99,0,0,1,0,1,0,0,0,0,"- ","- ",,,"LOS ANGELES","LOS ANGELES",-118.33866119384766,34.097969055175781
8659068,2018,2018-08-21,1942,2018-06-16,2135,41859,734,6,5,7,1942,0,0,0,,0,7A33,"3RD ST",OGDEN,6.00,W,N,B,-,N,,,,,,,,,,N,4,0,1,2,A,-,03,22350,,M,G,B,F,A,H,-,C,D,0,Y,,,,Y,,-,99,0,0,1,0,1,0,0,0,0,"- ","- ",,,"LOS ANGELES","LOS ANGELES",-118.35903930664062,34.071212768554688
8659097,2018,2018-07-11,1901,2018-05-17,1456,180,12,4,5,5,1901,0,0,0,,0,002,"VALLEY BL","VEGA ST",10.00,E,N,A,-,N,,,,,,,,,,N,3,0,1,2,A,-,10,21950,A,N,G,B,B,A,H,-,A,A,0,Y,,,,Y,,A,01,0,1,0,0,1,0,0,0,0,"- ","- ",,,"LOS ANGELES",ALHAMBRA,-118.11127471923828,34.079181671142578
8659099,2018,2018-08-10,1942,2018-06-16,1910,41856,0817,6,5,7,1942,0,0,0,H,0,8A29,"WESTWOOD BL","KINROSS AV",78.00,S,N,A,-,N,,,,,,,,,,Y,4,0,3,5,A,-,03,22350,,N,C,E,E,A,H,-,B,D,0,Y,,,,Y,,A,07,0,0,3,0,1,0,0,0,0,"- ","- ",,,"LOS ANGELES","LOS ANGELES",-118.44544982910156,34.060577392578125
8659105,2018,2018-07-11,1901,2018-05-16,1440,239,,3,5,5,1901,0,0,0,,0,001,"4TH ST","MAIN ST",15.00,S,N,A,-,N,,,,,,,,,,N,4,0,1,2,A,-,10,21950,A,M,G,B,B,A,H,-,A,A,0,Y,,,,Y,,A,07,0,0,1,0,1,0,0,0,0,"- ","- ",,,"LOS ANGELES",ALHAMBRA,-118.13117980957031,34.0931396484375
8659113,2018,2018-07-11,1901,2018-05-16,1005,239,17,3,5,5,1901,0,0,0,,0,004,"VALLEY BL","EDGEWOOD DR",12.00,E,N,A,-,N,,,,,,,,,,N,3,0,1,2,A,-,10,21950,A,N,G,B,B,A,H,-,A,A,0,Y,,,,Y,,A,01,0,1,0,0,1,0,0,0,0,"- ","- ",,,"LOS ANGELES",ALHAMBRA,-118.14867401123047,34.077072143554688
8659137,2018,2018-07-20,1942,2018-07-04,2100,42338,1239,3,5,7,1942,0,0,0,L,0,12A49,"BONSALLO AV","59TH ST",224.00,N,N,A,-,N,,,,,,,,,,N,2,0,1,2,A,-,11,21954,A,N,G,B,E,A,H,-,C,D,0,Y,,,,Y,,N,60,1,0,0,0,1,0,0,0,0,"- ","- ",,,"LOS ANGELES","LOS ANGELES",-118.28595733642578,33.988132476806641
8659144,2018,2018-07-25,1942,2018-06-22,1930,40841,1025,5,5,7,1942,0,0,0,J,0,10X18,"ETIWANDA AV","HART ST",80.00,S,N,A,-,N,,,,,,,,,,N,4,0,1,2,A,-,11,21956,A,N,B,B,C,A,H,-,A,D,0,Y,,,,Y,,N,60,0,0,1,0,1,0,0,0,0,"- ","- ",,,"LOS ANGELES","LOS ANGELES",-118.53169250488281,34.197261810302734
8659151,2018,2018-07-26,1942,2018-06-30,1345,26947,1025,6,5,7,1942,0,0,0,J,0,10A21,"VANOWEN ST","DARBY AV",0.00,,Y,A,-,N,,,,,,,,,,N,4,0,1,2,A,-,10,21952,,N,G,B,C,A,H,-,A,D,0,Y,,,,Y,,A,01,0,0,1,0,1,0,0,0,0,"- ","- ",,,"LOS ANGELES","LOS ANGELES",-118.53353118896484,34.193840026855469
8659154,2018,2018-07-23,1942,2018-06-30,0620,42818,1663,6,5,7,1942,0,0,0,P,0,16A77,"TELFAIR AV","ALLEGHENY ST",134.00,S,N,B,-,N,,,,,,,,,,N,2,0,1,2,A,-,11,21954,A,N,G,B,D,A,H,-,A,D,0,Y,,,,Y,,N,60,1,0,0,0,1,0,0,0,0,"- ","- ",,,"LOS ANGELES","LOS ANGELES",-118.39539337158203,34.23504638671875
8659174,2018,2018-07-23,1942,2018-06-29,1840,36733,1718,5,5,7,1942,0,0,0,Q,0,17A49,"LAHEY ST","GAYNOR AV",10.00,W,N,A,-,N,,,,,,,,,,N,2,0,1,2,A,-,10,21950,C,N,G,B,B,A,H,-,A,A,0,Y,,,,Y,,A,01,1,0,0,0,1,0,0,0,0,"- ","- ",,,"LOS ANGELES","LOS ANGELES",-118.48073577880859,34.272789001464844
8659197,2018,2018-07-20,1942,2018-07-02,1510,42561,1025,1,5,7,1942,0,0,0,J,0,10A17,"HART ST","ETIWANDA AV",0.00,,Y,A,-,N,,,,,,,,,,N,4,0,1,2,A,-,10,21950,A,N,D,B,B,A,H,-,A,A,0,Y,,,,Y,,A,01,0,0,1,0,1,0,0,0,0,"- ","- ",,,"LOS ANGELES","LOS ANGELES",-118.53169250488281,34.197479248046875
8659264,2018,2018-07-20,1942,2018-07-04,0910,41497,1001,3,5,7,1942,0,0,0,J,0,10A3,"TAMPA AV","KESWICK ST",325.00,N,N,A,-,N,,,,,,,,,,N,3,0,1,2,A,-,10,21954,B,F,G,B,E,A,H,-,A,D,0,Y,,,,Y,,-,99,0,1,0,0,1,0,0,0,0,"- ","- ",,,"LOS ANGELES","LOS ANGELES",-118.55351257324219,34.211063385009766
8659280,2018,2018-07-23,1941,2018-07-01,1837,10948,,7,5,7,1941,0,0,0,,0,,"4TH ST","ROYCROFT AV",0.00,,Y,A,-,N,,,,,,,,,,N,2,0,1,2,A,-,11,21954,A,N,G,B,D,A,H,-,A,D,0,Y,,,,Y,,N,,1,0,0,0,1,0,0,0,0,"- ","- ",,,"LOS ANGELES","LONG BEACH",-118.13832855224609,33.771709442138672
8659343,2018,2018-07-12,1955,2018-05-17,0720,42273,16,4,5,6,1955,0,0,0,,0,003,"INDIAN HILL BL","SAN BERNARDINO AV",0.00,,Y,A,-,N,,,,,,,,,,N,3,0,1,2,A,-,06,21951,,N,G,B,B,A,H,-,A,A,0,Y,,,,Y,,D,22,0,1,0,0,1,0,0,0,0,"- ","- ",,,"LOS ANGELES",POMONA,-117.71925354003906,34.075881958007812
8659449,2018,2018-07-20,1942,2018-06-01,0815,26281,0745,5,5,7,1942,0,0,0,G,0,7A33,"HAUSER BL","WILSHIRE BL",0.00,,Y,A,-,N,,,,,,,,,,N,3,0,1,2,A,-,10,21950,A,N,G,B,B,A,H,-,A,A,0,Y,,,,Y,,A,07,0,1,0,0,1,0,0,0,0,"- ","- ",,,"LOS ANGELES","LOS ANGELES",-118.3514404296875,34.062370300292969
8659465,2018,2018-07-20,1942,2018-06-10,1310,37613,0762,7,5,7,1942,0,0,0,G,0,7A53,"CRESCENT HEIGHTS BL","18TH ST",7.00,N,N,A,-,N,,,,,,,,,,N,2,0,1,2,A,-,11,21950,B,N,G,B,B,A,H,-,A,A,0,Y,,,,Y,,N,60,1,0,0,0,1,0,0,0,0,"- ","- ",,,"LOS ANGELES","LOS ANGELES",-118.37453460693359,34.044116973876953
8659479,2018,2018-07-19,1942,2018-06-19,2105,33757,2046,2,5,7,1942,0,0,0,,0,20A45,"JAMES M WOOD BL","KENMORE AV",6.00,W,N,B,-,N,,,,,,,,,,N,4,0,1,2,A,-,10,21950,A,N,G,B,C,A,H,-,C,D,0,Y,,,,Y,,A,01,0,0,1,0,1,0,0,0,0,"- ","- ",,,"LOS ANGELES","LOS ANGELES",-118.296555,34.055928000000002
8659481,2018,2018-07-20,1942,2018-06-04,1100,37966,0721,1,5,7,1942,0,0,0,G,0,7A21,"W 3RD ST","WILLAMAN DR",72.00,W,N,A,-,N,,,,,,,,,,N,4,0,1,2,A,-,11,21954,A,N,G,B,D,A,H,-,A,D,0,Y,,,,Y,,N,60,0,0,1,0,1,0,0,0,0,"- ","- ",,,"LOS ANGELES","LOS ANGELES",-118.38083648681641,34.073600769042969
8659510,2018,2018-07-19,1942,2018-06-05,1045,26281,0745,2,5,7,1942,0,0,0,G,0,7A33,"WILSHIRE BL","RIDGELEY DR",0.00,,Y,B,-,N,,,,,,,,,,N,4,0,1,2,A,-,11,21456,B,N,G,B,B,A,H,-,A,A,0,Y,,,,Y,,N,60,0,0,1,0,1,0,0,0,0,"- ","- ",,,"LOS ANGELES","LOS ANGELES",-118.3504638671875,34.062351226806641
8659540,2018,2018-08-01,1942,2018-06-26,1918,42988,0784,2,5,7,1942,0,0,0,G,0,7X14W7,"REDONDO BL","WASHINGTON BL",0.00,,Y,A,-,N,,,,,,,,,,N,3,0,1,2,A,-,10,21950,A,N,G,B,B,A,H,-,A,A,0,Y,,,,Y,,-,"- ",0,1,0,0,1,0,0,0,0,"- ","- ",,,"LOS ANGELES","LOS ANGELES",-118.35281372070312,34.041210174560547
8659545,2018,2018-07-20,1942,2018-07-05,1220,39192,1063,4,5,7,1942,0,0,0,J,0,10A83,"RESEDA BL","BURBANK BL",6.00,N,N,A,-,N,,,,,,,,,,N,4,0,1,2,A,-,10,21950,A,N,G,B,B,A,H,-,A,A,0,Y,,,,Y,,D,22,0,0,1,0,1,0,0,0,0,"- ","- ",,,"LOS ANGELES","LOS ANGELES",-118.53600311279297,34.172355651855469
8659557,2018,2018-07-24,1942,2018-06-20,0815,41198,1075,3,5,7,1942,0,0,0,J,0,10A99,"LINDLEY AV","KILLION ST",0.00,,Y,A,-,N,,,,,,,,,,N,2,0,1,2,A,-,10,21950,A,N,G,B,B,A,H,-,A,A,0,Y,,,,Y,,D,22,1,0,0,0,1,0,0,0,0,"- ","- ",,,"LOS ANGELES","LOS ANGELES",-118.52725219726562,34.170799255371094
8659568,2018,2018-07-23,1942,2018-06-24,1710,42041,RD032,7,5,7,1942,0,0,0,,0,3A1W2,"FIGUEROA ST","32ND ST",0.00,,Y,A,-,N,,,,,,,,,,N,3,0,1,2,A,-,10,21950,A,N,A,B,B,A,H,-,A,A,0,Y,,,,Y,,A,07,0,1,0,0,1,0,0,0,0,"- ","- ",,,"LOS ANGELES","LOS ANGELES",-118.27896118164062,34.023509979248047
8659572,2018,2018-07-23,1942,2018-06-18,1930,42519,0331,1,5,7,1942,0,0,0,C,0,3A31,LONGWOOD,ADAMS,150.00,S,N,A,-,N,,,,,,,,,,N,2,0,1,2,A,-,03,22350,,N,G,B,E,A,H,-,A,D,0,Y,,,,Y,,A,01,1,0,0,0,1,0,0,0,0,"- ","- ",,,"LOS ANGELES","LOS ANGELES",-118.34989929199219,34.032150268554688
8659576,2018,2018-07-23,1942,2018-06-18,1720,41579,0361,1,5,7,1942,0,0,0,C,0,3A1,"LA BREA","RODEO RD",0.00,,Y,A,-,N,,,,,,,,,,N,2,0,1,2,A,-,11,21955,,F,G,B,D,A,H,-,A,A,0,Y,,,,Y,,-,99,1,0,0,0,1,0,0,0,0,"- ","- ",,,"LOS ANGELES","LOS ANGELES",-118.35561370849609,34.021530151367188
8659582,2018,2018-07-19,1965,2018-06-17,1430,3270,,7,5,5,1965,0,0,0,,0,,"SANTA MONICA PIER","SANTA MONICA PIER  400",0.00,,N,-,-,N,,,,,,,,,,N,3,0,1,2,A,-,03,22350,,F,-,-,-,-,-,-,-,-,0,Y,,,,Y,,-,,0,1,0,0,1,0,0,0,0,"- ","- ",,,"LOS ANGELES","SANTA MONICA",-118.498125,34.008789999999998
8659596,2018,2018-07-23,1942,2018-06-21,1045,41439,1803,4,5,7,1942,0,0,0,R,0,18A3,"E MANCHESTER AV","S SAN PEDRO ST",150.00,W,N,A,-,N,,,,,,,,,,N,4,0,1,2,A,-,03,22350,,F,G,B,E,A,H,-,A,D,0,Y,,,,Y,,-,99,0,0,1,0,1,0,0,0,0,"- ","- ",,,"LOS ANGELES","LOS ANGELES",-118.26999664306641,33.960109710693359
8659617,2018,2018-07-24,1942,2018-07-06,1000,41198,0904,5,5,7,1942,0,0,0,I,0,9A5,"RAYMER ST","KESTER AV",1400.00,E,N,A,-,N,,,,,,,,,,N,4,0,1,2,A,-,10,21954,B,F,G,B,E,A,H,-,A,A,0,Y,,,,Y,,-,99,0,0,1,0,1,0,0,0,0,"- ","- ",,,"LOS ANGELES","LOS ANGELES",-118.45391845703125,34.212478637695312
8659846,2018,2018-07-13,1961,2018-06-11,0625,6490,1961,1,5,3,1961,0,0,0,,0,003,"GRIFFITH ST","SOUTH WORKMAN ST",0.00,,Y,A,-,N,,,,,,,,,,N,4,0,1,2,A,-,10,21950,A,N,G,B,B,A,H,-,A,A,0,Y,,,,Y,,A,01,0,0,1,0,1,0,0,0,0,"- ","- ",,,"LOS ANGELES","SAN FERNANDO",-118.45001220703125,34.283161163330078
8659974,2018,2018-07-17,1942,2018-06-24,1230,34458,0202,7,5,7,1942,0,0,0,B,0,A21,"VIRGIL AV","LOCKWOOD AV",26.00,S,N,A,-,N,,,,,,,,,,N,2,0,1,2,A,-,11,21955,,N,G,B,D,A,H,-,A,A,0,Y,,,,Y,Y,N,60,1,0,0,0,1,0,0,0,0,"- ","- ",,,"LOS ANGELES","LOS ANGELES",-118.28690338134766,34.088668823242188
8659994,2018,2018-07-17,1942,2018-06-12,2300,40325,0236,2,5,7,1942,0,0,0,B,0,2A56,"3RD ST","WESTLAKE AV",0.00,,Y,A,-,N,,,,,,,,,,N,2,0,1,2,A,-,11,21950,B,N,G,B,D,A,H,-,C,A,0,Y,,,,Y,,A,08,1,0,0,0,1,0,0,0,0,"- ","- ",,,"LOS ANGELES","LOS ANGELES",-118.27146148681641,34.062450408935547
8660204,2018,2018-07-16,1901,2018-03-03,1118,102,24,6,5,5,1901,0,0,0,,0,003,"MARGUERITA AV","MAIN ST",0.00,,Y,A,-,N,,,,,,,,,,N,4,0,1,2,A,-,10,21950,A,N,-,B,-,-,H,-,A,A,0,Y,,,,Y,,-,,0,0,1,0,1,0,0,0,0,"- ","- ",,,"LOS ANGELES",ALHAMBRA,-118.13835144042969,34.091541290283203
8660220,2018,2018-07-16,1942,2018-03-25,1945,42180,1218,7,5,7,1942,0,0,0,L,0,12XL7,"HOOVER ST","54TH ST",0.00,,Y,A,-,N,,,,,,,,,,N,3,0,2,3,A,-,10,21950,A,N,G,B,B,A,H,-,B,A,0,Y,,,,Y,,A,01,0,2,0,0,2,0,0,0,0,"- ","- ",,,"LOS ANGELES","LOS ANGELES",-118.28714752197266,33.993251800537109
8660549,2018,2018-07-16,1942,2018-06-27,2205,40388,2136,3,5,7,1942,0,0,0,,0,21A5,"TOPANGA CANYON BL","CANTLAY ST",70.00,S,N,A,-,Y,,,,,,,,,,N,3,0,1,2,A,-,11,21955,,N,G,B,D,A,H,-,C,A,0,Y,,,,Y,Y,N,60,0,1,0,0,1,0,0,0,0,"- ","- ",,,"LOS ANGELES","LOS ANGELES",-118.60594940185547,34.201789855957031
8660602,2018,2018-07-31,1972,2018-04-15,1053,21301,,7,5,6,1972,0,0,0,,0,,"OCEAN AV","230TH ST",0.00,,Y,A,-,N,,,,,,,,,,N,3,0,1,2,A,-,11,21950,B,N,G,B,B,A,H,-,A,D,0,Y,,,,Y,,N,,0,1,0,0,1,0,0,0,0,"- ","- ",,,"LOS ANGELES",TORRANCE,-118.35440826416016,33.818660736083984
8660634,2018,2018-08-17,1972,2018-04-07,2259,16610,,6,5,6,1972,0,0,0,,0,,"HAWTHORNE BL","182ND ST",28.00,S,N,A,-,Y,LA,7,107,-,-,4.193,I,5,N,N,3,0,1,2,A,-,09,21453,C,F,D,B,B,A,H,-,C,A,0,Y,,,,Y,Y,N,,0,1,0,0,1,0,0,0,0,"- ","- ",,,"LOS ANGELES",TORRANCE,-118.35247039794922,33.865566253662109
8660713,2018,2018-11-13,1900,2018-07-02,2015,541581,531,1,5,5,1959,0,0,0,,0,53T1PM,"ROSEMEAD BL","VALLEY BL",8.00,S,N,A,-,Y,LA,7,164,-,-,6.224,I,5,S,Y,4,0,1,2,A,-,10,21950,A,N,G,B,B,A,H,-,C,A,0,Y,,,,Y,,A,08,0,0,1,0,1,0,0,0,0,"- ","- ",34.080780029296875,-118.07318878173828,"LOS ANGELES",ROSEMEAD,-118.07327270507812,34.080940246582031
8660871,2018,2018-08-17,1942,2018-06-11,1015,34959,0635,1,5,7,1942,0,0,0,F,0,6A15,"CAHUENGA BL","CERRITOS PL",75.00,S,N,A,-,Y,LA,7,101,-,-,7.277,R,4,S,N,3,0,1,2,A,-,11,21954,A,N,G,B,D,A,H,-,A,D,0,Y,,,,Y,,N,60,0,1,0,0,1,0,0,0,0,"- ","- ",,,"LOS ANGELES","LOS ANGELES",-118.32814788818359,34.106266021728516