CASE_ID,ACCIDENT_YEAR,PROC_DATE,JURIS,COLLISION_DATE,COLLISION_TIME,OFFICER_ID,REPORTING_DISTRICT,DAY_OF_WEEK,CHP_SHIFT,POPULATION,CNTY_CITY_LOC,SPECIAL_COND,BEAT_TYPE,CHP_BEAT_TYPE,CITY_DIVISION_LAPD,CHP_BEAT_CLASS,BEAT_NUMBER,PRIMARY_RD,SECONDARY_RD,DISTANCE,DIRECTION,INTERSECTION,WEATHER_1,WEATHER_2,STATE_HWY_IND,CALTRANS_COUNTY,CALTRANS_DISTRICT,STATE_ROUTE,ROUTE_SUFFIX,POSTMILE_PREFIX,POSTMILE,LOCATION_TYPE,RAMP_INTERSECTION,SIDE_OF_HWY,TOW_AWAY,COLLISION_SEVERITY,NUMBER_KILLED,NUMBER_INJURED,PARTY_COUNT,PRIMARY_COLL_FACTOR,PCF_CODE_OF_VIOL,PCF_VIOL_CATEGORY,PCF_VIOLATION,PCF_VIOL_SUBSECTION,HIT_AND_RUN,TYPE_OF_COLLISION,MVIW,PED_ACTION,ROAD_SURFACE,ROAD_COND_1,ROAD_COND_2,LIGHTING,CONTROL_DEVICE,CHP_ROAD_TYPE,PEDESTRIAN_ACCIDENT,BICYCLE_ACCIDENT,MOTORCYCLE_ACCIDENT,TRUCK_ACCIDENT,NOT_PRIVATE_PROPERTY,ALCOHOL_INVOLVED,STWD_VEHTYPE_AT_FAULT,CHP_VEHTYPE_AT_FAULT,COUNT_SEVERE_INJ,COUNT_VISIBLE_INJ,COUNT_COMPLAINT_PAIN,COUNT_PED_KILLED,COUNT_PED_INJURED,COUNT_BICYCLIST_KILLED,COUNT_BICYCLIST_INJURED,COUNT_MC_KILLED,COUNT_MC_INJURED,PRIMARY_RAMP,SECONDARY_RAMP,LATITUDE,LONGITUDE,COUNTY,CITY,POINT_X,POINT_Y
8677272,2018,2018-08-29,1918,2018-06-10,2036,1157,,7,5,4,1918,0,0,0,,0,,"WASHINGTON BL","HURON AV",0.00,,Y,A,-,N,,,,,,,,,,N,4,0,1,2,A,-,10,21950,A,N,G,B,B,A,H,-,C,D,0,Y,,,,Y,,A,07,0,0,1,0,1,0,0,0,0,"- ","- ",34.011569976806641,-118.41053771972656,"LOS ANGELES","CULVER CITY",-118.41085052490234,34.011009216308594
8677291,2018,2018-08-21,1918,2018-01-27,1615,1110,1918,6,5,4,1918,0,0,0,,0,4L4D,"SEPULVEDA BL","PLAYA ST",0.00,,Y,A,-,N,,,,,,,,,,N,4,0,1,2,A,-,11,21954,A,N,G,B,D,A,H,-,A,A,0,Y,,,,Y,,N,60,0,0,1,0,1,0,0,0,0,"- ","- ",33.990150451660156,-118.39517974853516,"LOS ANGELES","CULVER CITY",-118.39524078369141,33.990249633789062
8677303,2018,2018-08-21,1918,2018-01-15,0936,742,180,1,5,4,1918,0,0,0,,0,4T22,"STELLER DR","HAYDEN AV",3.00,N,N,B,-,N,,,,,,,,,,N,4,0,1,2,A,-,10,21950,A,N,G,B,B,A,H,-,A,D,0,Y,,,,Y,,A,01,0,0,1,0,1,0,0,0,0,"- ","- ",34.026359558105469,-118.47685241699219,"LOS ANGELES","CULVER CITY",-118.38140106201172,34.024929046630859
8677315,2018,2018-08-21,1918,2018-01-13,1415,1123,,6,5,4,1918,0,0,0,,0,4T25,"NATIONAL BL","WASHINGTON BL",0.00,,Y,A,-,N,,,,,,,,,,N,3,0,1,2,A,-,10,21950,A,N,G,B,B,A,H,-,A,A,0,Y,,,,Y,,A,01,0,1,0,0,1,0,0,0,0,"- ","- ",34.029598236083984,-118.38198089599609,"LOS ANGELES","CULVER CITY",-118.38652801513672,34.028171539306641
8677335,2018,2018-08-21,1918,2018-01-10,1604,798,1918,3,5,4,1918,0,0,0,,0,4T24,"OVERLAND AV","KELMORE ST",0.00,,Y,A,-,N,,,,,,,,,,N,4,0,1,2,A,-,10,21950,A,N,G,B,B,A,H,-,A,A,0,Y,,,,Y,,A,01,0,0,1,0,1,0,0,0,0,"- ","- ",33.997570037841797,-118.3902587890625,"LOS ANGELES","CULVER CITY",-118.39031982421875,33.9976806640625
8677343,2018,2018-08-21,1918,2018-01-09,1607,798,1918,2,5,4,1918,0,0,0,,0,4T24,"WASHINGTON BL","ADAMS BL",0.00,,Y,A,B,N,,,,,,,,,,N,4,0,1,2,A,-,11,21950,B,N,G,B,B,B,H,-,A,A,0,Y,,,,Y,,N,60,0,0,1,0,1,0,0,0,0,"- ","- ",34.034381866455078,-118.36860656738281,"LOS ANGELES","CULVER CITY",-118.37316131591797,34.032989501953125
8677344,2018,2018-08-22,1918,2018-02-12,1650,701,1918,1,5,4,1918,0,0,0,,0,4T5,"LAFAYETTE PL","BRADDOCK DR",460.00,S,N,A,-,N,,,,,,,,,,N,4,0,1,2,A,-,11,21954,A,N,G,B,D,A,H,-,A,D,0,Y,,,,Y,,N,60,0,0,1,0,1,0,0,0,0,"- ","- ",34.020820617675781,-118.39353942871094,"LOS ANGELES","CULVER CITY",-118.39232635498047,34.020126342773438
8677347,2018,2018-08-21,1918,2018-01-09,1150,701,1918,2,5,4,1918,0,0,0,,0,4T5,"WASHINGTON BL","CULVER CTR",0.00,,Y,C,-,N,,,,,,,,,,N,3,0,2,3,A,-,10,21950,A,N,G,B,B,B,H,-,A,A,0,Y,,,,Y,,A,01,0,1,1,0,2,0,0,0,0,"- ","- ",34.016120910644531,-118.40628814697266,"LOS ANGELES","CULVER CITY",-118.40634918212891,34.016071319580078
8677348,2018,2018-08-22,1918,2018-02-12,1605,701,1918,1,5,4,1918,0,0,0,,0,4T5,"OVERLAND AV","VIRGINIA AV",282.00,S,N,A,-,N,,,,,,,,,,N,4,0,1,2,A,-,10,21952,,N,G,B,F,A,H,-,A,D,0,Y,,,,Y,,A,07,0,0,1,0,1,0,0,0,0,"- ","- ",34.006050109863281,-118.39521026611328,"LOS ANGELES","CULVER CITY",-118.39462280273438,34.005466461181641
8677351,2018,2018-08-21,1918,2018-01-08,1805,1087,1918,1,5,4,1918,0,0,0,,0,4A3D,"WASHINGTON BL","REDWOOD AV",0.00,,Y,C,G,N,,,,,,,,,,N,3,0,1,2,A,-,10,21950,A,N,G,B,B,B,H,-,C,A,0,Y,,,,Y,,A,01,0,1,0,0,1,0,0,0,0,"- ","- ",33.993190765380859,-118.44242095947266,"LOS ANGELES","CULVER CITY",-118.44232940673828,33.993190765380859
8677356,2018,2018-08-22,1918,2018-02-09,0824,1123,,5,5,4,1918,0,0,0,,0,4T25,"MCMANUS AV","WASHINGTON BL E",0.00,,Y,A,-,N,,,,,,,,,,N,2,0,1,2,A,-,10,21950,A,N,G,B,B,A,H,-,A,A,0,Y,,,,Y,,A,01,1,0,0,0,1,0,0,0,0,"- ","- ",34.03240966796875,-118.37464141845703,"LOS ANGELES","CULVER CITY",-118.3795166015625,34.030971527099609
8677365,2018,2018-08-22,1900,2018-07-27,0705,525735,0262,5,5,4,1917,0,0,0,,0,26T,"WILCOX AV","ELIZABETH ST",0.00,,Y,A,-,N,,,,,,,,,,N,4,0,1,2,A,-,10,21950,A,N,H,B,B,A,H,-,A,D,0,Y,,,,Y,,D,22,0,0,1,0,1,0,0,0,0,"- ","- ",,,"LOS ANGELES",CUDAHY,-118.17893981933594,33.962440490722656
8677611,2018,2018-09-25,1942,2018-07-31,1835,43242,1751,2,5,7,1942,0,0,0,Q,0,17A74,"LASSEN ST","TOPANGA CANYON",1.00,W,N,A,-,N,,,,,,,,,,N,3,0,1,2,A,-,10,21950,A,N,G,B,B,A,H,-,A,A,0,Y,,,,Y,,D,22,0,1,0,0,1,0,0,0,0,"- ","- ",,,"LOS ANGELES","LOS ANGELES",-118.60604095458984,34.249969482421875
8677629,2018,2018-10-02,1955,2018-07-08,2229,42115,11,7,5,6,1955,0,0,0,,0,003,"GIBBS ST","E MONTEREY AV",30.00,N,N,A,-,N,,,,,,,,,,Y,3,0,1,2,A,-,10,21950,,N,-,B,D,A,H,-,C,A,0,Y,,,,Y,,A,01,0,1,0,0,1,0,0,0,0,"- ","- ",,,"LOS ANGELES",POMONA,-117.74806976318359,34.060672760009766
8677652,2018,2018-10-02,1910,2018-07-06,1848,4829,,5,5,4,1910,0,0,0,,0,005,"S BEVERLY DR","GREGORY WY",300.00,N,N,A,-,N,,,,,,,,,,N,3,0,1,2,A,-,11,21954,A,N,G,B,D,A,H,-,A,D,0,Y,,,,Y,,N,60,0,1,0,0,1,0,0,0,0,"- ","- ",,,"LOS ANGELES","BEVERLY HILLS",-118.39911651611328,34.063053131103516
8678021,2018,2018-10-05,1942,2018-08-01,1415,30830,1547,3,5,7,1942,0,0,0,O,0,15A39,"TUJUNGA AV","BURBANK BL",130.00,N,N,A,-,N,,,,,,,,,,N,4,0,1,2,A,-,10,21952,,N,G,B,F,A,H,-,A,D,0,Y,,,,Y,,A,01,0,0,1,0,1,0,0,0,0,"- ","- ",,,"LOS ANGELES","LOS ANGELES",-118.37904357910156,34.172508239746094
8678033,2018,2018-10-05,1942,2018-08-03,1625,40141,1596,5,5,7,1942,0,0,0,O,0,15A85,"ARCH DR","VENTURA BL",4.00,N,N,A,-,N,,,,,,,,,,N,4,0,1,2,A,-,10,21950,A,N,G,B,B,A,H,-,A,A,0,Y,,,,Y,,A,01,0,0,1,0,1,0,0,0,0,"- ","- ",,,"LOS ANGELES","LOS ANGELES",-118.37412261962891,34.141910552978516
8678179,2018,2018-10-04,1941,2018-07-31,0025,6325,,2,5,7,1941,0,0,0,,0,,"BELLFLOWER BL","DEL AMO BL",98.00,S,N,A,-,N,,,,,,,,,,,2,0,1,2,A,-,11,21954,A,N,G,B,D,A,H,-,C,A,0,Y,,,,Y,,N,,1,0,0,0,1,0,0,0,0,"- ","- ",,,"LOS ANGELES","LONG BEACH",-118.12509155273438,33.846851348876953
8678180,2018,2018-10-05,1941,2018-07-29,0906,10318,,7,5,7,1941,0,0,0,,0,,BROADWAY,"REDONDO AV",21.00,W,N,A,-,N,,,,,,,,,,N,3,0,1,2,A,-,10,21950,A,N,A,B,B,A,H,-,A,A,0,Y,,,,Y,,A,,0,1,0,0,1,0,0,0,0,"- ","- ",,,"LOS ANGELES","LONG BEACH",-118.15249633789062,33.764450073242188
8678200,2018,2018-10-08,1941,2018-07-21,1710,11126,,6,5,7,1941,0,0,0,,0,,"ATHERTON ST","PARK AV",150.00,W,N,A,-,N,,,,,,,,,,N,4,0,1,2,A,-,11,21954,A,N,A,B,D,A,H,-,A,D,0,Y,,,,Y,,N,,0,0,1,0,1,0,0,0,0,"- ","- ",,,"LOS ANGELES","LONG BEACH",-118.13726043701172,33.789859771728516
8678232,2018,2018-10-05,1941,2018-07-25,1944,6296,,3,5,7,1941,0,0,0,,0,,"EASY AV","S 29TH ST",335.00,S,N,A,-,N,,,,,,,,,,N,3,0,1,2,A,-,11,21954,A,N,D,B,E,A,H,-,A,D,0,Y,,,,Y,,N,,0,1,0,0,1,0,0,0,0,"- ","- ",,,"LOS ANGELES","LONG BEACH",-118.21004486083984,33.808902740478516
8678243,2018,2018-10-08,1942,2018-08-10,1645,42595,0393,5,5,7,1942,0,0,0,C,0,3A82,STOCKER,MCCLUNG,25.00,E,N,A,-,N,,,,,,,,,,N,4,0,1,2,A,-,11,21954,A,F,B,B,E,A,H,-,A,D,0,Y,,,,Y,,N,60,0,0,1,0,1,0,0,0,0,"- ","- ",,,"LOS ANGELES","LOS ANGELES",-118.33401489257812,34.008438110351562
8678254,2018,2018-10-05,1942,2018-08-01,1030,40235,2038,3,5,7,1942,0,0,0,,0,20A39,"WILSHIRE BL","VERMONT AV",0.00,,Y,A,-,N,,,,,,,,,,N,3,0,1,2,A,-,10,21950,A,F,G,B,B,A,H,-,A,A,0,Y,,,,Y,,-,99,0,1,0,0,1,0,0,0,0,"- ","- ",,,"LOS ANGELES","LOS ANGELES",-118.29167938232422,34.061801910400391
8678261,2018,2018-08-31,1942,2018-07-21,1040,34959,2049,6,5,7,1942,0,0,0,,0,20A69,"JAMES M WOOD BL","WESTMORELAND AV",293.00,W,N,A,-,N,,,,,,,,,,N,4,0,1,2,A,-,11,21954,A,N,G,B,D,A,H,-,A,D,0,Y,,,,Y,,N,60,0,0,1,0,1,0,0,0,0,"- ","- ",,,"LOS ANGELES","LOS ANGELES",-118.29004999999999,34.055925999999999
8678287,2018,2018-10-08,1942,2018-08-14,1330,37146,0358,2,5,7,1942,0,0,0,C,0,3A57,"MCCLINTOCK AV","34TH ST",10.00,E,N,A,-,N,,,,,,,,,,N,4,0,1,2,A,-,10,21950,A,N,G,B,B,A,H,-,A,A,0,Y,,,,Y,,A,01,0,0,1,0,1,0,0,0,0,"- ","- ",,,"LOS ANGELES","LOS ANGELES",-118.28756713867188,34.024333953857422
8678314,2018,2018-10-05,1942,2018-08-04,1610,37700,0668,6,5,7,1942,0,0,0,F,0,6A79,"WESTERN AV","FOUNTAIN AV",0.00,,Y,A,-,N,,,,,,,,,,N,3,0,1,2,A,-,10,21950,,N,G,B,B,A,H,-,A,A,0,Y,,,,Y,,A,01,0,1,0,0,1,0,0,0,0,"- ","- ",,,"LOS ANGELES","LOS ANGELES",-118.30919647216797,34.094879150390625
8678318,2018,2018-10-05,1942,2018-08-11,0125,40157,0636,6,5,7,1942,0,0,0,F,0,14T47,"HOLLYWOOD BL","HUDSON AV",48.00,E,N,A,-,N,,,,,,,,,,N,4,0,1,2,A,-,08,22102,,F,G,B,D,A,H,-,C,D,0,Y,,,,Y,,-,99,0,0,1,0,1,0,0,0,0,"- ","- ",,,"LOS ANGELES","LOS ANGELES",-118.33229827880859,34.101589202880859
8678388,2018,2018-09-04,1942,2018-07-07,1645,42685,0848,6,5,7,1942,0,0,0,H,0,8A36,"GALAXY WY","CENTURY PARK EAST",0.00,,Y,A,-,N,,,,,,,,,,N,4,0,1,2,A,-,03,22350,,F,G,B,E,A,H,-,A,D,0,Y,,,,Y,,-,99,0,0,1,0,1,0,0,0,0,"- ","- ",,,"LOS ANGELES","LOS ANGELES",-118.40966796875,34.056911468505859
8678444,2018,2018-08-30,1942,2018-07-24,2135,41856,0701,2,5,7,1942,0,0,0,G,0,7A1,"MELROSE AV","SWEETZER AV",60.00,W,N,A,-,N,,,,,,,,,,N,3,0,1,2,A,-,11,21954,A,N,G,B,D,A,H,-,C,D,0,Y,,,,Y,,N,60,0,1,0,0,1,0,0,0,0,"- ","- ",,,"LOS ANGELES","LOS ANGELES",-118.37051391601562,34.083686828613281
8678456,2018,2018-08-30,1942,2018-07-01,1500,42996,PAFIC,7,5,7,1942,0,0,0,,0,14FB6,BROOKS,"OCEAN FRONT WALK",10.00,S,N,A,-,N,,,,,,,,,,N,3,0,1,2,A,-,03,22350,,F,A,B,F,A,H,-,A,D,0,Y,,,,Y,,-,99,0,1,0,0,1,0,0,0,0,"- ","- ",,,"LOS ANGELES","LOS ANGELES",-118.47691345214844,33.990570068359375
8678498,2018,2018-09-04,1910,2018-06-27,1326,03438,,3,5,4,1910,0,0,0,,0,009,"N ALLEY OF WILSHIRE BL","CLARK DR",0.00,E,N,A,-,N,,,,,,,,,,Y,2,0,1,2,B,-,22,,,N,D,B,F,A,H,-,A,D,0,Y,,,,Y,,A,01,1,0,0,0,1,0,0,0,0,"- ","- ",,,"LOS ANGELES","BEVERLY HILLS",-118.38469696044922,34.067070007324219
8678510,2018,2018-09-04,1942,2018-06-28,1840,43008,LAPD,4,5,7,1942,0,0,0,,0,14A56,"MIDVALE AV","VENICE BL",100.00,N,N,A,-,N,,,,,,,,,,N,4,0,1,2,A,-,11,21954,A,F,G,B,C,A,H,-,A,D,0,Y,,,,Y,,-,99,0,0,1,0,1,0,0,0,0,"- ","- ",,,"LOS ANGELES","LOS ANGELES",-118.41106414794922,34.016826629638672
8678734,2018,2018-09-12,1942,2018-08-11,1730,36841,1134,6,5,7,1942,0,0,0,K,0,11A58,"AVE 33",VERDUGO,0.00,,Y,A,-,N,,,,,,,,,,N,4,0,1,2,A,-,10,21950,C,F,B,B,E,A,H,-,A,D,0,Y,,,,Y,,-,"- ",0,0,1,0,1,0,0,0,0,"- ","- ",,,"LOS ANGELES","LOS ANGELES",-118.23605346679688,34.111648559570312
8678972,2018,2018-08-29,1942,2018-07-30,1815,39222,1601,1,5,7,1942,0,0,0,P,0,15A38,"PAXTON ST","BORDEN AV",5.00,W,N,A,-,N,,,,,,,,,,N,3,0,1,2,A,-,09,21801,A,F,D,B,B,-,H,-,A,A,0,Y,,,,Y,,-,99,0,1,0,0,1,0,0,0,0,"- ","- ",,,"LOS ANGELES","LOS ANGELES",-118.41473388671875,34.282039642333984
8678984,2018,2018-08-29,1942,2018-07-28,2245,38835,1966,6,5,7,1942,0,0,0,,0,19Q24,"NORDHOFF ST","WOODMAN AV",135.00,W,N,A,-,N,,,,,,,,,,N,3,0,1,2,A,-,11,21954,A,F,G,B,D,A,H,-,C,D,0,Y,,,,Y,Y,N,60,0,1,0,0,1,0,0,0,0,"- ","- ",,,"LOS ANGELES","LOS ANGELES",-118.44088745117188,34.235340118408203
8678993,2018,2018-08-29,1942,2018-07-26,2110,39217,0914,4,5,7,1942,0,0,0,I,0,9A23,"KESTER AV","BASSETT ST",0.00,,Y,A,-,N,,,,,,,,,,Y,3,0,2,5,A,-,13,22502,A,N,C,E,E,A,H,-,C,D,0,Y,,,,Y,,A,01,0,2,0,0,1,0,0,0,0,"- ","- ",,,"LOS ANGELES","LOS ANGELES",-118.45745849609375,34.196170806884766
8679020,2018,2019-01-02,1900,2018-07-21,0815,618139,0623,6,5,6,1985,0,0,0,,0,62T1,"MCBEAN PKWY","RT 5",0.00,,Y,A,-,Y,LA,7,5,-,R,51.266,R,4,N,N,2,0,1,2,D,-,00,,,F,G,B,B,A,H,-,A,A,0,Y,,,,Y,,-,"- ",1,0,0,0,1,0,0,0,0,"- ",NF,34.394210815429688,-118.56977081298828,"LOS ANGELES","SANTA CLARITA",-118.57051086425781,34.391746520996094
8679027,2018,2018-09-04,1900,2018-07-09,1430,609945,1123,1,5,6,1992,0,0,0,,0,112T1,"SIERRA HWY","AVE K",800.00,N,N,A,-,N,,,,,,,,,,N,3,0,1,2,A,-,03,22350,,F,B,B,F,A,H,-,A,B,0,Y,,,,Y,,-,99,0,1,0,0,1,0,0,0,0,"- ","- ",,,"LOS ANGELES",LANCASTER,-118.13322448730469,34.677162170410156
8679172,2018,2018-09-11,1942,2018-08-01,2031,37146,1253,3,5,7,1942,0,0,0,L,0,25T221,"WESTERN AV","80TH ST",84.00,S,N,A,-,N,,,,,,,,,,N,1,1,0,2,C,-,18,,,N,G,B,-,A,H,-,C,D,0,Y,,,,Y,,-,"- ",0,0,0,1,0,0,0,0,0,"- ","- ",,,"LOS ANGELES","LOS ANGELES",-118.309026,33.966151000000004
8679301,2018,2018-10-01,1953,2018-04-29,1857,5202,1953,7,5,6,1953,0,0,0,,0,005,"LAKE AV","SAN PASQUAL ST",200.00,S,N,A,-,N,,,,,,,,,,N,4,0,1,2,A,-,11,21954,A,N,G,B,D,A,H,-,A,D,0,Y,,,,Y,,N,60,0,0,1,0,1,0,0,0,0,"- ","- ",,,"LOS ANGELES",PASADENA,-118.13229370117188,34.137271881103516
8679634,2018,2018-09-25,1931,2018-07-18,2249,5314,1931,3,5,5,1931,0,0,0,,0,004,"MILES AV","ZOE AV",0.00,,Y,A,-,N,,,,,,,,,,N,4,0,1,2,D,-,00,,,F,G,B,B,A,H,-,C,A,0,Y,,,,Y,,-,"- ",0,0,1,0,1,0,0,0,0,"- ","- ",,,"LOS ANGELES","HUNTINGTON PARK",-118.21909332275391,33.979259490966797
8679658,2018,2018-09-25,1931,2018-07-25,0720,5636,1931,3,5,5,1931,0,0,0,,0,004,"STATE ST","HOPE ST",15.00,N,N,A,-,N,,,,,,,,,,N,4,0,1,2,A,-,10,21950,A,N,D,B,B,A,H,-,B,A,0,Y,,,,Y,,A,01,0,0,1,0,1,0,0,0,0,"- ","- ",,,"LOS ANGELES","HUNTINGTON PARK",-118.21016693115234,33.968471527099609
8679684,2018,2018-08-16,1933,2018-07-07,1530,959,34,6,5,6,1933,0,0,0,,0,004,"111TH PL","YUKON AV",490.00,W,N,A,-,N,,,,,,,,,,Y,2,0,1,2,A,-,11,21954,A,N,G,B,E,A,H,-,A,A,0,Y,,,,Y,,N,60,1,0,0,0,1,0,0,0,0,"- ","- ",33.933891296386719,-118.33489227294922,"LOS ANGELES",INGLEWOOD,-118.33650970458984,33.933868408203125
8679847,2018,2018-10-03,1942,2018-07-06,0605,34332,1149,5,5,7,1942,0,0,0,K,0,11A37,"FIGUEROA ST","ELLITA PL",40.00,N,N,A,-,N,,,,,,,,,,N,3,0,1,2,A,-,11,21954,A,N,D,B,D,A,H,-,A,A,0,Y,,,,Y,,N,60,0,1,0,0,1,0,0,0,0,"- ","- ",,,"LOS ANGELES","LOS ANGELES",-118.19877624511719,34.106647491455078
8679851,2018,2018-10-03,1942,2018-07-12,0730,34933,1183,4,5,7,1942,0,0,0,K,0,1EL2,"GLENDALE BL","BRANDEN ST",0.00,,Y,A,-,N,,,,,,,,,,N,4,0,1,2,A,-,10,21950,A,F,B,B,B,A,H,-,A,-,0,Y,,,,Y,,-,99,0,0,1,0,1,0,0,0,0,"- ","- ",,,"LOS ANGELES","LOS ANGELES",-118.25958251953125,34.087921142578125
8679859,2018,2018-10-03,1942,2018-07-04,2240,41803,1117,3,5,7,1942,0,0,0,K,0,1A17,"WESTDALE AV","EAGLE ROCK BL",150.00,W,N,A,-,N,,,,,,,,,,N,4,0,1,2,A,-,11,21954,A,N,A,B,E,A,H,-,C,D,0,Y,,,,Y,,N,60,0,0,1,0,1,0,0,0,0,"- ","- ",,,"LOS ANGELES","LOS ANGELES",-118.21758270263672,34.129165649414062
8679912,2018,2018-10-05,1942,2018-07-13,1715,37952,1175,5,5,7,1942,0,0,0,K,0,11A95,"STADIUM WY","ACADEMY RD",0.00,,Y,A,-,N,,,,,,,,,,N,4,0,1,2,A,-,08,22107,,N,G,B,E,A,H,-,A,A,0,Y,,,,Y,,A,07,0,0,1,0,1,0,0,0,0,"- ","- ",,,"LOS ANGELES","LOS ANGELES",-118.24803161621094,34.080810546875
8679977,2018,2018-10-04,1942,2018-07-27,0110,39102,0321,5,5,7,1942,0,0,0,C,0,3A1,"S LA BREA AV","RODEO RD",360.00,N,N,A,-,N,,,,,,,,,,N,2,0,1,2,A,-,11,21956,A,F,G,B,E,A,H,-,C,D,0,Y,,,,Y,,N,60,1,0,0,0,1,0,0,0,0,"- ","- ",,,"LOS ANGELES","LOS ANGELES",-118.35564422607422,34.022518157958984
8680111,2018,2018-10-08,1965,2018-07-30,1606,3985,0B2A,1,5,5,1965,0,0,0,,0,B002,"OZONE ST","HIGHLAND AV",80.00,E,N,A,-,N,,,,,,,,,,N,3,0,1,2,A,-,21,22106,,N,G,B,E,A,H,-,A,A,0,Y,,,,Y,,A,01,0,1,0,0,1,0,0,0,0,"- ","- ",,,"LOS ANGELES","SANTA MONICA",-118.47385406494141,34.000774383544922
8680238,2018,2018-09-06,1955,2018-07-27,2047,41119,0049,5,5,6,1955,0,0,0,,0,001,"W HOLT AV",FILLMORE,299.00,E,N,A,-,N,,,,,,,,,,Y,4,0,1,4,A,-,01,23152,A,M,C,B,F,-,H,-,C,D,0,Y,,,,Y,Y,A,01,0,0,1,0,1,0,0,0,0,"- ","- ",,,"LOS ANGELES",POMONA,-117.76609802246094,34.061981201171875
8680248,2018,2018-09-10,1942,2018-07-24,1500,42809,1844,2,5,7,1942,0,0,0,R,0,18L90,"113TH ST","SAN PEDRO ST",350.00,E,N,A,-,N,,,,,,,,,,N,4,0,1,2,A,-,00,20015,A,F,G,B,E,A,H,-,A,D,0,Y,,,,Y,,-,99,0,0,1,0,1,0,0,0,0,"- ","- ",,,"LOS ANGELES","LOS ANGELES",-118.26840972900391,33.932025909423828
8680408,2018,2018-08-28,1942,2018-07-25,1654,43190,1834,3,5,7,1942,0,0,0,R,0,18X4,"108TH ST","AVALON BL",130.00,E,N,A,-,N,,,,,,,,,,N,3,0,1,2,A,-,11,21954,A,F,G,B,D,A,H,-,A,A,0,Y,,,,Y,,N,60,0,1,0,0,1,0,0,0,0,"- ","- ",,,"LOS ANGELES","LOS ANGELES",-118.2647705078125,33.93829345703125
8680489,2018,2018-10-26,1948,2018-07-30,0951,398,1948,1,5,5,1948,0,0,0,,0,002,"CHANDLER AV","NEWMARK AV",132.00,N,N,A,-,N,,,,,,,,,,N,4,0,1,2,D,-,00,,,N,A,B,E,A,H,-,A,D,0,Y,,,,Y,,-,"- ",0,0,1,0,1,0,0,0,0,"- ","- ",,,"LOS ANGELES","MONTEREY PARK",-118.13201904296875,34.060123443603516
8680518,2018,2018-09-28,1942,2018-07-18,1952,42813,0337,3,5,7,1942,0,0,0,C,0,3A19-W,"JEFFERSON BL","WESTERN AV",0.00,,N,A,-,N,,,,,,,,,,N,3,0,1,2,A,-,11,21954,A,N,G,B,D,A,H,-,B,A,0,Y,,,,Y,Y,A,07,0,1,0,0,1,0,0,0,0,"- ","- ",,,"LOS ANGELES","LOS ANGELES",-118.30889129638672,34.025550842285156
8680527,2018,2018-08-21,1942,2018-06-18,1440,43337,1283,1,5,7,1942,0,0,0,L,0,12A83,"NORMANDIE AV","93RD ST",5.00,S,N,A,-,N,,,,,,,,,,N,4,0,1,2,A,-,11,21950,B,F,A,B,C,A,H,-,A,D,0,Y,,,,Y,,N,60,0,0,1,0,1,0,0,0,0,"- ","- ",,,"LOS ANGELES","LOS ANGELES",-118.30027008056641,33.951866149902344
8680542,2018,2018-09-28,1948,2018-07-08,2108,455,1948,7,5,5,1948,0,0,0,,0,002,"SIERRA VISTA ST","EMERSON AV",10.00,N,N,A,-,N,,,,,,,,,,N,4,0,1,2,A,-,10,21950,A,N,D,B,D,A,H,-,C,A,0,Y,,,,Y,,A,01,0,0,1,0,1,0,0,0,0,"- ","- ",,,"LOS ANGELES","MONTEREY PARK",-118.1153564453125,34.066207885742188
8680605,2018,2018-10-08,1942,2018-08-01,1855,43007,0644,3,5,7,1942,0,0,0,F,0,6A46,"FOUNTAIN AV","DETROIT ST",30.00,W,N,A,-,N,,,,,,,,,,N,3,0,1,2,A,-,02,21654,A,N,A,B,D,A,H,-,A,D,0,Y,,,,Y,,N,60,0,1,0,0,1,0,0,0,0,"- ","- ",,,"LOS ANGELES","LOS ANGELES",-118.34529876708984,34.094333648681641
8680613,2018,2018-10-08,1942,2018-08-03,1845,40315,1457,5,5,7,1942,0,0,0,N,0,14A49,"BRADDOCK DR","CENTINELA AV",12.00,E,N,A,-,N,,,,,,,,,,N,2,0,2,3,A,-,10,21950,A,F,G,B,B,A,H,-,A,A,0,Y,,,,Y,,-,99,1,1,0,0,2,0,0,0,0,"- ","- ",,,"LOS ANGELES","LOS ANGELES",-118.41909790039062,33.989620208740234
8680621,2018,2018-10-08,1942,2018-08-01,1150,40010,1444,3,5,7,1942,0,0,0,N,0,14A45,"WASHINGTON BL","STANFORD AV",135.00,E,N,A,-,N,,,,,,,,,,N,3,0,1,2,A,-,11,21954,A,F,G,B,D,A,H,-,A,D,0,Y,,,,Y,,N,60,0,1,0,0,1,0,0,0,0,"- ","- ",,,"LOS ANGELES","LOS ANGELES",-118.44869995117188,33.990032196044922
8680625,2018,2018-10-08,1942,2018-08-04,1825,40596,0853,6,5,7,1942,0,0,0,H,0,8A98,"SANTA MONICA BL","SAWTELLE BL",50.00,E,N,A,-,N,,,,,,,,,,N,3,0,1,2,A,-,17,21228,,F,G,B,F,A,H,-,A,D,0,Y,,Y,,Y,Y,C,03,0,1,0,0,1,0,0,0,0,"- ","- ",,,"LOS ANGELES","LOS ANGELES",-118.44827270507812,34.046531677246094