CASE_ID,ACCIDENT_YEAR,PROC_DATE,JURIS,COLLISION_DATE,COLLISION_TIME,OFFICER_ID,REPORTING_DISTRICT,DAY_OF_WEEK,CHP_SHIFT,POPULATION,CNTY_CITY_LOC,SPECIAL_COND,BEAT_TYPE,CHP_BEAT_TYPE,CITY_DIVISION_LAPD,CHP_BEAT_CLASS,BEAT_NUMBER,PRIMARY_RD,SECONDARY_RD,DISTANCE,DIRECTION,INTERSECTION,WEATHER_1,WEATHER_2,STATE_HWY_IND,CALTRANS_COUNTY,CALTRANS_DISTRICT,STATE_ROUTE,ROUTE_SUFFIX,POSTMILE_PREFIX,POSTMILE,LOCATION_TYPE,RAMP_INTERSECTION,SIDE_OF_HWY,TOW_AWAY,COLLISION_SEVERITY,NUMBER_KILLED,NUMBER_INJURED,PARTY_COUNT,PRIMARY_COLL_FACTOR,PCF_CODE_OF_VIOL,PCF_VIOL_CATEGORY,PCF_VIOLATION,PCF_VIOL_SUBSECTION,HIT_AND_RUN,TYPE_OF_COLLISION,MVIW,PED_ACTION,ROAD_SURFACE,ROAD_COND_1,ROAD_COND_2,LIGHTING,CONTROL_DEVICE,CHP_ROAD_TYPE,PEDESTRIAN_ACCIDENT,BICYCLE_ACCIDENT,MOTORCYCLE_ACCIDENT,TRUCK_ACCIDENT,NOT_PRIVATE_PROPERTY,ALCOHOL_INVOLVED,STWD_VEHTYPE_AT_FAULT,CHP_VEHTYPE_AT_FAULT,COUNT_SEVERE_INJ,COUNT_VISIBLE_INJ,COUNT_COMPLAINT_PAIN,COUNT_PED_KILLED,COUNT_PED_INJURED,COUNT_BICYCLIST_KILLED,COUNT_BICYCLIST_INJURED,COUNT_MC_KILLED,COUNT_MC_INJURED,PRIMARY_RAMP,SECONDARY_RAMP,LATITUDE,LONGITUDE,COUNTY,CITY,POINT_X,POINT_Y
8687251,2018,2018-10-08,1942,2018-08-14,0640,38050,0457,2,5,7,1942,0,0,0,D,0,4A53,"CINCINNATI ST","FICKETT ST",5.00,W,N,A,-,N,,,,,,,,,,N,4,0,1,2,A,-,09,21802,A,N,G,B,B,A,H,-,A,A,0,Y,,,,Y,,A,07,0,0,1,0,1,0,0,0,0,"- ","- ",,,"LOS ANGELES","LOS ANGELES",-118.20527648925781,34.046867370605469
8687269,2018,2018-10-09,1942,2018-08-14,1700,42338,1203,2,5,7,1942,0,0,0,L,0,12A3,"S WESTERN AV","W VERNON AV",0.00,,Y,A,-,N,,,,,,,,,,N,3,0,1,2,A,-,10,21950,A,N,H,-,B,A,H,-,A,A,0,Y,Y,,,Y,,L,04,0,1,0,0,1,0,0,0,0,"- ","- ",,,"LOS ANGELES","LOS ANGELES",-118.30892944335938,34.003719329833984
8687304,2018,2018-10-18,1900,2018-08-05,0655,465550,0628,7,5,6,1985,0,0,0,,0,62T1,"FOURL RD","LYONS AV",5.00,S,N,A,-,N,,,,,,,,,,N,3,0,1,2,A,-,10,21950,A,N,G,B,D,A,H,-,A,D,0,Y,,,,Y,,D,22,0,1,0,0,1,0,0,0,0,"- ","- ",34.378738403320312,-118.55650329589844,"LOS ANGELES","SANTA CLARITA",-118.55646514892578,34.37890625
8687495,2018,2018-08-29,1941,2018-07-30,0701,10799,,1,5,7,1941,0,0,0,,0,001,"WARDLOW RD","DELTA AV",0.00,,Y,A,-,N,,,,,,,,,,N,3,0,1,2,A,-,00,10580,,N,G,B,B,A,H,-,A,A,0,Y,,,,Y,,N,,0,1,0,0,1,0,0,0,0,"- ","- ",,,"LOS ANGELES","LONG BEACH",-118.21099090576172,33.823768615722656
8687625,2018,2018-09-12,1900,2018-05-22,1430,538667,0261,2,5,4,1917,0,0,0,,0,026,"CLARA ST","OTIS ST",80.00,E,N,A,-,N,,,,,,,,,,Y,3,0,1,2,A,-,10,21950,A,N,G,B,C,A,H,-,A,A,0,Y,,,,Y,,A,01,0,1,0,0,1,0,0,0,0,"- ","- ",,,"LOS ANGELES",CUDAHY,-118.19426727294922,33.966331481933594
8687653,2018,2018-08-27,1900,2018-05-25,1553,604233,0262,5,5,4,1917,0,0,0,,0,26T,"CLARA ST","WILCOX AV",845.00,W,N,A,-,N,,,,,,,,,,N,4,0,1,2,A,-,10,21950,C,N,G,B,C,A,H,-,A,D,0,Y,,,,Y,,A,01,0,0,1,0,1,0,0,0,0,"- ","- ",,,"LOS ANGELES",CUDAHY,-118.18132781982422,33.964984893798828
8687740,2018,2018-10-05,1900,2018-07-28,1833,610417,1329,6,5,5,1935,0,0,0,,0,132T2,"SILVA ST","HAZELBROOK AV",20.00,W,N,A,-,N,,,,,,,,,,N,4,0,1,2,A,-,03,22350,,N,G,B,D,A,H,-,A,D,0,Y,,,,Y,,A,01,0,0,1,0,1,0,0,0,0,"- ","- ",33.847949981689453,-118.14006042480469,"LOS ANGELES",LAKEWOOD,-118.13979339599609,33.847991943359375
8687823,2018,2018-09-04,1942,2018-07-14,2245,433270,0773,6,5,7,1942,0,0,0,G,0,7A17,"WASHINGTON BL","HAUSER BL",0.00,,Y,A,-,N,,,,,,,,,,N,2,0,1,3,A,-,11,21453,D,N,G,B,B,A,H,-,C,A,0,Y,,,,Y,,N,60,1,0,0,0,1,0,0,0,0,"- ","- ",,,"LOS ANGELES","LOS ANGELES",-118.36031341552734,34.039131164550781
8687883,2018,2018-10-09,1965,2018-08-13,2117,3991,0B1J,1,5,5,1965,0,0,0,,0,B004,"WILSHIRE BL","6TH ST",0.00,,Y,A,-,N,,,,,,,,,,N,2,0,1,2,A,-,11,21456,B,N,G,B,B,A,H,-,C,A,0,Y,,,,Y,,N,60,1,0,0,0,1,0,0,0,0,"- ","- ",37.011928558349609,-121.01982879638672,"LOS ANGELES","SANTA MONICA",-118.4964599609375,34.020618438720703
8687921,2018,2018-10-09,1941,2018-08-13,1757,10836,,1,5,7,1941,0,0,0,,0,,"2ND ST","EUCLID AV",86.00,W,N,A,-,N,,,,,,,,,,N,3,0,1,2,A,-,11,21954,A,N,G,B,D,A,H,-,A,D,0,Y,,,,Y,,N,,0,1,0,0,1,0,0,0,0,"- ","- ",,,"LOS ANGELES","LONG BEACH",-118.14944458007812,33.762847900390625
8687972,2018,2018-08-30,1907,2018-07-12,2047,242,1,4,5,4,1907,0,0,0,,0,,"GAGE AV","CARMELITA AV",14.00,E,N,A,-,N,,,,,,,,,,N,3,0,1,2,A,-,11,21954,A,N,G,B,D,A,H,-,C,D,0,Y,,,,Y,,N,60,0,1,0,0,1,0,0,0,0,"- ","- ",33.979598999023438,-118.20182800292969,"LOS ANGELES",BELL,-118.19847106933594,33.979232788085938
8688248,2018,2018-09-12,1942,2018-08-09,0850,42492,0882,4,5,7,1942,0,0,0,H,0,8X99,"SAWTELLE BL","MISSISSIPPI AV",0.00,,Y,A,-,N,,,,,,,,,,N,4,0,1,2,A,-,10,21950,A,N,G,B,B,A,H,-,A,D,0,Y,,,,Y,,A,01,0,0,1,0,1,0,0,0,0,"- ","- ",,,"LOS ANGELES","LOS ANGELES",-118.44246673583984,34.039588928222656
8688403,2018,2018-09-17,1941,2018-08-19,0024,10914,,7,5,7,1941,0,0,0,,0,,"DEL AMO","OREGON AV",569.00,W,N,A,-,N,,,,,,,,,,N,2,0,2,2,C,-,18,,,N,A,B,D,A,H,-,D,D,0,Y,,,,Y,,-,"- ",1,0,1,0,1,0,0,0,0,"- ","- ",,,"LOS ANGELES","LONG BEACH",-118.20211791992188,33.846691131591797
8688407,2018,2018-09-17,1941,2018-08-21,1844,5487,,2,5,7,1941,0,0,0,,0,,"ATLANTIC AV","6TH ST",0.00,,Y,A,-,N,,,,,,,,,,N,3,0,1,2,A,-,11,21954,A,N,G,B,D,A,H,-,A,D,0,Y,,,,Y,Y,N,,0,1,0,0,1,0,0,0,0,"- ","- ",,,"LOS ANGELES","LONG BEACH",-118.18505096435547,33.774150848388672
8688410,2018,2018-09-11,1942,2018-08-08,2120,42273,0765,3,5,7,1942,0,0,0,G,0,7A47,"W PICO BL","ORANGE DR",16.00,E,N,A,-,N,,,,,,,,,,N,2,0,1,2,A,-,11,21954,A,N,G,B,D,A,H,-,C,D,0,Y,,,,Y,,N,60,1,0,0,0,1,0,0,0,0,"- ","- ",,,"LOS ANGELES","LOS ANGELES",-118.34696960449219,34.047817230224609
8688413,2018,2018-09-11,1942,2018-07-24,0735,39022,0638,2,5,7,1942,0,0,0,F,0,6A49,"FRANKLIN AV","CANYON DR",57.00,E,N,A,-,N,,,,,,,,,,N,2,0,1,2,A,-,11,21954,A,N,G,B,D,A,H,-,A,D,0,Y,,,,Y,,N,60,1,0,0,0,1,0,0,0,0,"- ","- ",,,"LOS ANGELES","LOS ANGELES",-118.31674194335938,34.105258941650391
8688617,2018,2018-09-17,1931,2018-08-19,1846,5322,1931,7,5,5,1931,0,0,0,,0,003,"ZOE AV","PACIFIC BL",0.00,,Y,A,-,N,,,,,,,,,,N,4,0,1,2,A,-,11,21456,B,M,G,B,B,A,H,-,A,A,0,Y,,,,Y,,N,60,0,0,1,0,1,0,0,0,0,"- ","- ",,,"LOS ANGELES","HUNTINGTON PARK",-118.22519683837891,33.979270935058594
8688719,2018,2018-10-26,1941,2018-08-13,2142,5754,,1,5,7,1941,0,0,0,,0,,"PACIFIC COAST HWY","PACIFIC AV",0.00,,Y,A,-,Y,LA,7,1,-,-,6.511,I,5,N,N,3,0,1,2,A,-,10,21950,A,N,G,B,B,A,H,-,C,A,0,Y,,,,Y,,A,,0,1,0,0,1,0,0,0,0,"- ","- ",,,"LOS ANGELES","LONG BEACH",-118.19361877441406,33.7899169921875
8689314,2018,2018-10-08,1975,2018-08-25,1620,683,,6,5,6,1975,0,0,0,,0,004,"SOUTH GLENDORA AV","DALEWOOD ST",109.00,S,N,A,-,N,,,,,,,,,,N,4,0,1,2,C,-,18,,,N,H,B,E,B,H,-,A,A,0,Y,,,,Y,,-,"- ",0,0,1,0,1,0,0,0,0,"- ","- ",,,"LOS ANGELES","WEST COVINA",-117.92115783691406,34.070964813232422
8689370,2018,2018-10-08,1955,2018-08-02,1145,42315,30,4,5,6,1955,0,0,0,,0,002,"GAREY AV","SERRANO PL",135.00,N,N,A,-,N,,,,,,,,,,N,4,0,1,2,A,-,09,21804,A,N,G,B,D,A,H,-,A,D,0,Y,,,,Y,,A,01,0,0,1,0,1,0,0,0,0,"- ","- ",,,"LOS ANGELES",POMONA,-117.74861907958984,34.109901428222656
8689402,2018,2018-10-08,1955,2018-08-30,2003,42489,55,4,5,6,1955,0,0,0,,0,001,"HOLT AV","ERIE ST",150.00,W,N,A,-,N,,,,,,,,,,Y,2,0,1,2,A,-,01,23153,A,F,G,B,D,A,H,-,D,D,0,Y,,,,Y,Y,A,07,1,0,0,0,1,0,0,0,0,"- ","- ",,,"LOS ANGELES",POMONA,-117.77937316894531,34.061660766601562
8689517,2018,2018-09-18,1942,2018-07-16,1630,39586,0882,1,5,7,1942,0,0,0,H,0,8A98,"TENNESSEE AV","CORINTH AV",0.00,,Y,A,-,N,,,,,,,,,,N,3,0,1,3,A,-,12,22450,,N,D,C,F,A,H,-,A,A,0,Y,,,,Y,,D,22,0,1,0,0,1,0,0,0,0,"- ","- ",,,"LOS ANGELES","LOS ANGELES",-118.44097137451172,34.036140441894531
8689724,2018,2018-09-17,1941,2018-08-06,1657,10777,,1,5,7,1941,0,0,0,,0,,"ANAHEIM ST","MOLINO AV",0.00,,Y,A,-,N,,,,,,,,,,N,4,0,1,2,-,-,"- ",,,N,G,B,D,A,H,-,A,D,0,Y,,,,Y,,-,"- ",0,0,1,0,1,0,0,0,0,"- ","- ",,,"LOS ANGELES","LONG BEACH",-118.16114807128906,33.782611846923828
8689756,2018,2018-09-12,1941,2018-08-01,1735,11133,,3,5,7,1941,0,0,0,,0,,"OCEAN BL","GRANADA AV",0.00,,Y,A,-,N,,,,,,,,,,Y,3,0,2,3,A,-,12,22450,A,N,B,B,B,A,H,-,A,A,0,Y,,,,Y,,A,,0,2,0,0,2,0,0,0,0,"- ","- ",,,"LOS ANGELES","LONG BEACH",-118.13871765136719,33.756248474121094
8689797,2018,2018-09-10,1969,2018-06-22,0314,10156,TRAFF,5,5,5,1969,0,0,0,,0,005,"FIRESTONE BL","GARFIELD AV",0.00,,Y,A,-,N,,,,,,,,,,Y,2,0,2,3,A,-,11,21456,B,N,G,B,B,A,H,-,C,A,0,Y,,,,Y,,N,60,1,1,0,0,2,0,0,0,0,"- ","- ",,,"LOS ANGELES","SOUTH GATE",-118.16525268554688,33.949089050292969
8689882,2018,2018-09-11,1942,2018-07-19,2145,25530,1207,4,5,7,1942,0,0,0,L,0,12A15,"VERNON AV","VERMONT AV",3.00,E,N,A,-,N,,,,,,,,,,N,4,0,1,2,A,-,10,21950,A,F,G,B,B,A,H,-,C,A,0,Y,,,,Y,,-,99,0,0,1,0,1,0,0,0,0,"- ","- ",,,"LOS ANGELES","LOS ANGELES",-118.29155731201172,34.003681182861328
8689910,2018,2018-09-11,1942,2018-07-30,0130,31749,1249,1,5,7,1942,0,0,0,L,0,12L40,"FIGUEROA ST","73RD ST",50.00,S,N,A,-,N,,,,,,,,,,N,3,0,1,2,A,-,11,21956,A,F,B,B,E,A,H,-,C,D,0,Y,,,,Y,,N,60,0,1,0,0,1,0,0,0,0,"- ","- ",,,"LOS ANGELES","LOS ANGELES",-118.28269958496094,33.973541259765625
8689914,2018,2018-09-11,1942,2018-07-31,1200,32305,1239,2,5,7,1942,0,0,0,L,0,12A45,"59TH ST","DENVER AV",6.00,E,N,A,-,N,,,,,,,,,,N,3,0,1,2,A,-,11,21954,A,F,B,B,E,A,H,-,A,D,0,Y,,,,Y,,N,60,0,1,0,0,1,0,0,0,0,"- ","- ",,,"LOS ANGELES","LOS ANGELES",-118.28379058837891,33.987560272216797
8689932,2018,2018-09-13,1942,2018-08-06,0450,42943,1259,1,5,7,1942,0,0,0,L,0,12A15,"FLORENCE AV","SAN PEDRO ST",15.00,E,N,A,-,N,,,,,,,,,,N,3,0,1,2,A,-,09,21801,A,N,G,B,D,A,H,-,C,A,0,Y,,,,Y,,A,01,0,1,0,0,1,0,0,0,0,"- ","- ",,,"LOS ANGELES","LOS ANGELES",-118.26952362060547,33.974689483642578
8689950,2018,2019-03-13,1942,2018-08-10,1630,39111,1141,5,5,7,1942,0,0,0,K,0,11A12,"FRANKLIN AV","ALEXANDRIA AV",0.00,,Y,A,-,N,,,,,,,,,,N,4,0,1,2,A,-,10,21950,A,F,G,B,B,A,-,-,A,-,0,Y,,,,Y,,-,99,0,0,1,0,1,0,0,0,0,"- ","- ",,,"LOS ANGELES","LOS ANGELES",-118.29834747314453,34.105400085449219
8689954,2018,2018-09-10,1942,2018-08-18,0040,36698,1181,6,5,7,1942,0,0,0,K,0,11A71,"W SUNSET BL","N ALVARADO ST",0.00,,Y,B,-,N,,,,,,,,,,N,3,0,1,2,A,-,11,21456,C,N,G,B,B,A,H,-,C,A,0,Y,,,,Y,,N,60,0,1,0,0,1,0,0,0,0,"- ","- ",,,"LOS ANGELES","LOS ANGELES",-118.26348114013672,34.077621459960938
8689962,2018,2018-09-10,1942,2018-08-14,2005,40289,1148,2,5,7,1942,0,0,0,K,0,11A37,"N AVE 50","MONTE VISTA ST",0.00,,Y,A,-,N,,,,,,,,,,N,4,0,1,2,A,-,10,21950,A,N,G,B,B,A,H,-,C,A,0,Y,,,,Y,,A,01,0,0,1,0,1,0,0,0,0,"- ","- ",,,"LOS ANGELES","LOS ANGELES",-118.20372772216797,34.107170104980469
8690190,2018,2018-09-04,1918,2018-01-02,1500,798,1918,2,5,4,1918,0,0,0,,0,4T24,"BRISTOL PKWY","HANNUM AV",0.00,,Y,B,-,N,,,,,,,,,,N,3,0,1,2,A,-,11,21950,B,N,G,B,B,A,H,-,A,A,0,Y,,,,Y,,A,01,0,1,0,0,1,0,0,0,0,"- ","- ",33.987171173095703,-118.38670349121094,"LOS ANGELES","CULVER CITY",-118.38678741455078,33.987209320068359
8690334,2018,2018-09-04,1942,2018-07-26,2200,36814,1102,4,5,7,1942,0,0,0,K,0,11A1,"LOS FELIZ BL","GARDEN AV",20.00,E,N,A,-,N,,,,,,,,,,N,3,0,1,2,A,-,11,21955,,F,G,B,D,A,H,-,C,D,0,Y,,,,Y,,N,60,0,1,0,0,1,0,0,0,0,"- ","- ",,,"LOS ANGELES","LOS ANGELES",-118.26743316650391,34.124057769775391
8690342,2018,2018-09-04,1942,2018-07-30,1645,41146,1181,1,5,7,1942,0,0,0,K,0,11A12,"ALVARADO ST","SUNSET BL",30.00,N,N,A,-,N,,,,,,,,,,N,4,0,1,2,A,-,21,22106,,F,G,B,F,A,H,-,A,D,0,Y,,,,Y,,-,99,0,0,1,0,1,0,0,0,0,"- ","- ",,,"LOS ANGELES","LOS ANGELES",-118.26343536376953,34.077693939208984
8690344,2018,2019-02-04,1942,2018-08-02,2215,40069,,4,5,7,1942,0,0,0,,0,,"VENICE BL","BURLINGTON AV",0.00,,Y,A,-,N,,,,,,,,,,N,4,0,1,2,A,-,10,21950,A,F,G,B,B,A,H,-,C,A,0,Y,,,,Y,,-,99,0,0,1,0,1,0,0,0,0,"- ","- ",,,"LOS ANGELES","LOS ANGELES",-118.28099060058594,34.042369842529297
8690356,2018,2018-08-30,1942,2018-08-12,1825,34426,1147,7,5,7,1942,0,0,0,K,0,11A89,"ISABEL ST","MACON ST",15.00,W,N,A,-,N,,,,,,,,,,N,4,0,1,2,A,-,08,22107,,N,G,B,E,A,H,-,A,D,0,Y,,,,Y,,A,07,0,0,1,0,1,0,0,0,0,"- ","- ",,,"LOS ANGELES","LOS ANGELES",-118.23374938964844,34.101528167724609
8690380,2018,2018-08-30,1942,2018-08-16,2155,40529,1806,4,5,7,1942,0,0,0,R,0,18A3,"CENTRAL AV","90TH ST",4.00,S,N,A,-,N,,,,,,,,,,N,3,0,1,2,A,-,10,21950,A,F,-,B,C,-,H,-,C,D,0,Y,,,,Y,,N,60,0,1,0,0,1,0,0,0,0,"- ","- ",,,"LOS ANGELES","LOS ANGELES",-118.25643157958984,33.954708099365234
8690383,2018,2018-09-04,1942,2018-07-16,0710,32973,1181,1,5,7,1942,0,0,0,K,0,11A71,"ALVARADO ST","SUNSET BL",0.00,,Y,A,-,N,,,,,,,,,,N,4,0,1,2,A,-,11,21456,B,N,G,B,B,A,H,-,A,A,0,Y,,,,Y,,N,60,0,0,1,0,1,0,0,0,0,"- ","- ",,,"LOS ANGELES","LOS ANGELES",-118.26348114013672,34.077621459960938
8690449,2018,2018-09-05,1942,2018-07-16,1435,37603,1177,1,5,7,1942,0,0,0,K,0,11X74,"NORTH FIGUEROA ST","AVE 26",0.00,,-,A,-,N,,,,,,,,,,N,3,0,1,2,A,-,11,21955,,N,G,B,D,A,H,-,A,D,0,Y,,,,Y,,N,60,0,1,0,0,1,0,0,0,0,"- ","- ",,,"LOS ANGELES","LOS ANGELES",-118.22245025634766,34.083850860595703
8690481,2018,2018-10-09,1942,2018-08-24,0713,34374,1494,5,5,7,1942,0,0,0,N,0,14FBL8,"WORLD WAY SOUTH","EAST WY",120.00,E,N,B,-,N,,,,,,,,,,N,3,0,1,2,A,-,11,21956,A,N,G,B,D,A,H,-,A,D,0,Y,,,,Y,,N,60,0,1,0,0,1,0,0,0,0,"- ","- ",,,"LOS ANGELES","LOS ANGELES",-118.40158081054688,33.943191528320312
8690510,2018,2018-09-20,1942,2018-08-17,1455,43187,2074,5,5,7,1942,0,0,0,,0,20A45,"CAMBRIDGE ST","ARDMORE AV",0.00,,Y,A,-,N,,,,,,,,,,,4,0,1,2,A,-,10,21950,A,F,G,B,B,A,H,-,A,A,0,Y,,,,Y,,-,"- ",0,0,1,0,1,0,0,0,0,"- ","- ",,,"LOS ANGELES","LOS ANGELES",-118.30252838134766,34.044570922851562
8690569,2018,2018-09-19,1942,2018-07-22,0020,43176,824,7,5,7,1942,0,0,0,,0,8A1,PCH,"CHAUTAUQUA BL",0.00,,Y,A,-,N,,,,,,,,,,N,3,0,1,2,A,-,11,21956,A,N,G,B,D,A,H,-,C,A,0,Y,,,,Y,Y,N,60,0,1,0,0,1,0,0,0,0,"- ","- ",,,"LOS ANGELES","LOS ANGELES",-118.51944732666016,34.028251647949219
8690573,2018,2018-09-19,1942,2018-07-21,1700,40596,0842,6,5,7,1942,0,0,0,H,0,8EL2,"WESTGATE AV","WILSHIRE BL",15.00,S,N,A,-,N,,,,,,,,,,N,3,0,1,2,A,-,11,21956,A,N,G,B,E,A,H,-,A,A,0,Y,,,,Y,,N,60,0,1,0,0,1,0,0,0,0,"- ","- ",,,"LOS ANGELES","LOS ANGELES",-118.46392059326172,34.046981811523438
8690605,2018,2018-09-19,1942,2018-07-10,2340,43099,0855,2,5,7,1942,0,0,0,H,0,7A54,"OHIO AV","WESTWOOD BL",30.00,S,N,A,-,N,,,,,,,,,,N,4,0,1,2,A,-,11,21456,,N,G,B,B,A,H,-,C,A,0,Y,,,,Y,,N,60,0,0,1,0,1,0,0,0,0,"- ","- ",,,"LOS ANGELES","LOS ANGELES",-118.44081115722656,34.054050445556641
8690609,2018,2018-09-19,1942,2018-07-10,2130,39586,0814,2,5,7,1942,0,0,0,H,0,8A98,"SUNSET BL","CHURCH LN",0.00,,Y,A,-,N,,,,,,,,,,N,4,0,1,2,A,-,10,21950,A,N,G,B,B,A,H,-,C,A,0,Y,,,,Y,,A,01,0,0,1,0,1,0,0,0,0,"- ","- ",,,"LOS ANGELES","LOS ANGELES",-118.46742248535156,34.072441101074219
8690614,2018,2018-09-18,1942,2018-07-27,1530,43209,1863,5,5,7,1942,0,0,0,R,0,18A63,"AVALON BL","116TH ST",10.00,S,N,A,-,N,,,,,,,,,,N,3,0,1,2,A,-,11,21955,,F,G,B,D,A,H,-,A,D,0,Y,,,,Y,,-,99,0,1,0,0,1,0,0,0,0,"- ","- ",,,"LOS ANGELES","LOS ANGELES",-118.26519775390625,33.929153442382812
8690620,2018,2018-09-26,1942,2018-08-21,1440,37900,0762,2,5,7,1942,0,0,0,G,0,7A53,"S LA CIENEGA BL","W PICO BL",0.00,,Y,A,-,N,,,,,,,,,,N,4,0,1,2,A,-,10,21950,A,F,G,B,B,A,H,-,A,A,0,Y,,,,Y,,-,99,0,0,1,0,1,0,0,0,0,"- ","- ",,,"LOS ANGELES","LOS ANGELES",-118.37616729736328,34.053340911865234
8690630,2018,2018-09-18,1942,2018-07-10,2130,42282,1204,2,5,7,1942,0,0,0,L,0,12A3,"S NORMANDIE AV","47TH ST",94.00,S,N,A,-,N,,,,,,,,,,N,2,0,1,2,A,-,11,21954,A,N,G,B,D,A,H,-,C,D,0,Y,,,,Y,,N,60,1,0,0,0,1,0,0,0,0,"- ","- ",,,"LOS ANGELES","LOS ANGELES",-118.30019378662109,34.000762939453125
8690659,2018,2018-09-18,1942,2018-06-07,1955,42826,0884,4,5,7,1942,0,0,0,H,0,8A36,"W PICO BL","WESTWOOD BL",152.00,E,N,A,-,N,,,,,,,,,,N,4,0,1,2,A,-,10,21952,,N,G,B,F,A,H,-,C,A,0,Y,,,,Y,,A,01,0,0,1,0,1,0,0,0,0,"- ","- ",,,"LOS ANGELES","LOS ANGELES",-118.42804718017578,34.040340423583984
8690687,2018,2018-09-18,1942,2018-06-26,1910,43330,2081,2,5,7,1942,0,0,0,,0,20A1,"GRAMERCY PL","VENICE BL",0.00,,Y,A,-,N,,,,,,,,,,N,4,0,1,2,A,-,10,21950,,N,G,B,B,A,H,-,A,D,0,Y,,,,Y,,A,07,0,0,1,0,1,0,0,0,0,"- ","- ",,,"LOS ANGELES","LOS ANGELES",-118.31304168701172,34.043560028076172
8690716,2018,2018-09-19,1942,2018-07-28,2230,42633,,6,5,7,1942,0,0,0,,0,1494,"VISTA DEL MAR",IMPERIAL,0.00,,Y,A,-,N,,,,,,,,,,Y,3,0,2,3,A,-,11,21954,A,F,G,B,E,A,H,-,C,A,0,Y,,,,Y,,N,60,0,1,1,0,2,0,0,0,0,"- ","- ",,,"LOS ANGELES","LOS ANGELES",-118.43498992919922,33.930881500244141
8690814,2018,2018-10-10,1928,2018-09-03,2053,345,501,1,5,5,1928,0,0,0,,0,502,"HAWTHORNE BL","119TH ST",0.00,,Y,A,-,N,,,,,,,,,,N,2,0,1,2,A,-,"- ",,,N,G,B,B,A,H,-,C,A,0,Y,,,,Y,,A,07,1,0,0,0,1,0,0,0,0,"- ","- ",33.925479888916016,-118.35252380371094,"LOS ANGELES",HAWTHORNE,-118.35269927978516,33.925468444824219
8691094,2018,2018-09-24,1906,2018-09-07,0013,2891,1906,5,5,5,1906,0,0,0,,0,003,"RAMONA BL","CESAR CHAVEZ",47.00,E,N,A,-,N,,,,,,,,,,N,4,0,1,2,A,-,11,21954,A,N,G,B,D,A,H,-,C,A,0,Y,,,,Y,,N,60,0,0,1,0,1,0,0,0,0,"- ","- ",,,"LOS ANGELES","BALDWIN PARK",-117.962204,34.086179000000001
8691172,2018,2018-09-17,1955,2018-08-21,0530,42315,49,2,5,6,1955,0,0,0,,0,001,"ORANGEGROVE AV","WHITE AV",105.00,E,N,A,-,N,,,,,,,,,,N,4,0,1,2,A,-,00,21952,A,N,G,B,D,A,H,-,C,D,0,Y,,,,Y,,N,60,0,0,1,0,1,0,0,0,0,"- ","- ",,,"LOS ANGELES",POMONA,-117.75902557373047,34.069713592529297
8691213,2018,2018-09-27,1900,2018-08-27,0602,552722,1623,1,5,5,1977,0,0,0,,0,164T,"228TH ST","MAIN ST",0.00,,Y,B,-,N,,,,,,,,,,N,3,0,1,2,A,-,10,21950,A,F,G,B,B,A,H,-,B,A,0,Y,,,,Y,,A,07,0,1,0,0,1,0,0,0,0,"- ","- ",33.818801879882812,-118.27559661865234,"LOS ANGELES",CARSON,-118.27559661865234,33.818889617919922
8691239,2018,2018-09-27,1965,2018-08-27,0848,3935,3B3B,1,5,5,1965,0,0,0,,0,B003,"SANTA MONICA BL","19TH ST",0.00,,Y,B,-,N,,,,,,,,,,N,4,0,1,2,A,-,10,21950,A,N,G,B,B,A,H,-,A,A,0,Y,,,,Y,,-,"- ",0,0,1,0,1,0,0,0,0,"- ","- ",37.019130706787109,-121.00364685058594,"LOS ANGELES","SANTA MONICA",-118.48097991943359,34.027900695800781
8691265,2018,2018-09-18,1965,2018-08-30,1532,3984,0B2B,4,5,5,1965,0,0,0,,0,B002,"PEARL ST","16TH ST",7.00,E,N,A,-,N,,,,,,,,,,N,4,0,1,2,A,-,10,21950,A,F,G,B,B,A,H,-,A,A,0,Y,,,,Y,,A,07,0,0,1,0,1,0,0,0,0,"- ","- ",,,"LOS ANGELES","SANTA MONICA",-118.47150421142578,34.014289855957031
8691274,2018,2018-09-18,1900,2018-08-05,1126,514712,0542,7,5,3,1921,0,0,0,,0,58T1AM,"MOUNT OLIVE DR","HUNTINGTON DR",10.00,S,N,A,-,N,,,,,,,,,,N,3,0,1,2,A,-,11,21456,B,N,G,B,B,A,H,-,A,A,0,Y,,,,Y,,N,60,0,1,0,0,1,0,0,0,0,"- ","- ",34.139598846435547,-117.95559692382812,"LOS ANGELES",DUARTE,-117.95561218261719,34.139820098876953
8691441,2018,2018-09-13,1942,2018-07-31,2030,39060,1321,2,5,7,1942,0,0,0,M,0,13A13,"SOUTH FIGUEROA ST","23RD ST",45.00,S,N,B,-,N,,,,,,,,,,N,2,0,1,2,A,-,11,21956,A,N,G,B,D,A,H,-,C,A,0,Y,,,,Y,,N,60,1,0,0,0,1,0,0,0,0,"- ","- ",,,"LOS ANGELES","LOS ANGELES",-118.27440643310547,34.030719757080078