CASE_ID,ACCIDENT_YEAR,PROC_DATE,JURIS,COLLISION_DATE,COLLISION_TIME,OFFICER_ID,REPORTING_DISTRICT,DAY_OF_WEEK,CHP_SHIFT,POPULATION,CNTY_CITY_LOC,SPECIAL_COND,BEAT_TYPE,CHP_BEAT_TYPE,CITY_DIVISION_LAPD,CHP_BEAT_CLASS,BEAT_NUMBER,PRIMARY_RD,SECONDARY_RD,DISTANCE,DIRECTION,INTERSECTION,WEATHER_1,WEATHER_2,STATE_HWY_IND,CALTRANS_COUNTY,CALTRANS_DISTRICT,STATE_ROUTE,ROUTE_SUFFIX,POSTMILE_PREFIX,POSTMILE,LOCATION_TYPE,RAMP_INTERSECTION,SIDE_OF_HWY,TOW_AWAY,COLLISION_SEVERITY,NUMBER_KILLED,NUMBER_INJURED,PARTY_COUNT,PRIMARY_COLL_FACTOR,PCF_CODE_OF_VIOL,PCF_VIOL_CATEGORY,PCF_VIOLATION,PCF_VIOL_SUBSECTION,HIT_AND_RUN,TYPE_OF_COLLISION,MVIW,PED_ACTION,ROAD_SURFACE,ROAD_COND_1,ROAD_COND_2,LIGHTING,CONTROL_DEVICE,CHP_ROAD_TYPE,PEDESTRIAN_ACCIDENT,BICYCLE_ACCIDENT,MOTORCYCLE_ACCIDENT,TRUCK_ACCIDENT,NOT_PRIVATE_PROPERTY,ALCOHOL_INVOLVED,STWD_VEHTYPE_AT_FAULT,CHP_VEHTYPE_AT_FAULT,COUNT_SEVERE_INJ,COUNT_VISIBLE_INJ,COUNT_COMPLAINT_PAIN,COUNT_PED_KILLED,COUNT_PED_INJURED,COUNT_BICYCLIST_KILLED,COUNT_BICYCLIST_INJURED,COUNT_MC_KILLED,COUNT_MC_INJURED,PRIMARY_RAMP,SECONDARY_RAMP,LATITUDE,LONGITUDE,COUNTY,CITY,POINT_X,POINT_Y
8701286,2018,2018-09-20,1942,2018-08-17,1550,39058,2162,5,5,7,1942,0,0,0,,0,21A73,"PLATT AV","OXNARD ST",2.00,S,N,A,-,N,,,,,,,,,,N,4,0,1,2,A,-,10,21950,A,N,G,B,B,A,H,-,A,A,0,Y,,,,Y,,A,01,0,0,1,0,1,0,0,0,0,"- ","- ",,,"LOS ANGELES","LOS ANGELES",-118.64299774169922,34.179203033447266
8701290,2018,2018-09-20,1942,2018-08-14,2050,36599,2115,2,5,7,1942,0,0,0,,0,21A5,"ROSCOE BL","OWENSMOUTH AV",0.00,,Y,A,-,N,,,,,,,,,,N,2,0,1,2,A,-,11,21954,A,N,G,B,D,A,H,-,C,A,0,Y,,,,Y,Y,N,60,1,0,0,0,1,0,0,0,0,"- ","- ",,,"LOS ANGELES","LOS ANGELES",-118.60163116455078,34.219730377197266
8701302,2018,2018-09-20,1942,2018-08-17,1555,36508,2103,5,5,7,1942,0,0,0,,0,,"TOPANGA CANYON","PARTHENIA ST",0.00,,Y,-,-,N,,,,,,,,,,N,4,0,1,2,A,-,11,21456,B,N,G,B,D,A,H,-,A,-,0,Y,,,,Y,,N,60,0,0,1,0,1,0,0,0,0,"- ","- ",,,"LOS ANGELES","LOS ANGELES",-118.60482025146484,34.227909088134766
8701340,2018,2018-09-21,1942,2018-08-15,1130,42561,1077,3,5,7,1942,0,0,0,J,0,10A99,"VENTURA BL","LOUISE AV",0.00,,Y,A,-,N,,,,,,,,,,N,4,0,1,2,A,-,10,21950,,N,G,B,B,A,H,-,A,A,0,Y,,,,Y,,A,01,0,0,1,0,1,0,0,0,0,"- ","- ",,,"LOS ANGELES","LOS ANGELES",-118.50980377197266,34.160839080810547
8701350,2018,2018-09-20,1942,2018-08-06,1730,40165,2146,1,5,7,1942,0,0,0,,0,21A57,"VASSAR AV","SHERMAN WY",10.00,S,N,A,-,N,,,,,,,,,,N,2,0,1,2,A,-,10,21950,A,N,G,B,B,A,H,-,A,A,0,Y,,,,Y,,A,01,1,0,0,0,1,0,0,0,0,"- ","- ",,,"LOS ANGELES","LOS ANGELES",-118.60437774658203,34.200992584228516
8701365,2018,2018-09-24,1942,2018-08-30,1045,39745,1863,4,5,7,1942,0,0,0,R,0,18A63,"EAST 118TH ST","AVALON BL",335.00,E,N,A,-,N,,,,,,,,,,N,3,0,1,3,A,-,08,22107,,N,D,B,E,A,H,-,A,D,0,Y,,,,Y,,A,01,0,1,0,0,1,0,0,0,0,"- ","- ",,,"LOS ANGELES","LOS ANGELES",-118.26409912109375,33.926467895507812
8701366,2018,2018-09-21,1942,2018-08-28,2250,39217,1768,2,5,7,1942,0,0,0,Q,0,17A95,"LASSEN ST","WHITE OAK AV",664.00,E,N,A,-,N,,,,,,,,,,Y,3,0,2,2,A,-,11,21955,,N,G,-,D,A,H,-,C,D,0,Y,,Y,,Y,,N,60,0,2,0,0,1,0,0,0,1,"- ","- ",,,"LOS ANGELES","LOS ANGELES",-118.51765441894531,34.250339508056641
8701418,2018,2018-09-21,1942,2018-08-26,1946,42665,1824,7,5,7,1942,0,0,0,R,0,18A34,"AVALON BL","94TH ST",0.00,N,N,A,-,N,,,,,,,,,,N,3,0,1,2,A,-,11,21954,A,N,G,B,D,A,H,-,C,D,0,Y,,,,Y,,N,60,0,1,0,0,1,0,0,0,0,"- ","- ",,,"LOS ANGELES","LOS ANGELES",-118.26516723632812,33.951099395751953
8701422,2018,2018-09-21,1942,2018-08-02,2215,43433,1826,4,5,7,1942,0,0,0,R,0,14A3,COMPTON,"96TH ST",430.00,N,N,A,-,N,,,,,,,,,,N,2,0,1,2,A,-,00,21854,A,N,G,B,D,A,H,-,C,D,0,Y,,,,Y,,N,60,1,0,0,0,1,0,0,0,0,"- ","- ",,,"LOS ANGELES","LOS ANGELES",-118.24613952636719,33.950176239013672
8701427,2018,2018-09-21,1942,2018-08-23,2315,40355,1767,4,5,7,1942,0,0,0,Q,0,17A67,"RESEDA BL","PLUMMER ST",500.00,N,N,A,-,N,,,,,,,,,,N,2,0,1,2,A,-,09,21804,A,N,G,B,F,A,H,-,D,D,0,Y,,,,Y,,A,07,1,0,0,0,1,0,0,0,0,"- ","- ",,,"LOS ANGELES","LOS ANGELES",-118.53608703613281,34.244110107421875
8701439,2018,2018-09-21,1942,2018-08-22,0900,42818,1737,3,5,7,1942,0,0,0,Q,0,17A35,"LOS ALIMOS ST","PETIT AV",0.00,,Y,A,-,N,,,,,,,,,,Y,2,0,2,3,A,-,12,22450,A,N,D,C,F,A,H,-,A,A,0,Y,,,,Y,,A,01,1,1,0,0,1,0,0,0,0,"- ","- ",,,"LOS ANGELES","LOS ANGELES",-118.49790191650391,34.265598297119141
8701589,2018,2018-10-02,1975,2018-09-10,2100,444,,1,5,6,1975,0,0,0,,0,005,"AMAR RD","OFFICER CHILES WY",0.00,,Y,A,-,N,,,,,,,,,,N,4,0,1,2,A,-,10,21950,A,N,G,B,B,A,H,-,D,D,0,Y,,,,Y,,-,,0,0,1,0,1,0,0,0,0,"- ","- ",,,"LOS ANGELES","WEST COVINA",-117.91319,34.030659999999997
8701606,2018,2018-09-28,1976,2018-08-30,1824,244,,4,5,5,1976,0,0,0,,0,001,"CAMILLA ST","PICKERING AV",3.00,E,N,A,-,N,,,,,,,,,,N,3,0,1,2,D,-,00,,,N,G,B,B,A,H,-,A,D,0,Y,,,,Y,Y,-,"- ",0,1,0,0,1,0,0,0,0,"- ","- ",,,"LOS ANGELES",WHITTIER,-118.04205322265625,33.984470367431641
8701620,2018,2018-09-21,1942,2018-08-12,0825,43263,1149,7,5,7,1942,0,0,0,K,0,11A25,"NORTH FIGUEROA ST","NORTH AVE 52",0.00,,Y,A,-,N,,,,,,,,,,N,3,0,1,2,A,-,10,21950,A,N,G,B,B,A,H,-,A,A,0,Y,,,,Y,,A,08,0,1,0,0,1,0,0,0,0,"- ","- ",,,"LOS ANGELES","LOS ANGELES",-118.19950866699219,34.106281280517578
8701626,2018,2018-11-06,1942,2018-08-02,0340,42516,1307,4,5,7,1942,0,0,0,M,0,1307,"CENTRAL AV","8TH ST",0.00,,Y,A,-,N,,,,,,,,,,N,4,0,1,2,A,-,10,21950,A,N,G,B,B,A,H,-,C,A,0,Y,,,,Y,,D,22,0,0,1,0,1,0,0,0,0,"- ","- ",,,"LOS ANGELES","LOS ANGELES",-118.24327087402344,34.033599853515625
8701636,2018,2018-09-21,1955,2018-08-26,2239,42305,05,7,5,6,1955,0,0,0,,0,004,"3RD ST","ELEANOR ST",0.00,,Y,A,-,N,,,,,,,,,,N,2,0,1,2,A,-,10,21950,A,N,A,B,D,A,H,-,C,A,0,Y,,,,Y,,A,08,1,0,0,0,1,0,0,0,0,"- ","- ",,,"LOS ANGELES",POMONA,-117.74356079101562,34.057071685791016
8701644,2018,2018-09-21,1955,2018-08-27,0936,40939,57,1,5,6,1955,0,0,0,,0,001,"VALLEY BL","HUMANE WY",9.00,E,N,A,-,N,,,,,,,,,,N,3,0,1,2,A,-,10,21950,A,N,G,B,B,A,H,-,A,A,0,Y,,,,Y,,A,01,0,1,0,0,1,0,0,0,0,"- ","- ",,,"LOS ANGELES",POMONA,-117.79138946533203,34.061370849609375
8701648,2018,2018-09-21,1955,2018-08-19,2309,42270,52,7,5,6,1955,0,0,0,,0,005,"MISSION BL","OAK AV",423.00,W,N,A,-,N,,,,,,,,,,N,2,0,1,2,A,-,11,21954,A,N,G,B,E,A,H,-,C,A,0,Y,,,,Y,,N,60,1,0,0,0,1,0,0,0,0,"- ","- ",,,"LOS ANGELES",POMONA,-117.77111053466797,34.054580688476562
8701656,2018,2018-09-21,1975,2018-08-31,1528,364,,5,5,6,1975,0,0,0,,0,004,"MERCED AV",ROBIN,0.00,,Y,A,-,N,,,,,,,,,,N,4,0,1,2,A,-,03,22350,,N,G,B,E,A,H,-,A,D,0,Y,,,,Y,,-,,0,0,1,0,1,0,0,0,0,"- ","- ",,,"LOS ANGELES","WEST COVINA",-117.91484832763672,34.053901672363281
8701676,2018,2018-09-21,1975,2018-08-21,1819,338,,2,5,6,1975,0,0,0,,0,003,"SUNSET AV","MERCED AV",0.00,,Y,A,-,N,,,,,,,,,,N,3,0,1,2,A,-,11,21456,B,N,G,B,B,A,H,-,A,A,0,Y,,,,Y,,N,60,0,1,0,0,1,0,0,0,0,"- ","- ",,,"LOS ANGELES","WEST COVINA",-117.94612121582031,34.061321258544922
8701680,2018,2018-09-21,1975,2018-08-30,2203,354,,4,5,6,1975,0,0,0,,0,005,"AMAR RD",TEMPLE,200.00,E,N,A,-,N,,,,,,,,,,N,3,0,1,2,A,-,11,21956,A,F,G,B,E,A,H,-,C,D,0,Y,,,,Y,,N,60,0,1,0,0,1,0,0,0,0,"- ","- ",,,"LOS ANGELES","WEST COVINA",-117.90949249267578,34.028949737548828
8701785,2018,2018-09-25,1942,2018-09-04,1940,42420,0889,2,5,7,1942,0,0,0,H,0,8A95,"LA CIENEGA BL","CADILLAC AV",0.00,,Y,A,-,N,,,,,,,,,,N,4,0,1,2,A,-,09,21801,B,N,G,B,B,A,H,-,C,A,0,Y,,,,Y,,A,01,0,0,1,0,1,0,0,0,0,"- ","- ",,,"LOS ANGELES","LOS ANGELES",-118.37722015380859,34.038238525390625
8701795,2018,2018-10-05,1942,2018-09-12,1800,43331,9525,3,5,7,1942,0,0,0,,0,5A15,"NEPTUNE AV","E ST",102.00,E,N,A,-,N,,,,,,,,,,N,2,0,1,2,A,-,11,21956,A,N,G,B,E,A,H,-,A,D,0,Y,,,,Y,,N,60,1,0,0,0,1,0,0,0,0,"- ","- ",,,"LOS ANGELES","LOS ANGELES",-118.26861572265625,33.774990081787109
8701796,2018,2018-09-24,1942,2018-09-09,0025,36698,1343,7,5,7,1942,0,0,0,M,0,13A43,"E MARTIN LUTHER KING JR BL","AVALON BL",81.00,E,N,A,-,N,,,,,,,,,,Y,3,0,1,2,D,-,00,,,F,G,B,E,A,H,-,C,A,0,Y,,,,Y,Y,-,"- ",0,1,0,0,1,0,0,0,0,"- ","- ",,,"LOS ANGELES","LOS ANGELES",-118.26499176025391,34.011058807373047
8701800,2018,2018-09-24,1942,2018-09-10,1055,31476,1351,1,5,7,1942,0,0,0,M,0,13A41,"N BROADWAY ST",41ST,12.00,S,N,A,-,N,,,,,,,,,,N,3,0,1,2,A,-,03,22350,,F,B,B,B,A,H,-,A,D,0,Y,,,,Y,,-,99,0,1,0,0,1,0,0,0,0,"- ","- ",,,"LOS ANGELES","LOS ANGELES",-118.27837371826172,34.00921630859375
8701802,2018,2018-09-27,1942,2018-08-05,1550,43126,1351,7,5,7,1942,0,0,0,M,0,1A61,"S BROADWAY","W 41ST PL",30.00,,N,A,-,N,,,,,,,,,,N,4,0,1,2,A,-,21,22106,,F,G,B,D,A,H,-,A,D,0,Y,,,,Y,Y,-,99,0,0,1,0,1,0,0,0,0,"- ","- ",,,"LOS ANGELES","LOS ANGELES",-118.27837371826172,34.008258819580078
8701816,2018,2018-09-24,1942,2018-09-03,2020,40289,1362,1,5,7,1942,0,0,0,M,0,13A61,"S MAIN ST","E 48TH ST",133.00,N,N,A,-,N,,,,,,,,,,Y,2,0,1,2,A,-,11,21954,A,N,G,B,D,A,H,-,C,A,0,Y,,,,Y,,N,60,1,0,0,0,1,0,0,0,0,"- ","- ",,,"LOS ANGELES","LOS ANGELES",-118.27397918701172,33.999603271484375
8701828,2018,2018-09-24,1942,2018-09-05,1925,42599,1942,3,5,7,1942,0,0,0,,0,1118,"N AVE 56","NORTH FIGUEROA ST",200.00,W,N,B,-,N,,,,,,,,,,N,4,0,1,2,A,-,10,21950,C,F,G,B,E,A,H,-,C,D,0,Y,,,,Y,Y,-,99,0,0,1,0,1,0,0,0,0,"- ","- ",,,"LOS ANGELES","LOS ANGELES",-118.19452667236328,34.109375
8701852,2018,2018-11-06,1942,2018-08-14,1015,42582,0853,2,5,7,1942,0,0,0,H,0,8EL3,"SANTA MONICA BL","SAWTELLE BL",7.00,W,N,A,-,N,,,,,,,,,,N,3,0,1,2,A,-,10,21950,A,N,G,B,B,A,H,-,C,A,0,Y,,,,Y,,A,01,0,1,0,0,1,0,0,0,0,"- ","- ",,,"LOS ANGELES","LOS ANGELES",-118.44844818115234,34.046482086181641
8701900,2018,2018-09-24,1942,2018-08-08,0730,40235,0833,3,5,7,1942,0,0,0,H,0,14T49,"WILSHIRE BL","VETERAN AV",0.00,,Y,A,-,N,,,,,,,,,,N,3,0,1,2,A,-,10,21950,A,N,G,B,B,A,H,-,A,A,0,Y,,,,Y,,A,07,0,1,0,0,1,0,0,0,0,"- ","- ",,,"LOS ANGELES","LOS ANGELES",-118.44774627685547,34.057758331298828
8701916,2018,2018-09-24,1942,2018-08-07,0740,39835,0841,2,5,7,1942,0,0,0,H,0,8A53,"WILSHIRE BL","BUNDY DR",99.00,W,N,A,-,N,,,,,,,,,,N,4,0,1,3,A,-,11,21954,A,N,G,B,D,A,H,-,A,D,0,Y,,,,Y,,N,60,0,0,1,0,1,0,0,0,0,"- ","- ",,,"LOS ANGELES","LOS ANGELES",-118.46772766113281,34.043876647949219
8701945,2018,2018-10-08,1942,2018-08-29,1345,38351,2177,3,5,7,1942,0,0,0,,0,21A77,"BURBANK BL","KELVIN AV",20.00,E,N,A,-,N,,,,,,,,,,N,3,0,1,2,-,-,"- ",,,N,G,B,E,A,H,-,A,D,0,Y,,,,Y,,-,"- ",0,1,0,0,1,0,0,0,0,"- ","- ",,,"LOS ANGELES","LOS ANGELES",-118.5869140625,34.171970367431641
8701963,2018,2018-10-02,1942,2018-08-25,0740,39010,0497,6,5,7,1942,0,0,0,D,0,4A97,"OLYMPIC BL","LORENA ST",39.00,E,N,A,-,N,,,,,,,,,,N,3,0,1,2,A,-,10,21950,A,N,G,B,B,A,H,-,A,A,0,Y,,,,Y,,D,22,0,1,0,0,1,0,0,0,0,"- ","- ",,,"LOS ANGELES","LOS ANGELES",-118.20652008056641,34.018753051757812
8701989,2018,2018-10-08,1942,2018-09-12,0921,43392,0853,3,5,7,1942,0,0,0,H,0,8A53,"NEBRASKA ST","BUNDY DR",0.00,,-,A,-,N,,,,,,,,,,N,4,0,1,2,A,-,10,21950,A,N,-,-,B,A,-,-,A,-,0,Y,,,,Y,Y,D,22,0,0,1,0,1,0,0,0,0,"- ","- ",,,"LOS ANGELES","LOS ANGELES",-118.45861053466797,34.036540985107422
8702001,2018,2018-09-27,1942,2018-08-31,1720,37952,0256,5,5,7,1942,0,0,0,B,0,2A56,"S BURLINGTON AV","7TH ST",20.00,N,N,A,-,N,,,,,,,,,,N,3,0,1,2,A,-,11,21954,A,F,G,B,E,A,H,-,A,D,0,Y,,,,Y,,N,60,0,1,0,0,1,0,0,0,0,"- ","- ",,,"LOS ANGELES","LOS ANGELES",-118.27342224121094,34.055004119873047
8702004,2018,2018-10-10,1942,2018-09-07,2139,38721,0899,5,5,7,1942,0,0,0,H,0,8A95,"VENICE BL","NATIONA BL",9.00,W,N,A,-,N,,,,,,,,,,N,3,0,1,2,A,-,11,21954,A,N,G,B,-,A,H,-,C,A,0,Y,,,,Y,,N,60,0,1,0,0,1,0,0,0,0,"- ","- ",,,"LOS ANGELES","LOS ANGELES",-118.38832855224609,34.029407501220703
8702044,2018,2018-10-12,1942,2018-09-09,1130,34959,2069,7,5,7,1942,0,0,0,,0,20A69,"WESTMORELAND AV","OLYMPIC BL",0.00,,Y,A,-,N,,,,,,,,,,N,4,0,1,2,A,-,10,21950,A,F,G,B,-,A,H,-,A,A,0,Y,,,,Y,,-,99,0,0,1,0,1,0,0,0,0,"- ","- ",,,"LOS ANGELES","LOS ANGELES",-118.28909301757812,34.052410125732422
8702048,2018,2018-10-12,1942,2018-09-07,1650,41253,363,5,5,7,1942,0,0,0,,0,3A1-W2,"CRENSHAW BL",CRENSHAW,67.00,W,N,A,-,N,,,,,,,,,,N,4,0,1,2,A,-,10,21950,A,N,G,B,-,A,H,-,A,D,0,Y,,,,Y,,N,60,0,0,1,0,1,0,0,0,0,"- ","- ",,,"LOS ANGELES","LOS ANGELES",-118.33511352539062,34.032070159912109
8702071,2018,2018-10-01,1942,2018-08-31,1630,39407,0362,5,5,7,1942,0,0,0,C,0,3A31,"COLISEUM ST","SANTA ROSALIA DR",0.00,,Y,A,-,N,,,,,,,,,,N,3,0,1,2,A,-,10,21950,A,N,G,B,B,A,H,-,A,D,0,Y,,,,Y,,A,07,0,1,0,0,1,0,0,0,0,"- ","- ",,,"LOS ANGELES","LOS ANGELES",-118.34716796875,34.016929626464844
8702073,2018,2018-09-27,1942,2018-08-25,1325,39028,0449,6,5,7,1942,0,0,0,D,0,4A59,"DUNDAS ST","WABASH AV",89.00,N,N,A,-,N,,,,,,,,,,N,4,0,1,2,A,-,09,21804,A,N,E,I,F,A,H,-,A,A,0,Y,,,,Y,,A,07,0,0,1,0,1,0,0,0,0,"- ","- ",,,"LOS ANGELES","LOS ANGELES",-118.19600677490234,34.049915313720703
8702175,2018,2018-10-02,1942,2018-08-29,1440,39759,0132,3,5,7,1942,0,0,0,A,0,1A1,"S OLIVE ST","W 2ND ST",0.00,,Y,A,-,N,,,,,,,,,,N,4,0,1,2,A,-,10,21950,A,F,G,B,B,A,H,-,A,A,0,Y,,,,Y,,-,99,0,0,1,0,1,0,0,0,0,"- ","- ",,,"LOS ANGELES","LOS ANGELES",-118.24887084960938,34.053779602050781
8702186,2018,2018-10-02,1942,2018-08-18,1435,40008,0192,6,5,7,1942,0,0,0,A,0,1A61,"S FIGUEROA ST","W 17TH ST",0.00,,Y,A,-,N,,,,,,,,,,N,4,0,1,2,A,-,05,21650,,N,D,B,D,A,H,-,A,D,0,Y,,,,Y,,N,60,0,0,1,0,1,0,0,0,0,"- ","- ",,,"LOS ANGELES","LOS ANGELES",-118.270751953125,34.036399841308594
8702188,2018,2018-10-02,1942,2018-07-28,2025,42416,0835,6,5,7,1942,0,0,0,H,0,8A13,"SANTA MONICA BL","WESTWOOD BL",0.00,,Y,A,-,N,,,,,,,,,,N,4,0,1,2,D,-,00,,,F,G,B,B,A,H,-,C,A,0,Y,,,,Y,,-,"- ",0,0,1,0,1,0,0,0,0,"- ","- ",,,"LOS ANGELES","LOS ANGELES",-118.43698120117188,34.049819946289062
8702198,2018,2018-10-02,1942,2018-08-31,0836,31152,0154,5,5,7,1942,0,0,0,A,0,1A35,"LOS ANGELES ST","6TH ST",10.00,N,N,A,-,N,,,,,,,,,,N,4,0,2,3,A,-,10,21950,A,N,G,B,B,A,H,-,A,A,0,Y,,,,Y,,A,01,0,0,2,0,2,0,0,0,0,"- ","- ",,,"LOS ANGELES","LOS ANGELES",-118.24894500000001,34.044592000000002
8702216,2018,2018-11-08,1942,2018-08-21,0900,41935,0138,2,5,7,1942,0,0,0,A,0,1FBL7,"4TH ST","LOS ANGELES",0.00,,Y,A,-,N,,,,,,,,,,N,4,0,1,2,A,-,10,21950,A,N,G,B,B,A,H,-,A,A,0,Y,,,,Y,,A,01,0,0,1,0,1,0,0,0,0,"- ","- ",,,"LOS ANGELES","LOS ANGELES",-118.24620056152344,34.047271728515625
8702224,2018,2018-10-02,1942,2018-08-28,1535,40008,0162,2,5,7,1942,0,0,0,A,0,1A61,"S FIGUEROA ST","7TH ST",180.00,S,N,A,-,N,,,,,,,,,,N,3,0,1,2,A,-,11,21956,A,N,D,B,D,A,H,-,A,D,0,Y,,,,Y,,N,60,0,1,0,0,1,0,0,0,0,"- ","- ",,,"LOS ANGELES","LOS ANGELES",-118.26026153564453,34.049018859863281
8702241,2018,2019-01-22,1942,2018-08-28,0530,38273,1663,2,5,7,1942,0,0,0,P,0,16TL25,"SHELDON ST","SAN FERNANDO RD",32.00,W,N,A,-,N,,,,,,,,,,N,4,0,1,2,A,-,11,21954,A,N,G,B,D,A,A,-,C,D,0,Y,,,,Y,,N,60,0,0,1,0,1,0,0,0,0,"- ","- ",,,"LOS ANGELES","LOS ANGELES",-118.39379119873047,34.239242553710938
8702249,2018,2018-10-12,1942,2018-08-28,1120,34467,1767,2,5,7,1942,0,0,0,Q,0,35M31,"PLUMMER ST","RESEDA BL",0.00,,Y,A,-,N,,,,,,,,,,N,4,0,1,2,A,-,10,21950,A,N,G,B,B,A,H,-,A,A,0,Y,,,,Y,,D,22,0,0,1,0,1,0,0,0,0,"- ","- ",,,"LOS ANGELES","LOS ANGELES",-118.53607940673828,34.242740631103516
8702321,2018,2018-10-02,1942,2018-09-11,1835,39784,RD146,2,5,7,1942,0,0,0,,0,14A56,"BEATRICE ST","INGLEWOOD BL",50.00,E,N,A,-,N,,,,,,,,,,N,4,0,1,2,A,-,11,21954,A,N,G,B,E,A,H,-,A,D,0,Y,,,,Y,,N,60,0,0,1,0,1,0,0,0,0,"- ","- ",,,"LOS ANGELES","LOS ANGELES",-118.40643310546875,33.985095977783203
8702322,2018,2018-10-02,1942,2018-09-07,2145,42351,0647,5,5,7,1942,0,0,0,F,0,6FB18,"SUNSET BL","VAN NESS AV",50.00,E,N,A,-,N,,,,,,,,,,Y,3,0,1,2,A,-,11,21954,A,N,G,B,E,A,H,-,-,B,0,Y,,,,Y,,N,60,0,1,0,0,1,0,0,0,0,"- ","- ",,,"LOS ANGELES","LOS ANGELES",-118.31561279296875,34.098049163818359
8702323,2018,2018-10-02,1942,2018-08-23,0725,33829,1791,4,5,7,1942,0,0,0,Q,0,17X91,"MASON AV","CHASE ST",5.00,N,N,A,-,N,,,,,,,,,,Y,4,0,1,2,A,-,10,21950,A,N,G,B,B,A,H,-,A,A,0,Y,,,,Y,,-,"- ",0,0,1,0,1,0,0,0,0,"- ","- ",,,"LOS ANGELES","LOS ANGELES",-118.57977294921875,34.224582672119141
8702325,2018,2018-10-02,1942,2018-09-15,0100,43457,"LOS A",6,5,7,1942,0,0,0,,0,1441,"WASHINGTON BL","SANBORN AV",10.00,N,N,A,-,N,,,,,,,,,,N,3,0,1,2,A,-,11,21950,B,N,G,B,E,A,H,-,C,D,0,Y,,,,Y,Y,N,60,0,1,0,0,1,0,0,0,0,"- ","- ",33.980598449707031,-118.46430206298828,"LOS ANGELES","LOS ANGELES",-118.46410369873047,33.980636596679688
8702327,2018,2018-10-02,1942,2018-08-19,1445,33829,1791,7,5,7,1942,0,0,0,Q,0,17A49,"WINNETKA AV","COMMUNITY ST",5.00,S,-,A,-,N,,,,,,,,,,N,3,0,4,3,A,-,03,22350,,N,B,B,B,A,H,-,A,A,0,Y,,,,Y,,A,01,0,1,3,0,1,0,0,0,0,"- ","- ",,,"LOS ANGELES","LOS ANGELES",-118.57103729248047,34.222156524658203
8702328,2018,2018-10-02,1942,2018-08-07,1030,41179,0726,2,5,7,1942,0,0,0,G,0,7A17,"DETROIT ST","BEVERLY BL",28.00,S,N,A,-,N,,,,,,,,,,N,4,0,1,2,A,-,11,21954,A,F,B,B,E,A,H,-,A,D,0,Y,,,,Y,,N,60,0,0,1,0,1,0,0,0,0,"- ","- ",,,"LOS ANGELES","LOS ANGELES",-118.34516906738281,34.076091766357422
8702332,2018,2018-10-02,1942,2018-08-14,1310,42956,0735,2,5,7,1942,0,0,0,G,0,7A64,"WILSHIRE BL","DETROIT ST",0.00,,Y,A,-,N,,,,,,,,,,N,4,0,1,2,A,-,10,21950,A,N,G,B,B,A,H,-,A,A,0,Y,,,,Y,,A,01,0,0,1,0,1,0,0,0,0,"- ","- ",,,"LOS ANGELES","LOS ANGELES",-118.34516143798828,34.062240600585938
8702335,2018,2018-10-02,1942,2018-08-03,0150,42501,0678,5,5,7,1942,0,0,0,F,0,6A67,"SANTA MONICA BL",WESTERN,75.00,W,N,A,-,N,,,,,,,,,,N,4,0,1,2,A,-,11,21954,A,N,G,B,D,A,-,-,C,D,0,Y,,,,Y,Y,N,60,0,0,1,0,1,0,0,0,0,"- ","- ",,,"LOS ANGELES","LOS ANGELES",-118.30941772460938,34.090770721435547
8702340,2018,2018-10-02,1942,2018-08-31,2140,38090,0749,5,5,7,1942,0,0,0,G,0,8TL35,"ROSSMORE AV","WILSHIRE BL",8.00,N,N,A,-,N,,,,,,,,,,N,3,0,1,2,A,-,11,21950,B,N,G,B,B,A,H,-,C,A,0,Y,,,,Y,,N,60,0,1,0,0,1,0,0,0,0,"- ","- ",,,"LOS ANGELES","LOS ANGELES",-118.32765197753906,34.061931610107422
8702341,2018,2018-10-02,1942,2018-09-06,1820,37357,2025,4,5,7,1942,0,0,0,,0,20A34,"ALEXANDRA AV","4TH ST",0.00,,Y,A,-,N,,,,,,,,,,N,3,0,1,2,A,-,10,21950,A,N,G,B,B,A,H,-,A,D,0,Y,,,,Y,,A,01,0,1,0,0,1,0,0,0,0,"- ","- ",,,"LOS ANGELES","LOS ANGELES",-118.29794311523438,34.067211151123047
8702349,2018,2018-10-02,1942,2018-09-15,0747,42834,2046,6,5,7,1942,0,0,0,,0,20A4,"SAN MARINO ST","NEW HAMPSHIRE AV",0.00,,Y,A,-,N,,,,,,,,,,N,4,0,1,2,A,-,10,21950,A,N,G,B,B,A,H,-,A,D,0,Y,,,,Y,,A,01,0,0,1,0,1,0,0,0,0,"- ","- ",,,"LOS ANGELES","LOS ANGELES",-118.29289245605469,34.054508209228516
8702352,2018,2018-10-02,1942,2018-08-22,1150,40456,0881,3,5,7,1942,0,0,0,H,0,8A53,"CENTINELA AV",NEBRASKA,0.00,,Y,A,-,N,,,,,,,,,,N,3,0,1,2,A,-,10,21950,A,N,A,B,B,A,H,-,A,A,0,Y,,,,Y,,A,01,0,1,0,0,1,0,0,0,0,"- ","- ",,,"LOS ANGELES","LOS ANGELES",-118.46151733398438,34.033260345458984
8702356,2018,2018-10-02,1942,2018-08-27,2245,41216,0833,1,5,7,1942,0,0,0,H,0,8A29,WILSHIRE,WESTWOOD,0.00,,Y,A,-,N,,,,,,,,,,N,4,0,1,2,A,-,06,21951,,N,A,B,B,A,H,-,C,A,0,Y,,,,Y,,A,01,0,0,1,0,1,0,0,0,0,"- ","- ",,,"LOS ANGELES","LOS ANGELES",-118.44391632080078,34.058780670166016