CASE_ID,ACCIDENT_YEAR,PROC_DATE,JURIS,COLLISION_DATE,COLLISION_TIME,OFFICER_ID,REPORTING_DISTRICT,DAY_OF_WEEK,CHP_SHIFT,POPULATION,CNTY_CITY_LOC,SPECIAL_COND,BEAT_TYPE,CHP_BEAT_TYPE,CITY_DIVISION_LAPD,CHP_BEAT_CLASS,BEAT_NUMBER,PRIMARY_RD,SECONDARY_RD,DISTANCE,DIRECTION,INTERSECTION,WEATHER_1,WEATHER_2,STATE_HWY_IND,CALTRANS_COUNTY,CALTRANS_DISTRICT,STATE_ROUTE,ROUTE_SUFFIX,POSTMILE_PREFIX,POSTMILE,LOCATION_TYPE,RAMP_INTERSECTION,SIDE_OF_HWY,TOW_AWAY,COLLISION_SEVERITY,NUMBER_KILLED,NUMBER_INJURED,PARTY_COUNT,PRIMARY_COLL_FACTOR,PCF_CODE_OF_VIOL,PCF_VIOL_CATEGORY,PCF_VIOLATION,PCF_VIOL_SUBSECTION,HIT_AND_RUN,TYPE_OF_COLLISION,MVIW,PED_ACTION,ROAD_SURFACE,ROAD_COND_1,ROAD_COND_2,LIGHTING,CONTROL_DEVICE,CHP_ROAD_TYPE,PEDESTRIAN_ACCIDENT,BICYCLE_ACCIDENT,MOTORCYCLE_ACCIDENT,TRUCK_ACCIDENT,NOT_PRIVATE_PROPERTY,ALCOHOL_INVOLVED,STWD_VEHTYPE_AT_FAULT,CHP_VEHTYPE_AT_FAULT,COUNT_SEVERE_INJ,COUNT_VISIBLE_INJ,COUNT_COMPLAINT_PAIN,COUNT_PED_KILLED,COUNT_PED_INJURED,COUNT_BICYCLIST_KILLED,COUNT_BICYCLIST_INJURED,COUNT_MC_KILLED,COUNT_MC_INJURED,PRIMARY_RAMP,SECONDARY_RAMP,LATITUDE,LONGITUDE,COUNTY,CITY,POINT_X,POINT_Y
8722298,2018,2018-11-05,1901,2018-08-07,0813,268,12,2,5,5,1901,0,0,0,,0,002,"VALLEY BL","GRANADA AV",15.00,W,N,A,-,N,,,,,,,,,,N,2,0,1,2,A,-,10,21950,A,N,G,B,B,A,H,-,A,A,0,Y,,,,Y,,A,01,1,0,0,0,1,0,0,0,0,"- ","- ",,,"LOS ANGELES",ALHAMBRA,-118.11412811279297,34.079036712646484
8722310,2018,2018-11-05,1901,2018-09-03,2151,261,09,1,5,5,1901,0,0,0,,0,001,"MAIN ST","VEGA ST",5.00,E,N,B,-,N,,,,,,,,,,N,4,0,1,2,A,-,10,21950,A,N,G,B,B,A,H,-,C,D,0,Y,,,,Y,,A,01,0,0,1,0,1,0,0,0,0,"- ","- ",,,"LOS ANGELES",ALHAMBRA,-118.11485290527344,34.100875854492188
8722376,2018,2018-11-01,1955,2018-10-11,1933,40624,93,4,5,6,1955,0,0,0,,0,004,"MISSION BL","SAN ANTONIO AV",60.00,W,N,A,-,N,,,,,,,,,,N,4,0,1,2,A,-,11,21954,A,N,G,B,E,A,H,-,C,A,0,Y,,,,Y,,N,60,0,0,1,0,1,0,0,0,0,"- ","- ",,,"LOS ANGELES",POMONA,-117.73714447021484,34.055435180664062
8722888,2018,2018-11-02,1955,2018-10-16,1956,40624,97,2,5,6,1955,0,0,0,,0,004,"MISSION BL","LA MESA ST",45.00,E,N,A,-,N,,,,,,,,,,N,4,0,1,2,A,-,11,21954,A,N,G,B,D,A,H,-,C,D,0,Y,,,,Y,Y,N,60,0,0,1,0,1,0,0,0,0,"- ","- ",,,"LOS ANGELES",POMONA,-117.73464965820312,34.055503845214844
8723057,2018,2018-11-02,1900,2018-09-30,1320,623044,1349,7,5,3,1903,0,0,0,,0,134,"PIONEER BL","183RD ST",0.00,,Y,A,-,N,,,,,,,,,,N,4,0,1,2,A,-,12,21453,A,F,G,B,B,A,H,-,A,A,0,Y,,,,Y,,A,01,0,0,1,0,1,0,0,0,0,"- ","- ",33.865699768066406,-118.08209991455078,"LOS ANGELES",ARTESIA,-118.08220672607422,33.865711212158203
8723065,2018,2018-11-02,1900,2018-09-18,1835,621507,1351,2,5,3,1927,0,0,0,,0,135A,"223RD ST","PIONEER BL",0.00,,Y,A,-,N,,,,,,,,,,N,4,0,1,2,A,-,11,21954,A,N,G,B,C,A,H,-,A,D,0,Y,,,,Y,,N,60,0,0,1,0,1,0,0,0,0,"- ","- ",,,"LOS ANGELES","HAWAIIAN GARDENS",-118.08161926269531,33.825908660888672
8723078,2018,2018-11-02,1900,2018-09-17,1200,602218,0454,1,5,6,1949,0,0,0,,0,43T1,"CIVIC CENTER DR","NORWALK BL",450.00,E,N,A,-,N,,,,,,,,,,N,4,0,1,2,A,-,10,21950,A,N,G,B,B,A,H,-,A,A,0,Y,,,,Y,,A,01,0,0,1,0,1,0,0,0,0,"- ","- ",,,"LOS ANGELES",NORWALK,-118.0711669921875,33.914180755615234
8723082,2018,2018-11-02,1900,2018-09-16,1620,606773,0454,7,5,6,1949,0,0,0,,0,1900,"WALNUT ST","SAN ANTONIO DR",100.00,E,N,A,-,N,,,,,,,,,,N,4,0,1,2,A,-,11,21954,A,N,G,B,D,A,H,-,A,D,0,Y,,,,Y,,N,60,0,0,1,0,1,0,0,0,0,"- ","- ",,,"LOS ANGELES",NORWALK,-118.07833862304688,33.905727386474609
8723141,2018,2018-11-13,1942,2018-10-15,1555,36940,2024,1,5,7,1942,0,0,0,,0,34TL12,"6TH ST","HARVARD BL",100.00,W,N,A,-,N,,,,,,,,,,N,4,0,1,2,A,-,17,21235,G,N,G,B,F,A,H,-,A,D,0,Y,,Y,,Y,,C,03,0,0,1,0,1,0,0,0,0,"- ","- ",,,"LOS ANGELES","LOS ANGELES",-118.30443572998047,34.063549041748047
8723190,2018,2018-11-13,1942,2018-10-08,0945,41054,2024,1,5,7,1942,0,0,0,,0,20A33,"S NORMANDIE AV","W 6TH ST",0.00,,Y,A,-,N,,,,,,,,,,N,3,0,1,2,A,-,10,21950,A,N,G,B,B,A,H,-,A,A,0,Y,,,,Y,,A,08,0,1,0,0,1,0,0,0,0,"- ","- ",,,"LOS ANGELES","LOS ANGELES",-118.30036926269531,34.0635986328125
8723287,2018,2018-12-19,1976,2018-10-10,0755,477,,3,5,3,1964,0,0,0,,0,,"CLARKMAN ST","PIONEER BL",124.00,W,N,A,-,N,,,,,,,,,,N,4,0,1,2,A,-,00,21964,A,N,G,B,D,A,H,-,A,D,0,Y,,,,Y,,N,60,0,0,1,0,1,0,0,0,0,"- ","- ",,,"LOS ANGELES","SANTA FE SPRINGS",-118.08235168457031,33.938919067382812
8723317,2018,2018-11-19,1942,2018-09-21,1820,42205,0361,5,5,7,1942,0,0,0,C,0,3A34,"RODEO RD","S LA BREA AV",224.00,E,N,A,-,N,,,,,,,,,,N,4,0,1,2,A,-,10,21952,,N,G,B,F,A,H,-,B,D,0,Y,,,,Y,,A,01,0,0,1,0,1,0,0,0,0,"- ","- ",,,"LOS ANGELES","LOS ANGELES",-118.35487365722656,34.021522521972656
8723324,2018,2018-11-06,1948,2018-09-16,1913,418,1948,7,5,5,1948,0,0,0,,0,003,"NEWMARK AV","GARFIELD AV",7.00,E,N,A,-,N,,,,,,,,,,N,4,0,1,2,A,-,10,21950,A,N,G,B,B,A,H,-,B,A,0,Y,,,,Y,,-,,0,0,1,0,1,0,0,0,0,"- ","- ",,,"LOS ANGELES","MONTEREY PARK",-118.12281799316406,34.059791564941406
8723345,2018,2018-11-06,1942,2018-09-24,1730,40123,2056,1,5,7,1942,0,0,0,,0,20A34,"BERENDO ST","11TH ST",0.00,,Y,A,-,N,,,,,,,,,,N,4,0,1,2,A,-,12,22450,A,N,G,B,E,A,H,-,A,D,0,Y,,,,Y,,N,60,0,0,1,0,1,0,0,0,0,"- ","- ",,,"LOS ANGELES","LOS ANGELES",-118.29369354248047,34.050910949707031
8723357,2018,2018-11-06,1942,2018-09-19,1945,42718,2076,3,5,7,1942,0,0,0,,0,20XL3,"PICO BL","CATALINA AV",50.00,W,N,A,-,N,,,,,,,,,,N,2,0,1,2,A,-,11,21955,,N,G,B,D,A,H,-,C,A,0,Y,,,,Y,Y,N,60,1,0,0,0,1,0,0,0,0,"- ","- ",,,"LOS ANGELES","LOS ANGELES",-118.29488372802734,34.047271728515625
8723369,2018,2018-11-07,1942,2018-08-22,2150,43396,0747,3,5,7,1942,0,0,0,G,0,7A47,"OLYMPIC BL","LA BREA AV",0.00,,Y,A,-,N,,,,,,,,,,N,2,0,1,2,A,-,10,21950,A,N,G,B,B,A,H,-,C,A,0,Y,,,,Y,,-,,1,0,0,0,1,0,0,0,0,"- ","- ",,,"LOS ANGELES","LOS ANGELES",-118.34590911865234,34.057258605957031
8723390,2018,2018-11-07,1900,2018-09-30,1505,478092,2610,7,5,6,1950,0,0,0,,0,263T1,"10TH ST E","EAST AV Q 5",220.00,S,N,A,-,N,,,,,,,,,,N,3,0,1,2,A,-,21,22106,,N,G,B,D,A,H,-,A,D,0,Y,,,,Y,Y,A,08,0,1,0,0,1,0,0,0,0,"- ","- ",,,"LOS ANGELES",PALMDALE,-118.11190032958984,34.581935882568359
8723402,2018,2018-11-07,1942,2018-09-07,1345,43462,0721,5,5,7,1942,0,0,0,G,0,7A21,"LA CIENEGA BL","3RD ST",0.00,,Y,A,B,N,,,,,,,,,,N,3,0,1,2,A,-,10,21950,A,N,G,B,B,A,H,-,A,B,0,Y,,,,Y,,A,07,0,1,0,0,1,0,0,0,0,"- ","- ",,,"LOS ANGELES","LOS ANGELES",-118.37647247314453,34.073360443115234
8723541,2018,2018-11-21,1923,2018-10-24,0803,467,208,3,5,3,1923,0,0,0,,0,3M3,"GRAND AV","CENTER ST",0.00,,Y,A,-,N,,,,,,,,,,N,3,0,1,2,A,-,11,21950,B,N,G,B,B,A,H,-,A,A,0,Y,,,,Y,,N,60,0,1,0,0,1,0,0,0,0,"- ","- ",33.919441223144531,-118.40487670898438,"LOS ANGELES","EL SEGUNDO",-118.40486907958984,33.919441223144531
8723732,2018,2018-11-14,1942,2018-10-24,1900,42364,,3,5,7,1942,0,0,0,,0,,"FERNDALE ST","MANSFIELD AV",0.00,,Y,A,-,N,,,,,,,,,,N,4,0,1,2,A,-,10,21950,A,N,G,B,B,A,H,-,C,D,0,Y,,,,Y,,A,01,0,0,1,0,1,0,0,0,0,"- ","- ",,,"LOS ANGELES","LOS ANGELES",-118.35285949707031,34.030769348144531
8723748,2018,2018-11-14,1976,2018-10-23,0700,851,,2,5,5,1976,0,0,0,,0,,"WHITTIER AV","BAILEY ST",9.00,S,N,B,-,N,,,,,,,,,,N,3,0,1,2,A,-,11,21950,B,N,G,B,B,A,A,-,A,D,0,Y,,,,Y,,N,60,0,1,0,0,1,0,0,0,0,"- ","- ",,,"LOS ANGELES",WHITTIER,-118.04319763183594,33.980876922607422
8723764,2018,2018-12-21,1942,2018-11-06,1745,42364,0525,2,5,7,1942,0,0,0,E,0,5A25,"N AVALON BL","F ST",269.00,S,N,A,-,N,,,,,,,,,,N,1,1,0,2,A,-,11,21954,A,N,G,B,D,A,H,-,C,-,0,Y,,,,Y,,N,60,0,0,0,1,0,0,0,0,0,"- ","- ",,,"LOS ANGELES","LOS ANGELES",-118.26216888427734,33.776363372802734
8723848,2018,2018-11-26,1942,2018-10-14,1330,34458,0215,7,5,7,1942,0,0,0,B,0,2A12,"N RAMPART BL","TEMPLE ST",5.00,S,N,B,-,N,,,,,,,,,,N,3,0,1,2,A,-,10,21950,A,N,G,B,B,A,H,-,A,A,0,Y,,,,Y,,A,01,0,1,0,0,1,0,0,0,0,"- ","- ",,,"LOS ANGELES","LOS ANGELES",-118.27489300000001,34.072505999999997
8723852,2018,2018-11-26,1942,2018-10-18,1120,43553,0231,4,5,7,1942,0,0,0,B,0,2A91,"HOOVER ST","TEMPLE ST",8.00,N,N,A,-,N,,,,,,,,,,N,3,0,2,2,A,-,09,21801,A,N,G,B,B,A,H,-,A,A,0,Y,,,,Y,,A,01,0,2,0,0,1,0,0,0,0,"- ","- ",,,"LOS ANGELES","LOS ANGELES",-118.28437805175781,34.07672119140625
8723856,2018,2018-11-26,1942,2018-10-19,2355,38838,0281,5,5,7,1942,0,0,0,B,0,12A91,ALVARADO,"11TH ST",0.00,,Y,A,-,N,,,,,,,,,,N,3,0,1,2,A,-,08,22107,,N,G,B,B,A,-,-,C,A,0,Y,,,,Y,,A,01,0,1,0,0,1,0,0,0,0,"- ","- ",,,"LOS ANGELES","LOS ANGELES",-118.28079223632812,34.050281524658203
8723868,2018,2018-11-26,1942,2018-10-20,0905,37540,1317,6,5,7,1942,0,0,0,M,0,13A9,"E 14TH ST","S CENTRAL AV",0.00,,Y,A,-,N,,,,,,,,,,N,2,0,1,2,A,-,10,21950,A,N,G,B,B,A,H,-,A,A,0,Y,,,,Y,,A,07,1,0,0,0,1,0,0,0,0,"- ","- ",,,"LOS ANGELES","LOS ANGELES",-118.24687957763672,34.028430938720703
8723876,2018,2018-11-26,1942,2018-10-22,1105,31324,1395,1,5,7,1942,0,0,0,M,0,13A93,"E 67TH ST","AVALON BL",0.00,,Y,A,-,N,,,,,,,,,,N,3,0,1,2,A,-,10,21950,A,N,G,B,B,A,H,-,A,A,0,Y,,,,Y,,A,01,0,1,0,0,1,0,0,0,0,"- ","- ",,,"LOS ANGELES","LOS ANGELES",-118.26519775390625,33.978809356689453
8723889,2018,2018-11-21,1900,2018-10-28,0019,524507,0532,7,5,5,1959,0,0,0,,0,53T1EM,"EVELYN AV","EMERSON PL",0.00,,Y,A,-,N,,,,,,,,,,N,3,0,1,3,A,-,09,21802,A,F,D,C,F,A,H,-,C,A,0,Y,,,,Y,,A,07,0,1,0,0,1,0,0,0,0,"- ","- ",34.066238403320312,-118.10092926025391,"LOS ANGELES",ROSEMEAD,-118.10093688964844,34.066249847412109
8723897,2018,2018-11-21,1900,2018-10-31,0800,526292,0562,3,5,3,1968,0,0,0,,0,55T1AM,"PENN MAR AV","REMER ST",0.00,,N,A,-,N,,,,,,,,,,N,2,0,1,2,A,-,10,21954,B,N,G,B,B,A,H,-,A,D,0,Y,,,,Y,,A,01,1,0,0,0,1,0,0,0,0,"- ","- ",34.044769287109375,-118.03829956054688,"LOS ANGELES","SOUTH EL MONTE",-118.03840637207031,34.044689178466797
8723900,2018,2018-12-18,1942,2018-10-08,0910,34458,0151,1,5,7,1942,0,0,0,A,0,1A41,"W 6TH ST","FIGUEROA ST",15.00,E,N,A,-,N,,,,,,,,,,N,3,0,1,2,A,-,10,21950,A,N,G,B,B,A,H,-,A,A,0,Y,,,,Y,,A,01,0,1,0,0,1,0,0,0,0,"- ","- ",,,"LOS ANGELES","LOS ANGELES",-118.25852203369141,34.050796508789062
8723974,2018,2018-11-20,1900,2018-11-06,1433,602223,0531,2,5,5,1959,0,0,0,,0,53TPM,"IVAR AV","VALLEY BL",10.00,N,N,A,-,N,,,,,,,,,,N,3,0,1,2,A,-,10,21950,A,N,G,B,B,A,H,-,A,A,0,Y,,,,Y,,A,07,0,1,0,0,1,0,0,0,0,"- ","- ",34.080001831054688,-118.06999969482422,"LOS ANGELES",ROSEMEAD,-118.07546234130859,34.080787658691406
8724049,2018,2018-11-20,1909,2018-11-02,1350,563,1909,5,5,4,1909,0,0,0,,0,SOUTH,"EASTERN AV","JABONERIA RD",0.00,,Y,A,-,N,,,,,,,,,,N,4,0,1,2,A,-,10,21950,A,N,G,B,B,A,H,-,A,A,0,Y,,,,Y,,A,07,0,0,1,0,1,0,0,0,0,"- ","- ",,,"LOS ANGELES","BELL GARDENS",-118.16546630859375,33.959850311279297
8724065,2018,2018-11-20,1942,2018-11-07,1950,40105,1823,3,5,7,1942,0,0,0,R,0,25TL41,"E CENTURY BL","S SAN PEDRO ST",12.00,E,N,A,-,N,,,,,,,,,,N,2,0,1,2,A,-,12,21453,A,F,G,B,B,A,H,-,C,A,0,Y,,,,Y,,-,99,1,0,0,0,1,0,0,0,0,"- ","- ",,,"LOS ANGELES","LOS ANGELES",-118.26949310302734,33.945590972900391
8724425,2018,2019-02-06,1975,2018-10-31,1849,414,,3,5,6,1975,0,0,0,,0,001,"PACIFIC AV","CAMERON AV",64.00,,N,A,-,N,,,,,,,,,,N,2,0,2,3,A,-,11,21954,A,N,G,B,D,A,H,-,C,D,0,Y,,,,Y,,N,60,2,0,0,0,2,0,0,0,0,"- ","- ",,,"LOS ANGELES","WEST COVINA",-117.94622802734375,34.074748992919922
8724441,2018,2018-12-13,1955,2018-10-20,1944,30374,49,6,5,6,1955,0,0,0,,0,001,"HOLT AV","HAMILTON BL",675.00,W,N,A,-,N,,,,,,,,,,Y,3,0,1,2,A,-,11,21954,A,N,G,B,D,A,H,-,C,D,0,Y,,,,Y,,N,60,0,1,0,0,1,0,0,0,0,"- ","- ",,,"LOS ANGELES",POMONA,-117.76563262939453,34.061992645263672
8724609,2018,2018-11-15,1942,2018-09-08,0900,41766,1959,6,5,7,1942,0,0,0,,0,19A79,"VAN NUYS BL","ARLETA AV",20.00,E,N,A,-,N,,,,,,,,,,N,4,0,1,2,A,-,08,22107,,N,A,B,B,A,H,-,A,A,0,Y,,,,Y,,D,22,0,0,1,0,1,0,0,0,0,"- ","- ",,,"LOS ANGELES","LOS ANGELES",-118.43863677978516,34.254035949707031
8724617,2018,2018-10-25,1942,2018-09-26,1520,33779,1985,3,5,7,1942,0,0,0,,0,19A85,"VAN NUYS BL","CHASE ST",20.00,N,N,A,-,N,,,,,,,,,,N,3,0,1,2,A,-,09,21804,A,N,-,-,E,-,H,-,A,A,0,Y,,,,Y,,N,60,0,1,0,0,1,0,0,0,0,"- ","- ",,,"LOS ANGELES","LOS ANGELES",-118.44884490966797,34.224788665771484
8724645,2018,2018-10-24,1902,2018-10-07,1551,781,21,7,5,5,1902,0,0,0,,0,004,"DUARTE RD","BALDWIN AV",360.00,W,N,A,-,N,,,,,,,,,,N,4,0,1,2,A,-,10,21954,B,N,G,B,E,A,H,-,A,A,0,Y,,,,Y,,A,01,0,0,1,0,1,0,0,0,0,"- ","- ",,,"LOS ANGELES",ARCADIA,-118.05609893798828,34.125888824462891
8724661,2018,2018-10-29,1942,2018-09-19,1730,43326,1942,3,5,7,1942,0,0,0,,0,19A85,"WOODMAN AV","TERRA BELLA ST",0.00,,Y,A,-,N,,,,,,,,,,N,4,0,1,2,A,-,08,22107,,N,G,B,B,A,H,-,A,A,0,Y,,,,Y,,A,01,0,0,1,0,1,0,0,0,0,"- ","- ",,,"LOS ANGELES","LOS ANGELES",-118.44352722167969,34.23992919921875
8724662,2018,2018-10-24,1942,2018-10-09,1030,40937,1984,2,5,7,1942,0,0,0,,0,19A85,"ROSCOE BL","WILLIS ST",5.00,W,N,A,-,N,,,,,,,,,,N,3,0,1,2,A,-,10,21950,A,F,G,B,B,A,H,-,A,A,0,Y,,,,Y,Y,-,99,0,1,0,0,1,0,0,0,0,"- ","- ",,,"LOS ANGELES","LOS ANGELES",-118.45534515380859,34.221488952636719
8724691,2018,2018-10-24,1942,2018-10-01,1745,38995,1991,1,5,7,1942,0,0,0,,0,19A93,"LANARK ST","LANGDON AV",10.00,E,N,A,-,N,,,,,,,,,,N,3,0,1,2,A,-,10,21950,A,N,G,B,B,A,H,-,A,A,0,Y,,,,Y,,A,01,0,1,0,0,1,0,0,0,0,"- ","- ",,,"LOS ANGELES","LOS ANGELES",-118.46846771240234,34.217144012451172
8724715,2018,2018-10-24,1942,2018-10-05,1730,36087,1984,5,5,7,1942,0,0,0,,0,17X64,"CEDROS AV","ROSCOE BL",50.00,N,N,A,-,N,,,,,,,,,,N,3,0,1,3,A,-,21,22106,,F,H,B,E,A,H,-,A,D,0,Y,,,,Y,,-,99,0,1,0,0,1,0,0,0,0,"- ","- ",,,"LOS ANGELES","LOS ANGELES",-118.45358276367188,34.221637725830078
8724717,2018,2018-10-29,1942,2018-09-03,1410,40542,2156,1,5,7,1942,0,0,0,,0,21A57,"OWENSMOUTH AV","VICTORY BL",850.00,W,N,A,-,N,,,,,,,,,,N,4,0,1,2,C,-,18,,,N,G,B,F,A,H,-,A,D,0,Y,,,,Y,,-,"- ",0,0,1,0,1,0,0,0,0,"- ","- ",,,"LOS ANGELES","LOS ANGELES",-118.60153961181641,34.187728881835938
8724733,2018,2018-11-14,1942,2018-09-28,2300,40974,LA,5,5,7,1942,0,0,0,,0,2146,"TOPANGA CANYON BL","GAULT ST",3.00,N,N,A,-,N,,,,,,,,,,N,4,0,1,2,A,-,10,21950,A,F,G,B,B,A,H,-,C,D,0,Y,,,,Y,,-,99,0,0,1,0,1,0,0,0,0,"- ","- ",,,"LOS ANGELES","LOS ANGELES",-118.60594177246094,34.199256896972656
8724737,2018,2018-10-30,1942,2018-09-08,1625,40165,1975,6,5,7,1942,0,0,0,,0,19A75,"NORDHOFF ST","WOODMAN AV",0.00,,Y,A,-,N,,,,,,,,,,N,3,0,1,2,A,-,10,21950,A,N,G,B,B,A,H,-,A,A,0,Y,,,,Y,,A,07,0,1,0,0,1,0,0,0,0,"- ","- ",,,"LOS ANGELES","LOS ANGELES",-118.44043731689453,34.235340118408203
8724755,2018,2018-10-30,1942,2018-09-29,2500,41514,1961,6,5,7,1942,0,0,0,,0,19A61,"SEPULVEDA BL","PLUMMER ST",0.00,,Y,A,-,N,,,,,,,,,,N,3,0,1,2,A,-,11,21456,C,F,G,B,B,A,H,-,A,A,0,Y,,,,Y,,N,60,0,1,0,0,1,0,0,0,0,"- ","- ",,,"LOS ANGELES","LOS ANGELES",-118.46764373779297,34.242790222167969
8724836,2018,2018-11-09,1931,2018-10-03,1458,5311,1931,3,5,5,1931,0,0,0,,0,001,"PACIFIC BL","SLAUSON AV",221.00,S,N,C,-,N,,,,,,,,,,Y,3,0,3,3,A,-,03,22350,,N,C,C,F,A,H,-,A,D,0,Y,,,,Y,,A,01,0,1,2,0,1,0,0,0,0,"- ","- ",,,"LOS ANGELES","HUNTINGTON PARK",-118.22521209716797,33.988594055175781
8724840,2018,2018-11-13,1965,2018-10-07,1540,3764,0B1K,7,5,5,1965,0,0,0,,0,B001,"2ND ST","SANTA MONICA BL",11.00,S,N,A,-,N,,,,,,,,,,N,4,0,1,2,A,-,10,21950,A,N,G,B,B,A,H,-,A,A,0,Y,,Y,,Y,,C,03,0,0,1,0,1,0,0,0,0,"- ","- ",37.006168365478516,-121.02059173583984,"LOS ANGELES","SANTA MONICA",-118.49703979492188,34.014858245849609
8724994,2018,2018-10-30,1942,2018-10-03,1515,40165,0946,3,5,7,1942,0,0,0,I,0,9A37,"TIARA ST","HAZELTINE AV",0.00,,Y,B,-,N,,,,,,,,,,N,4,0,1,2,A,-,11,21950,B,N,G,B,B,A,H,-,A,A,0,Y,,,,Y,Y,N,60,0,0,1,0,1,0,0,0,0,"- ","- ",,,"LOS ANGELES","LOS ANGELES",-118.43995666503906,34.178470611572266
8725043,2018,2018-10-24,1942,2018-10-03,0725,32996,1371,3,5,7,1942,0,0,0,M,0,13A85,"S BROADWAY","56TH ST",10.00,S,N,B,-,N,,,,,,,,,,N,4,0,1,2,A,-,10,21950,A,N,G,B,B,A,H,-,A,A,0,Y,,,,Y,,A,07,0,0,1,0,1,0,0,0,0,"- ","- ",,,"LOS ANGELES","LOS ANGELES",-118.2783203125,33.991451263427734
8725048,2018,2018-10-24,1965,2018-10-04,1240,3158,0B1G,4,5,5,1965,0,0,0,,0,B001,"2ND ST","COLORADO AV",0.00,,Y,A,-,N,,,,,,,,,,N,4,0,1,2,A,-,11,21456,B,N,G,B,B,A,H,-,A,A,0,Y,,,,Y,,N,60,0,0,1,0,1,0,0,0,0,"- ","- ",37.003490447998047,-121.01738739013672,"LOS ANGELES","SANTA MONICA",-118.49391937255859,34.012229919433594
8725051,2018,2018-10-24,1942,2018-10-01,1855,35291,1385,1,5,7,1942,0,0,0,M,0,13A85,"S CENTRAL AV","E 59TH ST",0.00,,Y,A,-,N,,,,,,,,,,N,4,0,1,2,A,-,10,21950,A,N,G,B,B,A,H,-,C,D,0,Y,,,,Y,,A,01,0,0,1,0,1,0,0,0,0,"- ","- ",,,"LOS ANGELES","LOS ANGELES",-118.25646209716797,33.987251281738281
8725070,2018,2018-10-24,1928,2018-09-10,1107,239,501,1,5,5,1928,0,0,0,,0,501,"EL SEGUNDO BL","AVIATION BL",0.00,,Y,A,-,N,,,,,,,,,,N,4,0,1,2,A,-,10,21950,A,N,-,B,B,A,H,-,A,A,0,Y,,,,Y,,A,01,0,0,1,0,1,0,0,0,0,"- ","- ",33.916400909423828,-118.37847900390625,"LOS ANGELES",HAWTHORNE,-118.37844085693359,33.916290283203125
8725072,2018,2018-10-24,1965,2018-10-03,2105,3296,0B1E,3,5,5,1965,0,0,0,,0,B001,"SEASIDE TER","APPIAN WY",4.00,W,N,B,-,N,,,,,,,,,,N,3,0,1,2,A,-,17,21235,G,N,G,B,F,A,H,-,C,A,0,Y,,Y,,Y,,C,03,0,1,0,0,1,0,0,0,0,"- ","- ",37.001121520996094,-121.01812744140625,"LOS ANGELES","SANTA MONICA",-118.49465179443359,34.009872436523438
8725106,2018,2018-10-24,1953,2018-09-18,1415,3367,1953,2,5,6,1953,0,0,0,,0,004,"WALNUT ST","SIERRA MADRE VILLA AV",0.00,,Y,A,-,N,,,,,,,,,,N,3,0,1,2,A,-,11,21950,B,N,G,B,B,A,H,-,A,A,0,Y,,,,Y,,N,60,0,1,0,0,1,0,0,0,0,"- ","- ",,,"LOS ANGELES",PASADENA,-118.08191680908203,34.147209167480469
8725313,2018,2018-10-25,1942,2018-09-16,1945,38291,1035,7,5,7,1942,0,0,0,J,0,10A83,"VANOWEN ST","RESEDA BL",0.00,,Y,A,-,N,,,,,,,,,,N,4,0,1,2,A,-,10,21950,A,N,G,B,B,A,H,-,C,A,0,Y,,,,Y,,A,01,0,0,1,0,1,0,0,0,0,"- ","- ",,,"LOS ANGELES","LOS ANGELES",-118.53604125976562,34.193851470947266
8725327,2018,2018-11-08,1942,2018-09-14,1130,27595,0914,5,5,7,1942,0,0,0,I,0,9A23,"SHERMAN WAY","SHERMAN CIR",590.00,W,N,A,-,N,,,,,,,,,,N,3,0,1,2,A,-,"- ",,I,N,G,B,F,A,H,-,A,D,0,Y,,,,Y,,N,60,0,1,0,0,1,0,0,0,0,"- ","- ",,,"LOS ANGELES","LOS ANGELES",-118.45285034179688,34.201187133789062
8725333,2018,2018-10-25,1942,2018-09-11,2000,43493,1063,2,5,7,1942,0,0,0,J,0,10A83,"VENTURA BL","RESEDA BL",0.00,,Y,A,-,N,,,,,,,,,,N,3,0,3,4,D,-,00,,,N,G,B,B,A,H,-,C,A,0,Y,,,,Y,,-,"- ",0,3,0,0,3,0,0,0,0,"- ","- ",,,"LOS ANGELES","LOS ANGELES",-118.53607940673828,34.168758392333984
8725349,2018,2018-10-25,1942,2018-09-07,1735,41083,1028,5,5,7,1942,0,0,0,J,0,10X94,"FORBES AV","VANOWEN ST",3.00,N,N,A,-,N,,,,,,,,,,N,4,0,1,2,A,-,10,21950,A,N,G,B,B,A,H,-,A,D,0,Y,,,,Y,,A,01,0,0,1,0,1,0,0,0,0,"- ","- ",,,"LOS ANGELES","LOS ANGELES",-118.49894714355469,34.19390869140625
8725364,2018,2018-10-29,1942,2018-10-10,1420,39779,0941,3,5,7,1942,0,0,0,I,0,9A41,"VAN NUYS BL","BURBANK BL",500.00,N,N,A,-,N,,,,,,,,,,N,3,0,1,2,B,-,22,,,N,G,B,F,A,H,-,A,D,0,Y,,,,Y,,A,07,0,1,0,0,1,0,0,0,0,"- ","- ",,,"LOS ANGELES","LOS ANGELES",-118.44873809814453,34.173480987548828
8725374,2018,2018-10-26,1942,2018-10-05,1900,32372,1794,5,5,7,1942,0,0,0,Q,0,17A67,"YOLANDA AV","PARTHENIA ST",42.00,S,N,A,-,N,,,,,,,,,,N,2,0,1,2,A,-,11,21954,A,N,G,B,D,A,H,-,C,D,0,Y,,,,Y,,N,60,1,0,0,0,1,0,0,0,0,"- ","- ",,,"LOS ANGELES","LOS ANGELES",-118.54048156738281,34.228126525878906