CASE_ID,ACCIDENT_YEAR,PROC_DATE,JURIS,COLLISION_DATE,COLLISION_TIME,OFFICER_ID,REPORTING_DISTRICT,DAY_OF_WEEK,CHP_SHIFT,POPULATION,CNTY_CITY_LOC,SPECIAL_COND,BEAT_TYPE,CHP_BEAT_TYPE,CITY_DIVISION_LAPD,CHP_BEAT_CLASS,BEAT_NUMBER,PRIMARY_RD,SECONDARY_RD,DISTANCE,DIRECTION,INTERSECTION,WEATHER_1,WEATHER_2,STATE_HWY_IND,CALTRANS_COUNTY,CALTRANS_DISTRICT,STATE_ROUTE,ROUTE_SUFFIX,POSTMILE_PREFIX,POSTMILE,LOCATION_TYPE,RAMP_INTERSECTION,SIDE_OF_HWY,TOW_AWAY,COLLISION_SEVERITY,NUMBER_KILLED,NUMBER_INJURED,PARTY_COUNT,PRIMARY_COLL_FACTOR,PCF_CODE_OF_VIOL,PCF_VIOL_CATEGORY,PCF_VIOLATION,PCF_VIOL_SUBSECTION,HIT_AND_RUN,TYPE_OF_COLLISION,MVIW,PED_ACTION,ROAD_SURFACE,ROAD_COND_1,ROAD_COND_2,LIGHTING,CONTROL_DEVICE,CHP_ROAD_TYPE,PEDESTRIAN_ACCIDENT,BICYCLE_ACCIDENT,MOTORCYCLE_ACCIDENT,TRUCK_ACCIDENT,NOT_PRIVATE_PROPERTY,ALCOHOL_INVOLVED,STWD_VEHTYPE_AT_FAULT,CHP_VEHTYPE_AT_FAULT,COUNT_SEVERE_INJ,COUNT_VISIBLE_INJ,COUNT_COMPLAINT_PAIN,COUNT_PED_KILLED,COUNT_PED_INJURED,COUNT_BICYCLIST_KILLED,COUNT_BICYCLIST_INJURED,COUNT_MC_KILLED,COUNT_MC_INJURED,PRIMARY_RAMP,SECONDARY_RAMP,LATITUDE,LONGITUDE,COUNTY,CITY,POINT_X,POINT_Y
8727895,2018,2018-11-06,1976,2018-10-14,1740,451,1976,7,5,5,1976,0,0,0,,0,001,"BEVERLY BL","GREENLEAF AV",9.00,W,N,A,-,N,,,,,,,,,,N,3,0,2,3,A,-,10,21950,A,N,G,B,B,A,H,-,A,A,0,Y,,,,Y,,A,07,0,1,1,0,2,0,0,0,0,"- ","- ",,,"LOS ANGELES",WHITTIER,-118.03736114501953,33.988121032714844
8727927,2018,2018-11-30,1942,2018-10-16,2045,38183,1569,2,5,7,1942,0,0,0,O,0,15A67,"RIVERSIDE DR","PLACIDIA AV",0.00,,Y,A,-,N,,,,,,,,,,N,4,0,1,2,A,-,10,21950,A,N,G,B,D,A,H,-,C,D,0,Y,,,,Y,,D,22,0,0,1,0,1,0,0,0,0,"- ","- ",,,"LOS ANGELES","LOS ANGELES",-118.35600280761719,34.152179718017578
8727949,2018,2018-11-06,1942,2018-09-10,1930,37353,1023,1,5,7,1942,0,0,0,J,0,10A21,"VANOWEN ST","TAMPA AV",0.00,,Y,A,-,N,,,,,,,,,,N,4,0,1,2,A,-,10,21950,A,N,G,B,B,A,H,-,C,A,0,Y,,,,Y,,A,01,0,0,1,0,1,0,0,0,0,"- ","- ",,,"LOS ANGELES","LOS ANGELES",-118.55345153808594,34.193828582763672
8728022,2018,2018-11-14,1942,2018-09-28,1900,43107,,5,5,7,1942,0,0,0,,0,15A24,"LANKERSHIM BL","EMELITA ST",5.00,N,N,A,-,N,,,,,,,,,,N,4,0,3,4,A,-,10,21950,A,N,G,B,B,A,H,-,C,A,0,Y,,,,Y,Y,A,07,0,0,3,0,3,0,0,0,0,"- ","- ",,,"LOS ANGELES","LOS ANGELES",-118.38175964355469,34.176681518554688
8728027,2018,2018-11-06,1942,2018-09-14,0845,34467,1519,5,5,7,1942,0,0,0,O,0,15A27,"VANOWEN ST","CLYBOURN AV",0.00,,Y,A,-,N,,,,,,,,,,N,4,0,1,2,A,-,10,21950,A,N,G,B,B,A,H,-,A,A,0,Y,,,,Y,,A,01,0,0,1,0,1,0,0,0,0,"- ","- ",,,"LOS ANGELES","LOS ANGELES",-118.36370086669922,34.193988800048828
8728050,2018,2018-11-05,1942,2018-09-28,2150,34599,0998,5,5,7,1942,0,0,0,I,0,17TL17,"VENTURA BL","COLDWATER CANYON AV",0.00,,Y,A,-,N,,,,,,,,,,N,3,0,1,2,A,-,10,21950,A,N,G,B,B,A,H,-,C,A,0,Y,,,,Y,,A,01,0,1,0,0,1,0,0,0,0,"- ","- ",,,"LOS ANGELES","LOS ANGELES",-118.41371917724609,34.145130157470703
8728062,2018,2018-11-05,1942,2018-09-06,1240,30989,1545,4,5,7,1942,0,0,0,O,0,15A43,"MAGNOLIA BL","BEN AV",0.00,,Y,A,-,N,,,,,,,,,,N,4,0,1,2,A,-,08,22107,,N,G,B,B,A,H,-,A,A,0,Y,,,,Y,,A,07,0,0,1,0,1,0,0,0,0,"- ","- ",,,"LOS ANGELES","LOS ANGELES",-118.39434051513672,34.164890289306641
8728072,2018,2018-11-05,1942,2018-09-18,0800,36406,1075,2,5,7,1942,0,0,0,J,0,10A99,"TARZANA ST","DOBKIN AV",150.00,W,N,A,-,N,,,,,,,,,,N,4,0,2,3,A,-,11,21954,A,N,G,B,D,A,H,-,A,D,0,Y,,,,Y,,N,60,0,0,2,0,2,0,0,0,0,"- ","- ",,,"LOS ANGELES","LOS ANGELES",-118.53098297119141,34.161293029785156
8728081,2018,2018-11-13,1942,2018-10-18,0945,38326,0933,4,5,7,1942,0,0,0,I,0,9A41,"VAN NUYS BL","DELANO ST",8.00,S,N,A,-,N,,,,,,,,,,N,3,0,1,2,A,-,10,21950,A,N,G,B,B,A,H,-,A,A,0,Y,,,,Y,,A,01,0,1,0,0,1,0,0,0,0,"- ","- ",,,"LOS ANGELES","LOS ANGELES",-118.44873809814453,34.1826171875
8728088,2018,2018-11-19,1942,2018-09-18,0730,43443,1394,2,5,7,1942,0,0,0,M,0,1X32,FLORENCE,MAIN,0.00,,Y,A,-,N,,,,,,,,,,N,4,0,1,2,A,-,11,21954,A,F,G,B,B,A,H,-,A,A,0,Y,,,,Y,,-,99,0,0,1,0,1,0,0,0,0,"- ","- ",,,"LOS ANGELES","LOS ANGELES",-118.27394104003906,33.974681854248047
8728118,2018,2018-12-04,1942,2018-09-14,1650,33829,1735,5,5,7,1942,0,0,0,Q,0,17X64,"BALBOA BL","SAN FERNANDO MISSION BL",0.00,,Y,A,-,N,,,,,,,,,,Y,3,0,1,3,A,-,12,21453,A,N,A,B,F,A,H,-,A,A,0,Y,,,,Y,,A,07,0,1,0,0,1,0,0,0,0,"- ","- ",,,"LOS ANGELES","LOS ANGELES",-118.502197265625,34.272048950195312
8728131,2018,2018-11-20,1961,2018-10-10,1330,42074,1917,3,5,3,1961,0,0,0,,0,19A1,"BROMONT AV","ASTORIA ST",645.00,S,N,A,-,N,,,,,,,,,,N,4,0,1,2,B,-,22,,,N,G,B,F,A,H,-,A,D,0,Y,,,,Y,,D,22,0,0,1,0,1,0,0,0,0,"- ","- ",,,"LOS ANGELES","SAN FERNANDO",-118.43723297119141,34.310295104980469
8728188,2018,2018-11-05,1942,2018-10-23,0600,41497,1999,2,5,7,1942,0,0,0,,0,19A93,"LANARK ST","WOODMAN AV",0.00,,Y,A,-,N,,,,,,,,,,N,4,0,1,2,A,-,10,21950,A,F,G,B,B,A,H,-,C,A,0,Y,,,,Y,,-,99,0,0,1,0,1,0,0,0,0,"- ","- ",,,"LOS ANGELES","LOS ANGELES",-118.43209838867188,34.219478607177734
8728199,2018,2018-11-05,1942,2018-10-03,1510,40398,1063,3,5,7,1942,0,0,0,J,0,10A83,"VENTURA BL","RESEDA BL",350.00,E,N,A,-,N,,,,,,,,,,N,4,0,1,2,B,-,22,,,N,G,B,F,A,H,-,A,B,0,Y,,,,Y,,A,01,0,0,1,0,1,0,0,0,0,"- ","- ",,,"LOS ANGELES","LOS ANGELES",-118.5350341796875,34.168354034423828
8728213,2018,2018-11-07,1942,2018-09-07,0645,30452,1543,5,5,7,1942,0,0,0,O,0,15A43,"WHITSETT AV","BURBANK BL",0.00,,Y,A,-,N,,,,,,,,,,N,4,0,1,2,A,-,10,21950,A,N,G,B,B,A,H,-,A,A,0,Y,,,,Y,,D,22,0,0,1,0,1,0,0,0,0,"- ","- ",,,"LOS ANGELES","LOS ANGELES",-118.40525817871094,34.172130584716797
8728232,2018,2018-11-02,1942,2018-10-04,0840,38471,1538,4,5,7,1942,0,0,0,O,0,9A19W2,"VINELAND AV","HATTERAS ST",8.00,N,N,A,-,N,,,,,,,,,,N,4,0,1,2,A,-,10,21950,A,N,A,B,B,A,H,-,A,A,0,Y,,,,Y,,A,07,0,0,1,0,1,0,0,0,0,"- ","- ",,,"LOS ANGELES","LOS ANGELES",-118.37030792236328,34.175800323486328
8728241,2018,2018-11-13,1942,2018-10-25,2155,38349,1041,4,5,7,1942,0,0,0,J,0,10A83,"CORBIN AV","OXNARD ST",88.00,N,N,A,-,N,,,,,,,,,,N,3,0,1,2,A,-,11,21954,A,N,A,B,E,A,H,-,D,A,0,Y,,,,Y,,N,60,0,1,0,0,1,0,0,0,0,"- ","- ",,,"LOS ANGELES","LOS ANGELES",-118.56221771240234,34.179519653320312
8728252,2018,2018-11-13,1942,2018-10-18,0735,40527,1075,4,5,7,1942,0,0,0,J,0,16TL23,"SANTA RITA ST","ZELZAH AV",32.00,E,N,A,-,N,,,,,,,,,,N,2,0,2,3,A,-,10,21954,B,N,D,B,D,A,H,-,A,D,0,Y,,,,Y,,A,01,1,1,0,0,2,0,0,0,0,"- ","- ",,,"LOS ANGELES","LOS ANGELES",-118.52278137207031,34.16278076171875
8728283,2018,2018-11-13,1942,2018-10-22,0740,40141,1916,1,5,7,1942,0,0,0,,0,19A7,"POLK ST","DRONFIELD AV",7.00,E,N,B,-,N,,,,,,,,,,Y,4,0,1,2,A,-,10,21950,A,N,G,B,B,A,H,-,A,A,0,Y,,,,Y,,A,01,0,0,1,0,1,0,0,0,0,"- ","- ",,,"LOS ANGELES","LOS ANGELES",-118.44375610351562,34.312904357910156
8728292,2018,2018-11-09,1942,2018-10-12,2010,39059,0901,5,5,7,1942,0,0,0,I,0,9A5,"SEPULVEDA BL","COHASSET ST",0.00,,Y,B,C,N,,,,,,,,,,N,3,0,1,2,A,-,10,21950,A,N,G,B,B,B,-,-,C,A,0,Y,,,,Y,Y,A,01,0,1,0,0,1,0,0,0,0,"- ","- ",,,"LOS ANGELES","LOS ANGELES",-118.46620941162109,34.206630706787109
8728294,2018,2018-11-16,1942,2018-10-12,2115,41240,1018,5,5,7,1942,0,0,0,J,0,10A39,"SATICOY ST","GLORIA AV",5.00,E,N,C,-,N,,,,,,,,,,N,4,0,1,2,A,-,10,21950,A,N,G,B,B,B,H,-,C,A,0,Y,,,,Y,,A,01,0,0,1,0,1,0,0,0,0,"- ","- ",,,"LOS ANGELES","LOS ANGELES",-118.47930145263672,34.208450317382812
8728304,2018,2018-11-09,1942,2018-10-18,1300,41514,1721,4,5,7,1942,0,0,0,Q,0,9TL52,"FARRALONE AV","CHATSWORTH ST",2450.00,W,N,A,-,N,,,,,,,,,,N,2,0,1,2,A,-,"- ",,,N,G,B,F,A,G,-,A,D,0,Y,,,,Y,,N,60,1,0,0,0,1,0,0,0,0,"- ","- ",,,"LOS ANGELES","LOS ANGELES",-118.61041259765625,34.264450073242188
8728309,2018,2018-11-13,1942,2018-10-18,1930,42192,0948,4,5,7,1942,0,0,0,I,0,9X16,"BURBANK BL","FULTON AV",15.00,W,N,A,-,N,,,,,,,,,,N,3,0,1,2,A,-,11,21954,A,N,G,B,D,A,H,-,C,A,0,Y,,,,Y,,N,60,0,1,0,0,1,0,0,0,0,"- ","- ",,,"LOS ANGELES","LOS ANGELES",-118.42256164550781,34.172119140625
8728313,2018,2018-11-13,1942,2018-10-17,0630,41497,0926,3,5,7,1942,0,0,0,I,0,9A19,"VANOWEN ST","WOODMAN AV",0.00,,Y,A,-,N,,,,,,,,,,N,2,0,1,2,A,-,10,21950,A,N,G,B,B,A,H,-,B,A,0,Y,,,,Y,,A,08,1,0,0,0,1,0,0,0,0,"- ","- ",,,"LOS ANGELES","LOS ANGELES",-118.43126678466797,34.193939208984375
8728320,2018,2018-11-09,1942,2018-10-22,1520,33294,1548,1,5,7,1942,0,0,0,O,0,15A39,"MAGNOLIA BL","BAKMAN AV",250.00,E,N,A,-,N,,,,,,,,,,N,2,0,1,2,A,-,11,21954,A,N,G,B,D,A,H,-,A,A,0,Y,,,,Y,,N,60,1,0,0,0,1,0,0,0,0,"- ","- ",,,"LOS ANGELES","LOS ANGELES",-118.37657165527344,34.164936065673828
8728335,2018,2018-11-14,1942,2018-10-19,2000,37724,0334,5,5,7,1942,0,0,0,C,0,3A31,"W 36TH ST","11TH AV",80.00,W,N,A,-,N,,,,,,,,,,Y,3,0,1,3,A,-,17,22517,,N,B,C,E,A,H,-,C,D,0,Y,,,,Y,Y,N,60,0,1,0,0,1,0,0,0,0,"- ","- ",,,"LOS ANGELES","LOS ANGELES",-118.32978820800781,34.022983551025391
8728405,2018,2018-11-06,1953,2018-09-29,1752,3172,1953,6,5,6,1953,0,0,0,,0,002,"MOUNTAIN ST","SUNSET AV",0.00,,Y,A,-,N,,,,,,,,,,N,3,0,1,2,A,-,10,21950,A,N,G,B,B,A,H,-,A,A,0,Y,,,,Y,,A,01,0,1,0,0,1,0,0,0,0,"- ","- ",,,"LOS ANGELES",PASADENA,-118.15397644042969,34.161258697509766
8728411,2018,2018-11-19,1953,2018-10-01,1053,7939,1953,1,5,6,1953,0,0,0,,0,002,"LOS ROBLES AV","BUCKEYE ST",20.00,S,N,A,-,N,,,,,,,,,,N,3,0,1,2,A,-,08,22107,,N,G,B,C,A,H,-,A,D,0,Y,,,,Y,,A,01,0,1,0,0,1,0,0,0,0,"- ","- ",,,"LOS ANGELES",PASADENA,-118.14155578613281,34.159675598144531
8728416,2018,2018-11-15,1942,2018-10-12,2225,41753,0356,5,5,7,1942,0,0,0,C,0,3A55,"JEFFERSON BL","WESTERN AV",0.00,,Y,C,-,N,,,,,,,,,,N,4,0,1,2,A,-,10,21950,,N,G,B,B,B,H,-,C,A,0,Y,,,,Y,,A,01,0,0,1,0,1,0,0,0,0,"- ","- ",,,"LOS ANGELES","LOS ANGELES",-118.30889129638672,34.025550842285156
8728433,2018,2018-11-06,1953,2018-09-20,1100,3775,,4,5,6,1953,0,0,0,,0,001,"FAIR OAKS AV","CALIFORNIA BL",0.00,,Y,A,-,N,,,,,,,,,,N,4,0,1,2,A,-,10,21950,A,N,B,B,B,A,H,-,A,A,0,Y,,,,Y,,A,07,0,0,1,0,1,0,0,0,0,"- ","- ",,,"LOS ANGELES",PASADENA,-118.150390625,34.135791778564453
8728678,2018,2018-11-16,1942,2018-08-20,1205,42091,0301,1,5,7,1942,0,0,0,C,0,3A32,"W ADAMS","REDONDO BL",0.00,,Y,A,-,N,,,,,,,,,,N,2,0,1,2,A,-,11,21456,A,N,G,B,B,A,H,-,A,A,0,Y,,,,Y,,A,01,1,0,0,0,1,0,0,0,0,"- ","- ",,,"LOS ANGELES","LOS ANGELES",-118.35624694824219,34.032501220703125
8728727,2018,2018-11-08,1942,2018-10-22,0515,32372,0948,1,5,7,1942,0,0,0,I,0,9A37,"OXNARD ST","WOODMAN AV",10.00,E,N,A,-,N,,,,,,,,,,N,3,0,1,2,A,-,10,21950,A,F,G,B,B,A,H,-,C,A,0,Y,,,,Y,,-,99,0,1,0,0,1,0,0,0,0,"- ","- ",,,"LOS ANGELES","LOS ANGELES",-118.43120574951172,34.179401397705078
8728747,2018,2018-11-08,1942,2018-10-17,0800,35116,1912,3,5,7,1942,0,0,0,,0,19A1,"FOOTHILL BL","YARNELL ST",0.00,,Y,A,-,N,,,,,,,,,,N,3,0,1,2,A,-,10,21950,A,F,G,B,B,A,H,-,A,A,0,Y,,,,Y,,-,99,0,1,0,0,1,0,0,0,0,"- ","- ",,,"LOS ANGELES","LOS ANGELES",-118.47917938232422,34.321338653564453
8728771,2018,2018-11-08,1942,2018-10-12,2030,32372,1522,5,5,7,1942,0,0,0,O,0,15A21,"VICTORY BL","COLDWATER CANYON AV",80.00,E,N,B,-,N,,,,,,,,,,N,3,0,1,2,A,-,11,21954,A,F,G,B,D,A,H,-,C,D,0,Y,,,,Y,Y,N,60,0,1,0,0,1,0,0,0,0,"- ","- ",,,"LOS ANGELES","LOS ANGELES",-118.41354370117188,34.186679840087891
8728787,2018,2018-11-08,1941,2018-10-14,1523,6061,,7,5,7,1941,0,0,0,,0,901T,"ORANGE AV","SOUTH ST",5.00,S,N,A,-,N,,,,,,,,,,N,4,0,1,2,A,-,10,21950,A,N,H,B,B,A,H,-,A,A,0,Y,,,,Y,,A,,0,0,1,0,1,0,0,0,0,"- ","- ",,,"LOS ANGELES","LONG BEACH",-118.17729949951172,33.860095977783203
8728788,2018,2018-11-07,1942,2018-10-22,2000,39986,,1,5,7,1942,0,0,0,,0,21A5,"SATICOY ST","TOPANGA CANYON BL",0.00,,Y,A,-,N,,,,,,,,,,N,4,0,1,2,A,-,10,21950,,F,G,B,B,A,H,-,C,A,0,Y,,,,Y,,-,99,0,0,1,0,1,0,0,0,0,"- ","- ",,,"LOS ANGELES","LOS ANGELES",-118.60597229003906,34.208309173583984
8728791,2018,2018-11-08,1941,2018-10-18,1926,11222,,4,5,7,1941,0,0,0,,0,901T,"6TH ST","ATLANTIC AV",0.00,,Y,A,-,N,,,,,,,,,,N,4,0,1,2,A,-,11,21453,D,N,G,B,B,A,-,-,C,A,0,Y,,,,Y,,A,,0,0,1,0,1,0,0,0,0,"- ","- ",,,"LOS ANGELES","LONG BEACH",-118.18505096435547,33.774150848388672
8728882,2018,2018-11-08,1942,2018-10-29,2055,42118,0328,1,5,7,1942,0,0,0,C,0,3A19,"HOOVER ST","32ND ST",0.00,,Y,A,-,N,,,,,,,,,,N,3,0,1,2,A,-,11,21456,B,N,G,B,B,A,H,-,C,A,0,Y,,,,Y,,N,60,0,1,0,0,1,0,0,0,0,"- ","- ",,,"LOS ANGELES","LOS ANGELES",-118.28397369384766,34.025558471679688
8728886,2018,2018-11-08,1942,2018-10-07,1625,40099,1102,7,5,7,1942,0,0,0,K,0,11A1,"LOS FELIZ BL","REVERE AV",200.00,N,N,A,-,N,,,,,,,,,,N,4,0,1,2,B,-,22,,,F,G,B,F,A,H,-,A,D,0,Y,,,,Y,,-,99,0,0,1,0,1,0,0,0,0,"- ","- ",,,"LOS ANGELES","LOS ANGELES",-118.26322937011719,34.126266479492188
8728902,2018,2018-11-08,1942,2018-10-26,1530,42338,0315,5,5,7,1942,0,0,0,C,0,3A15,"W ADAMS BL","ARLINGTON AV",0.00,,Y,A,-,N,,,,,,,,,,N,3,0,3,6,A,-,10,21950,A,N,G,B,B,A,H,-,A,A,0,Y,,,,Y,,A,01,0,2,1,0,3,0,0,0,0,"- ","- ",,,"LOS ANGELES","LOS ANGELES",-118.31768035888672,34.032638549804688
8728921,2018,2018-11-08,1942,2018-10-13,2210,41541,1259,6,5,7,1942,0,0,0,L,0,3XL95,"E 78TH ST","MCKINLEY AV",0.00,,Y,A,-,N,,,,,,,,,,N,3,0,1,2,A,-,10,21950,A,F,G,B,B,A,H,-,C,A,0,Y,,,,Y,,-,99,0,1,0,0,1,0,0,0,0,"- ","- ",,,"LOS ANGELES","LOS ANGELES",-118.26081848144531,33.968448638916016
8728937,2018,2018-11-08,1942,2018-10-17,0820,31324,1362,3,5,7,1942,0,0,0,M,0,13A61,"E 48TH ST","AVALON BL",0.00,,Y,A,-,N,,,,,,,,,,N,4,0,1,2,A,-,08,22107,,F,G,B,B,A,H,-,A,A,0,Y,,,,Y,,-,99,0,0,1,0,1,0,0,0,0,"- ","- ",,,"LOS ANGELES","LOS ANGELES",-118.26525115966797,33.999729156494141
8728946,2018,2018-11-09,1942,2018-10-16,0730,43261,1829,2,5,7,1942,0,0,0,R,0,18A35,"102ND ST","GRAPE ST",0.00,,Y,A,-,N,,,,,,,,,,N,3,0,1,2,A,-,10,21950,A,N,G,B,B,A,H,-,A,A,0,Y,,,,Y,,A,01,0,1,0,0,1,0,0,0,0,"- ","- ",,,"LOS ANGELES","LOS ANGELES",-118.23677825927734,33.944271087646484
8728951,2018,2018-11-08,1942,2018-10-09,1940,38567,0249,2,5,7,1942,0,0,0,B,0,2A69,"WILSHIRE BL","S BEAUDRY AV",0.00,,Y,A,-,N,,,,,,,,,,N,3,0,1,2,A,-,12,21453,A,F,G,B,B,A,H,-,C,A,0,Y,,,,Y,,-,99,0,1,0,0,1,0,0,0,0,"- ","- ",,,"LOS ANGELES","LOS ANGELES",-118.26146697998047,34.051498413085938
8728954,2018,2018-11-08,1942,2018-10-12,0515,38838,0265,5,5,7,1942,0,0,0,B,0,2Z1,"8TH ST","ALVARADO ST",30.00,W,N,A,-,N,,,,,,,,,,N,2,0,1,2,A,-,11,21956,A,N,G,B,D,A,H,-,C,A,0,Y,,,,Y,Y,N,60,1,0,0,0,1,0,0,0,0,"- ","- ",,,"LOS ANGELES","LOS ANGELES",-118.27792358398438,34.054927825927734
8728955,2018,2018-11-08,1942,2018-10-18,0802,31152,0216,4,5,7,1942,0,0,0,B,0,2A17,"MOHAWK ST","SUNSET BL",130.00,S,N,A,-,N,,,,,,,,,,N,3,0,1,2,A,-,11,21954,A,N,G,B,D,A,H,-,A,A,0,Y,,,,Y,,N,60,0,1,0,0,1,0,0,0,0,"- ","- ",,,"LOS ANGELES","LOS ANGELES",-118.26535797119141,34.077461242675781
8728995,2018,2018-11-09,1942,2018-10-01,1405,39710,101,1,5,7,1942,0,0,0,J,0,1A1,SUNSET,BEAUDRY,10.00,N,N,A,-,N,,,,,,,,,,N,4,0,1,2,A,-,17,21100,3,M,G,B,C,A,-,-,A,A,0,Y,,,,Y,,-,99,0,0,1,0,1,0,0,0,0,"- ","- ",,,"LOS ANGELES","LOS ANGELES",-118.24925231933594,34.065277099609375
8729206,2018,2018-11-14,1965,2018-10-15,1059,3984,0B1F,1,5,5,1965,0,0,0,,0,B001,"MAIN ST","STRAND ST",8.00,S,N,A,-,N,,,,,,,,,,N,3,0,1,2,A,-,10,21950,A,N,G,B,B,A,H,-,A,A,0,Y,,,,Y,,A,01,0,1,0,0,1,0,0,0,0,"- ","- ",,,"LOS ANGELES","SANTA MONICA",-118.48661041259766,34.004863739013672
8729273,2018,2018-11-14,1922,2018-10-08,1748,632,3,1,5,6,1922,0,0,0,,0,003,"TYLER AV","ELLIOT ST",0.00,,Y,A,-,N,,,,,,,,,,N,3,0,1,2,A,-,10,21950,A,N,G,B,B,A,H,-,A,A,0,Y,,,,Y,,A,01,0,1,0,0,1,0,0,0,0,"- ","- ",,,"LOS ANGELES","EL MONTE",-118.03562927246094,34.058589935302734
8729288,2018,2019-01-11,1900,2018-10-10,1914,551902,2314,3,5,5,1919,0,0,0,,0,230F,"BLOOMFIELD AV","DEL AMO BL",0.00,,Y,A,-,N,,,,,,,,,,Y,3,0,1,2,A,-,10,21950,A,N,G,B,B,A,H,-,A,A,0,Y,,,,Y,,A,07,0,1,0,0,1,0,0,0,0,"- ","- ",33.884799957275391,-118.07270050048828,"LOS ANGELES",CERRITOS,-118.06350708007812,33.846221923828125
8729296,2018,2019-07-30,1916,2018-10-17,1945,2378,D36C1,3,5,4,1916,0,0,0,,0,DOWNTO,"S CITRUS AV","SHOPPERS LN",28.00,N,N,A,-,N,,,,,,,,,,N,1,1,0,2,A,-,01,23153,G,F,G,B,B,A,H,-,C,D,0,Y,,,,Y,Y,A,01,0,0,0,1,0,0,0,0,0,"- ","- ",34.078891754150391,-117.88993072509766,"LOS ANGELES",COVINA,-117.89016723632812,34.077674865722656
8729323,2018,2018-11-14,1916,2018-09-17,1531,2378,D41C5,1,5,4,1916,0,0,0,,0,DOWNTO,"BARRANCA AV","BADILLO ST",0.00,,Y,A,-,N,,,,,,,,,,N,4,0,1,2,A,-,10,21950,A,N,G,B,B,A,H,-,A,A,0,Y,,,,Y,,A,01,0,0,1,0,1,0,0,0,0,"- ","- ",34.086269378662109,-117.88133239746094,"LOS ANGELES",COVINA,-117.88134765625,34.086269378662109
8729352,2018,2018-11-14,1907,2018-10-24,0554,193,1,3,5,4,1907,0,0,0,,0,,"FLORENCE AV","BEAR AV",0.00,,Y,A,-,N,,,,,,,,,,N,2,0,1,2,A,-,10,21950,A,N,G,B,B,A,H,-,C,A,0,Y,,,,Y,,A,01,1,0,0,0,1,0,0,0,0,"- ","- ",33.971450805664062,-118.19893646240234,"LOS ANGELES",BELL,-118.19895935058594,33.971458435058594
8729355,2018,2018-11-14,1900,2018-09-29,1035,533418,2313,6,5,5,1919,0,0,0,,0,230T,"STUDEBAKER RD","195TH ST",0.00,,Y,A,-,N,,,,,,,,,,N,3,0,1,2,A,-,10,21950,A,N,D,B,B,A,H,-,A,A,0,Y,,,,Y,,A,01,0,1,0,0,1,0,0,0,0,"- ","- ",33.846199035644531,-118.07219696044922,"LOS ANGELES",CERRITOS,-118.099609375,33.853271484375
8729359,2018,2018-11-14,1907,2018-09-29,1143,238,2,6,5,4,1907,0,0,0,,0,,"FILMORE AV","ALAMO AV",5.00,E,N,A,-,N,,,,,,,,,,N,3,0,1,2,A,-,10,21950,A,N,G,B,B,A,H,-,A,D,0,Y,,,,Y,,A,07,0,1,0,0,1,0,0,0,0,"- ","- ",33.978378295898438,-118.17539978027344,"LOS ANGELES",BELL,-118.17542266845703,33.978366851806641
8729603,2018,2018-11-16,1976,2018-10-27,2200,477,,6,5,5,1976,0,0,0,,0,,"NEWLIN AV","PENN ST",6.00,S,N,A,-,N,,,,,,,,,,N,4,0,1,2,A,-,10,21950,A,N,G,B,B,A,H,-,C,A,0,Y,,,,Y,,A,01,0,0,1,0,1,0,0,0,0,"- ","- ",,,"LOS ANGELES",WHITTIER,-118.04087829589844,33.975421905517578
8729718,2018,2018-11-20,1942,2018-08-30,1230,43264,0525,4,5,7,1942,0,0,0,E,0,5A15,"F ST","GULF AV",0.00,,Y,A,-,N,,,,,,,,,,Y,3,0,1,3,A,-,05,21650,,F,G,B,E,A,H,-,A,D,0,Y,,,,Y,,A,01,0,1,0,0,1,0,0,0,0,"- ","- ",,,"LOS ANGELES","LOS ANGELES",-118.27265930175781,33.776508331298828
8729733,2018,2018-11-21,1942,2018-11-02,0700,37724,1861,5,5,7,1942,0,0,0,R,0,18A97,"116TH PL","HOOVER ST",12.00,E,N,A,-,N,,,,,,,,,,N,3,0,1,2,A,-,10,21950,A,N,G,B,B,A,H,-,A,A,0,Y,,,,Y,,A,01,0,1,0,0,1,0,0,0,0,"- ","- ",,,"LOS ANGELES","LOS ANGELES",-118.28693699999999,33.928091000000002
8729749,2018,2018-11-21,1942,2018-11-01,1150,34370,1249,4,5,7,1942,0,0,0,L,0,25MQ11,"FIGUEROA ST","GAGE AV",0.00,,Y,A,-,N,,,,,,,,,,Y,3,0,3,3,A,-,12,21453,A,N,D,C,F,A,H,-,A,A,0,Y,,,,Y,,-,,0,3,0,0,1,0,0,0,0,"- ","- ",,,"LOS ANGELES","LOS ANGELES",-118.28266906738281,33.982379913330078
8729775,2018,2018-11-19,1942,2018-10-17,1000,43422,0128,3,5,7,1942,0,0,0,A,0,1A1,BROADWAY,"TEMPLE ST",400.00,S,N,A,-,N,,,,,,,,,,N,3,0,1,2,A,-,10,21950,A,N,G,B,B,A,H,-,A,A,0,Y,,,,Y,,A,01,0,1,0,0,1,0,0,0,0,"- ","- ",,,"LOS ANGELES","LOS ANGELES",-118.24439239501953,34.054889678955078
8729820,2018,2018-11-21,1900,2018-11-02,1917,546564,2116,5,5,5,1943,0,0,0,,0,212T3,"NORTON AV","LONG BEACH BL",20.00,E,N,A,-,N,,,,,,,,,,,4,0,1,2,A,-,11,21954,A,N,G,B,C,A,H,-,C,A,0,Y,,,,Y,,N,60,0,0,1,0,1,0,0,0,0,"- ","- ",,,"LOS ANGELES",LYNWOOD,-118.21239471435547,33.933223724365234