CASE_ID,ACCIDENT_YEAR,PROC_DATE,JURIS,COLLISION_DATE,COLLISION_TIME,OFFICER_ID,REPORTING_DISTRICT,DAY_OF_WEEK,CHP_SHIFT,POPULATION,CNTY_CITY_LOC,SPECIAL_COND,BEAT_TYPE,CHP_BEAT_TYPE,CITY_DIVISION_LAPD,CHP_BEAT_CLASS,BEAT_NUMBER,PRIMARY_RD,SECONDARY_RD,DISTANCE,DIRECTION,INTERSECTION,WEATHER_1,WEATHER_2,STATE_HWY_IND,CALTRANS_COUNTY,CALTRANS_DISTRICT,STATE_ROUTE,ROUTE_SUFFIX,POSTMILE_PREFIX,POSTMILE,LOCATION_TYPE,RAMP_INTERSECTION,SIDE_OF_HWY,TOW_AWAY,COLLISION_SEVERITY,NUMBER_KILLED,NUMBER_INJURED,PARTY_COUNT,PRIMARY_COLL_FACTOR,PCF_CODE_OF_VIOL,PCF_VIOL_CATEGORY,PCF_VIOLATION,PCF_VIOL_SUBSECTION,HIT_AND_RUN,TYPE_OF_COLLISION,MVIW,PED_ACTION,ROAD_SURFACE,ROAD_COND_1,ROAD_COND_2,LIGHTING,CONTROL_DEVICE,CHP_ROAD_TYPE,PEDESTRIAN_ACCIDENT,BICYCLE_ACCIDENT,MOTORCYCLE_ACCIDENT,TRUCK_ACCIDENT,NOT_PRIVATE_PROPERTY,ALCOHOL_INVOLVED,STWD_VEHTYPE_AT_FAULT,CHP_VEHTYPE_AT_FAULT,COUNT_SEVERE_INJ,COUNT_VISIBLE_INJ,COUNT_COMPLAINT_PAIN,COUNT_PED_KILLED,COUNT_PED_INJURED,COUNT_BICYCLIST_KILLED,COUNT_BICYCLIST_INJURED,COUNT_MC_KILLED,COUNT_MC_INJURED,PRIMARY_RAMP,SECONDARY_RAMP,LATITUDE,LONGITUDE,COUNTY,CITY,POINT_X,POINT_Y
8750980,2018,2018-12-11,1942,2018-10-30,1825,39578,1788,2,5,7,1942,0,0,0,Q,0,17XL96,"NORDHOFF ST","AMESTOY AV",0.00,,Y,A,-,N,,,,,,,,,,N,3,0,2,3,A,-,12,21453,A,N,G,B,B,A,H,-,B,A,0,Y,,,,Y,,A,01,0,2,0,0,2,0,0,0,0,"- ","- ",,,"LOS ANGELES","LOS ANGELES",-118.50692749023438,34.235759735107422
8751001,2018,2019-01-18,1942,2018-11-08,0900,40141,1791,4,5,7,1942,0,0,0,Q,0,17A81,"DE SOTO AV","S BRYANT ST",74.00,,N,A,-,N,,,,,,,,,,N,3,0,2,2,A,-,11,21954,A,N,G,B,D,A,H,-,A,D,0,Y,,,,Y,,N,60,0,1,1,0,1,0,0,0,0,"- ","- ",,,"LOS ANGELES","LOS ANGELES",-118.58851623535156,34.226959228515625
8751043,2018,2018-12-12,1942,2018-10-25,1850,37511,0679,4,5,7,1942,0,0,0,F,0,6A79,"N NORMANDIE AV","MONROE ST",0.00,,Y,A,-,N,,,,,,,,,,Y,4,0,1,2,A,-,10,21950,A,N,G,B,B,A,H,-,C,D,0,Y,,,,Y,,A,01,0,0,1,0,1,0,0,0,0,"- ","- ",,,"LOS ANGELES","LOS ANGELES",-118.30046081542969,34.085590362548828
8751050,2018,2019-01-16,1942,2018-11-16,0930,37724,1824,5,5,7,1942,0,0,0,R,0,18A34,"E 96TH ST","CENTRAL AV",5.00,E,N,A,-,N,,,,,,,,,,N,4,0,1,2,A,-,10,21950,A,N,G,B,B,A,H,-,A,A,0,Y,,,,Y,,A,01,0,0,1,0,1,0,0,0,0,"- ","- ",,,"LOS ANGELES","LOS ANGELES",-118.25404357910156,33.949260711669922
8751051,2018,2018-12-12,1942,2018-10-31,2325,42324,1798,3,5,7,1942,0,0,0,Q,0,17EL3,"HASKELL AV","PARTHENIA ST",0.00,,Y,A,-,N,,,,,,,,,,N,2,0,1,2,A,-,10,21950,C,N,G,B,B,A,H,-,C,A,0,Y,,,,Y,,A,01,1,0,0,0,1,0,0,0,0,"- ","- ",,,"LOS ANGELES","LOS ANGELES",-118.47640228271484,34.228321075439453
8751052,2018,2018-12-11,1942,2018-10-31,1740,31092,1248,3,5,7,1942,0,0,0,L,0,12A31,"VERMONT AV","GAGE AV",0.00,,Y,A,-,N,,,,,,,,,,N,4,0,1,2,A,-,11,21456,B,F,G,B,B,A,H,-,A,A,0,Y,,,,Y,,N,60,0,0,1,0,1,0,0,0,0,"- ","- ",,,"LOS ANGELES","LOS ANGELES",-118.29154205322266,33.981910705566406
8751064,2018,2018-12-11,1942,2018-10-29,2010,30631,1205,1,5,7,1942,0,0,0,L,0,12X4,"NORMANDIE AV","49TH ST",0.00,,Y,A,-,N,,,,,,,,,,N,4,0,1,2,A,-,10,21950,A,N,G,B,B,A,H,-,C,D,0,Y,,,,Y,,A,07,0,0,1,0,1,0,0,0,0,"- ","- ",,,"LOS ANGELES","LOS ANGELES",-118.30019378662109,33.999141693115234
8751065,2018,2019-01-18,1942,2018-11-01,0645,39472,1621,4,5,7,1942,0,0,0,P,0,16A11,"LAUREL CANYON BL","VAN NUYS BL",0.00,,Y,A,-,N,,,,,,,,,,N,4,0,1,2,A,-,10,21950,A,N,G,B,B,A,H,-,A,A,0,Y,,,,Y,,A,01,0,0,1,0,1,0,0,0,0,"- ","- ",,,"LOS ANGELES","LOS ANGELES",-118.43209838867188,34.2587890625
8751067,2018,2018-12-12,1942,2018-10-30,0948,05640,1494,2,5,7,1942,0,0,0,N,0,14A95,"WEST WY","S WORLD WY",0.00,,Y,A,-,N,,,,,,,,,,N,4,0,1,2,A,-,10,21950,A,N,G,B,B,A,H,-,A,D,0,Y,,,,Y,,A,01,0,0,1,0,1,0,0,0,0,"- ","- ",,,"LOS ANGELES","LOS ANGELES",-118.40605926513672,33.944839477539062
8751078,2018,2019-01-16,1942,2018-11-04,1815,37743,1258,7,5,7,1942,0,0,0,L,0,12X52,"76TH ST","MAIN ST",100.00,E,N,A,-,N,,,,,,,,,,N,3,0,1,3,A,-,03,22350,,N,B,E,-,A,H,-,C,D,0,Y,,,,Y,,A,07,0,1,0,0,1,0,0,0,0,"- ","- ",,,"LOS ANGELES","LOS ANGELES",-118.27359771728516,33.971298217773438
8751081,2018,2019-01-18,1942,2018-11-13,1630,26319,1642,2,5,7,1942,0,0,0,P,0,16A23,"GLAMIS ST","KEWEN AV",165.00,E,N,A,-,N,,,,,,,,,,N,4,0,1,2,A,-,11,21954,A,N,G,B,E,A,H,-,A,B,0,Y,,,,Y,,N,60,0,0,1,0,1,0,0,0,0,"- ","- ",,,"LOS ANGELES","LOS ANGELES",-118.41892242431641,34.255199432373047
8751085,2018,2019-01-18,1942,2018-11-08,1830,32372,1606,4,5,7,1942,0,0,0,P,0,16A35,"GARRICK AV","KAGEL CANYON ST",64.00,S,N,A,-,N,,,,,,,,,,N,3,0,1,2,A,-,11,21954,A,N,G,B,D,A,H,-,C,D,0,Y,,,,Y,,N,60,0,1,0,0,1,0,0,0,0,"- ","- ",,,"LOS ANGELES","LOS ANGELES",-118.37959289550781,34.280998229980469
8751087,2018,2018-12-12,1942,2018-10-20,0700,36664,1412,6,5,7,1942,0,0,0,N,0,14A11,"OZONE AV",SPEEDWAY,20.00,W,N,A,-,N,,,,,,,,,,N,4,0,1,2,A,-,21,22106,,N,G,B,E,A,H,-,A,D,0,Y,,,,Y,,A,08,0,0,1,0,1,0,0,0,0,"- ","- ",,,"LOS ANGELES","LOS ANGELES",-118.48074340820312,33.995429992675781
8751090,2018,2019-03-25,1942,2018-11-24,1550,43257,0409,6,5,7,1942,0,0,0,D,0,4A56,"HUNTINGTON DR N","ALHAMBRA AV",0.00,,Y,A,-,N,,,,,,,,,,N,3,0,1,2,A,-,10,21950,,F,G,B,B,A,H,-,A,A,0,Y,,,,Y,,-,99,0,1,0,0,1,0,0,0,0,"- ","- ",,,"LOS ANGELES","LOS ANGELES",-118.15521240234375,34.09857177734375
8751091,2018,2018-12-12,1942,2018-10-23,2300,38090,1499,2,5,7,1942,0,0,0,N,0,6T7,"S LA CIENEGA BL","111TH ST",525.00,S,N,A,-,N,,,,,,,,,,N,3,0,1,2,A,-,11,21954,A,N,G,B,D,A,H,-,C,D,0,Y,,,,Y,Y,N,60,0,1,0,0,1,0,0,0,0,"- ","- ",,,"LOS ANGELES","LOS ANGELES",-118.3701171875,33.933128356933594
8751095,2018,2018-12-12,1942,2018-10-04,1150,41003,0806,4,5,7,1942,0,0,0,H,0,8T26,"CHALON RD","TARCUTO WY",500.00,E,N,A,-,N,,,,,,,,,,N,3,0,1,2,A,-,03,22350,,N,G,-,E,A,H,-,A,D,0,Y,,,,Y,,A,08,0,1,0,0,1,0,0,0,0,"- ","- ",,,"LOS ANGELES","LOS ANGELES",-118.45509338378906,34.082778930664062
8751098,2018,2019-01-16,1942,2018-11-01,2350,43373,0464,4,5,7,1942,0,0,0,D,0,4A71,"CHICAGO ST","4TH ST",0.00,,Y,A,-,N,,,,,,,,,,N,4,0,1,2,A,-,10,21950,A,F,G,B,B,A,H,-,C,A,0,Y,,,,Y,Y,-,99,0,0,1,0,1,0,0,0,0,"- ","- ",,,"LOS ANGELES","LOS ANGELES",-118.21424102783203,34.041721343994141
8751099,2018,2018-12-12,1942,2018-10-25,1910,38262,0755,4,5,7,1942,0,0,0,G,0,7A53,"HAUSER BL","SAN VICENTE BL",107.00,N,N,A,-,N,,,,,,,,,,N,3,0,1,2,A,-,11,21956,A,N,G,B,D,A,H,-,D,D,0,Y,,,,Y,,N,60,0,1,0,0,1,0,0,0,0,"- ","- ",,,"LOS ANGELES","LOS ANGELES",-118.35466003417969,34.054222106933594
8751120,2018,2018-12-11,1942,2018-10-31,1645,30830,1668,3,5,7,1942,0,0,0,P,0,16A59,"VALMONT ST","VALAHO DR",150.00,E,N,A,-,N,,,,,,,,,,N,4,0,2,3,C,-,18,,,N,B,E,E,A,H,-,A,D,0,Y,,,,Y,,-,"- ",0,0,2,0,1,0,0,0,0,"- ","- ",,,"LOS ANGELES","LOS ANGELES",-118.29588317871094,34.252346038818359
8751415,2018,2018-12-20,1976,2018-11-15,0813,429,,4,5,5,1976,0,0,0,,0,001,"ACACIA AV","PILGRIM WY",65.00,S,N,A,-,N,,,,,,,,,,N,3,0,1,2,A,-,10,21952,,N,G,B,F,A,H,-,A,D,0,Y,,,,Y,,A,01,0,1,0,0,1,0,0,0,0,"- ","- ",,,"LOS ANGELES",WHITTIER,-118.04918670654297,33.987930297851562
8751422,2018,2018-12-07,1942,2018-10-13,0638,31152,1324,6,5,7,1942,0,0,0,M,0,13A27,"CENTRAL AV","23RD ST",12.00,N,N,B,-,N,,,,,,,,,,N,3,0,1,2,A,-,11,21954,A,N,G,B,D,B,H,-,C,A,0,Y,,,,Y,,N,60,0,1,0,0,1,0,0,0,0,"- ","- ",,,"LOS ANGELES","LOS ANGELES",-118.25383758544922,34.020866394042969
8751436,2018,2018-12-20,1900,2018-11-14,0905,523421,0643,3,5,6,1985,0,0,0,,0,64T1,"BOUQUET CANYON RD","SOLEDAD CANYON RD",12.00,S,N,A,-,N,,,,,,,,,,N,4,0,1,2,A,-,10,21950,A,N,G,B,B,A,H,-,A,A,0,Y,,,,Y,,A,07,0,0,1,0,1,0,0,0,0,"- ","- ",34.422508239746094,-118.54094696044922,"LOS ANGELES","SANTA CLARITA",-118.54111480712891,34.422550201416016
8751444,2018,2018-12-07,1942,2018-10-22,1440,37952,0152,1,5,7,1942,0,0,0,A,0,1A41,"W 6TH ST","S GRAND AV",0.00,,Y,A,-,N,,,,,,,,,,N,4,0,1,2,A,-,10,21950,A,F,G,B,B,A,H,-,A,A,0,Y,,,,Y,,-,99,0,0,1,0,1,0,0,0,0,"- ","- ",,,"LOS ANGELES","LOS ANGELES",-118.2901611328125,33.738780975341797
8751468,2018,2018-12-07,1942,2018-10-29,0800,33311,0461,1,5,7,1942,0,0,0,D,0,4A71,"CLARENCE ST","3RD ST",10.00,S,N,A,-,N,,,,,,,,,,N,4,0,2,3,A,-,10,21950,A,N,G,B,B,A,H,-,A,D,0,Y,,,,Y,,A,01,0,0,2,0,2,0,0,0,0,"- ","- ",,,"LOS ANGELES","LOS ANGELES",-118.22429656982422,34.045150756835938
8751472,2018,2018-12-07,1942,2018-10-31,0435,43265,467,3,5,7,1942,0,0,0,,0,467,"SOTO ST","4TH ST",250.00,S,N,A,-,N,,,,,,,,,,N,3,0,1,2,A,-,10,21950,C,N,G,B,D,A,H,-,C,D,0,Y,,,,Y,,A,01,0,1,0,0,1,0,0,0,0,"- ","- ",,,"LOS ANGELES","LOS ANGELES",-118.21215057373047,34.040012359619141
8751626,2018,2018-12-10,1924,2018-06-04,2032,114642,12,1,5,5,1924,0,0,0,,0,8T3,"PURCHE AV","139TH ST",12.00,S,N,A,-,N,,,,,,,,,,N,4,0,1,2,D,-,00,,,N,G,B,B,A,H,-,C,D,0,Y,,,,Y,,-,"- ",0,0,1,0,1,0,0,0,0,"- ","- ",33.905559539794922,-118.32061004638672,"LOS ANGELES",GARDENA,-118.32064819335938,33.905525207519531
8751717,2018,2018-12-11,1922,2018-11-29,0649,463,,4,5,6,1922,0,0,0,,0,,"SANTA ANITA AV","BODGER ST",5.00,S,N,C,-,N,,,,,,,,,,N,4,0,1,2,A,-,10,21950,A,N,G,B,C,B,F,-,B,A,0,Y,,,,Y,,A,01,0,0,1,0,1,0,0,0,0,"- ","- ",34.064308166503906,-118.04268646240234,"LOS ANGELES","EL MONTE",-118.04265594482422,34.064247131347656
8751725,2018,2018-12-11,1922,2018-11-08,1732,463,,4,5,6,1922,0,0,0,,0,,"ARDEN DR","LOWER AZUSA RD",500.00,S,N,A,-,N,,,,,,,,,,N,4,0,1,2,A,-,10,21950,A,N,G,B,C,A,H,-,C,A,0,Y,,,,Y,,A,01,0,0,1,0,1,0,0,0,0,"- ","- ",34.091350555419922,-118.04428863525391,"LOS ANGELES","EL MONTE",-118.04252624511719,34.090236663818359
8751736,2018,2018-12-11,1942,2018-07-10,2100,42793,"LOS A",2,5,7,1942,0,0,0,,0,3A73-W,"83RD ST","NORMANDIE AV",0.00,,Y,A,-,N,,,,,,,,,,N,3,0,1,2,A,-,10,21950,,F,G,B,B,A,-,-,C,-,0,Y,,,,Y,,-,99,0,1,0,0,1,0,0,0,0,"- ","- ",,,"LOS ANGELES","LOS ANGELES",-118.30027008056641,33.963649749755859
8751911,2018,2019-01-18,1961,2018-11-11,1840,10337,2,7,5,3,1961,0,0,0,,0,,"HUBBARD ST","FRANK MODUGNO RD",220.00,S,N,A,-,N,,,,,,,,,,N,3,0,1,2,D,-,00,,,N,G,B,C,A,H,-,C,D,0,Y,,,,Y,,-,"- ",0,1,0,0,1,0,0,0,0,"- ","- ",,,"LOS ANGELES","SAN FERNANDO",-118.44844818115234,34.291252136230469
8752025,2018,2018-12-17,1942,2018-10-26,2244,42927,0451,5,5,7,1942,0,0,0,D,0,HOBK,"MISSION RD",ALISO,0.00,,Y,A,-,N,,,,,,,,,,N,4,0,1,2,A,-,10,21950,A,F,G,B,B,A,H,-,C,A,0,Y,,,,Y,,-,99,0,0,1,0,1,0,0,0,0,"- ","- ",,,"LOS ANGELES","LOS ANGELES",-118.22669982910156,34.052410125732422
8752279,2018,2019-01-14,1942,2018-11-05,0745,42051,1982,1,5,7,1942,0,0,0,,0,19A61,"RAYEN ST","MEMORY PARK AV",0.00,,Y,A,-,N,,,,,,,,,,N,4,0,1,2,D,-,00,,,N,G,B,B,A,H,-,A,D,0,Y,,,,Y,,-,"- ",0,0,1,0,1,0,0,0,0,"- ","- ",,,"LOS ANGELES","LOS ANGELES",-118.46437072753906,34.231838226318359
8752310,2018,2018-12-27,1942,2018-11-07,1950,43421,LAPD,3,5,7,1942,0,0,0,,0,10A99,"RESEDA BL","VENTURA BL",0.00,,Y,A,-,N,,,,,,,,,,N,4,0,1,2,A,-,10,21954,,N,G,B,D,A,H,-,C,A,0,Y,,,,Y,,N,60,0,0,1,0,1,0,0,0,0,"- ","- ",,,"LOS ANGELES","LOS ANGELES",-118.53607940673828,34.168758392333984
8752414,2018,2018-12-11,1942,2018-11-23,1520,39745,0354,5,5,7,1942,0,0,0,C,0,3A55,"JEFFERSON BL","4TH AV",160.00,W,N,A,-,N,,,,,,,,,,N,3,0,1,3,A,-,13,22515,A,N,G,B,E,A,H,-,A,D,0,Y,,,,Y,,A,01,0,1,0,0,1,0,0,0,0,"- ","- ",,,"LOS ANGELES","LOS ANGELES",-118.32177734375,34.025562286376953
8752421,2018,2018-12-24,1942,2018-11-11,0835,43245,1255,7,5,7,1942,0,0,0,L,0,12A45,"FLORENCE AV","BUDLONG AV",0.00,,Y,A,-,N,,,,,,,,,,N,2,0,2,3,-,-,"- ",,,N,B,B,B,A,H,-,A,A,0,Y,,,,Y,,-,"- ",1,1,0,0,2,0,0,0,0,"- ","- ",,,"LOS ANGELES","LOS ANGELES",-118.29620361328125,33.974609375
8752441,2018,2018-12-12,1942,2018-11-27,1935,35393,0376,2,5,7,1942,0,0,0,C,0,3A55,"S WESTERN AV","W 38TH PL",0.00,,Y,A,-,N,,,,,,,,,,N,3,0,1,2,A,-,10,21950,A,N,G,B,B,A,H,-,C,A,0,Y,,,,Y,,A,01,0,1,0,0,1,0,0,0,0,"- ","- ",,,"LOS ANGELES","LOS ANGELES",-118.30890655517578,34.016441345214844
8752449,2018,2018-12-12,1942,2018-11-19,1745,37146,0337,1,5,7,1942,0,0,0,C,0,25TL22,"JEFFERSON BL","HOBART BL",5.00,W,N,A,-,N,,,,,,,,,,N,3,0,1,2,A,-,10,21950,A,N,G,B,B,A,H,-,C,A,0,Y,,,,Y,,A,07,0,1,0,0,1,0,0,0,0,"- ","- ",,,"LOS ANGELES","LOS ANGELES",-118.30783843994141,34.025558471679688
8752486,2018,2019-01-29,1953,2018-11-06,1930,2038,1953,2,5,6,1953,0,0,0,,0,003,"ALLEN AV","WALNUT ST",4.00,S,N,A,-,N,,,,,,,,,,N,3,0,1,2,A,-,08,22107,,M,G,B,B,A,H,-,B,A,0,Y,,,,Y,Y,-,,0,1,0,0,1,0,0,0,0,"- ","- ",,,"LOS ANGELES",PASADENA,-118.11318206787109,34.149547576904297
8752491,2018,2019-01-22,1975,2018-11-28,1230,675,,3,5,6,1975,0,0,0,,0,004,"SUNSET AV","ROSEWAY ST",0.00,,Y,A,-,N,,,,,,,,,,N,3,0,1,2,A,-,10,21950,,F,G,B,C,A,H,-,A,A,0,Y,,,,Y,,-,,0,1,0,0,1,0,0,0,0,"- ","- ",,,"LOS ANGELES","WEST COVINA",-117.94242095947266,34.064899444580078
8752505,2018,2019-01-22,1941,2018-11-27,1347,5660,,2,5,7,1941,0,0,0,,0,,"BELLFLOWER BL","27TH ST",0.00,,Y,A,-,N,,,,,,,,,,Y,2,0,1,2,A,-,12,21453,A,M,B,B,B,A,H,-,A,A,0,Y,,,,Y,,A,,1,0,0,0,1,0,0,0,0,"- ","- ",,,"LOS ANGELES","LONG BEACH",-118.12535095214844,33.805061340332031
8752521,2018,2019-01-22,1953,2018-11-13,0801,1001,1953,2,5,6,1953,0,0,0,,0,005,"VALLEY ST","FAIR OAKS AV",0.00,,Y,A,-,N,,,,,,,,,,N,4,0,1,2,A,-,10,21950,A,N,G,B,B,A,H,-,A,A,0,Y,,,,Y,,A,01,0,0,1,0,1,0,0,0,0,"- ","- ",,,"LOS ANGELES",PASADENA,-118.15045166015625,34.142410278320312
8752522,2018,2019-03-05,1953,2018-11-11,1421,8990,PASAD,7,5,6,1953,0,0,0,,0,002,"ORANGE GROVE BL","LAKE AV",0.00,,Y,A,-,N,,,,,,,,,,N,3,0,1,2,A,-,10,21950,A,N,G,B,B,A,H,-,A,A,0,Y,,,,Y,,A,01,0,1,0,0,1,0,0,0,0,"- ","- ",,,"LOS ANGELES",PASADENA,-118.1324462890625,34.157768249511719
8752561,2018,2019-01-19,1942,2018-11-26,1514,39930,0705,1,5,7,1942,0,0,0,G,0,7A1,"CLINTON ST","N LA BREA AV",0.00,,Y,A,-,N,,,,,,,,,,N,4,0,1,2,A,-,10,21950,A,N,G,B,B,A,H,-,A,A,0,Y,,,,Y,,A,07,0,0,1,0,1,0,0,0,0,"- ","- ",,,"LOS ANGELES","LOS ANGELES",-118.34406280517578,34.081851959228516
8752566,2018,2019-01-22,1942,2018-11-18,0920,40157,0727,7,5,7,1942,0,0,0,G,0,7A17,"HIGHLAND AV","3RD ST",9.00,S,N,A,-,N,,,,,,,,,,N,3,0,1,2,A,-,10,21950,A,N,G,-,B,A,H,-,A,A,0,Y,,,,Y,,A,07,0,1,0,0,1,0,0,0,0,"- ","- ",,,"LOS ANGELES","LOS ANGELES",-118.338517,34.068886999999997
8752567,2018,2019-01-24,1941,2018-11-27,1048,11278,,2,5,7,1941,0,0,0,,0,,"14TH ST","CHERRY AV",0.00,,Y,A,-,N,,,,,,,,,,N,3,0,1,2,A,-,09,21801,,N,H,B,B,A,H,-,A,D,0,Y,,,,Y,,A,,0,1,0,0,1,0,0,0,0,"- ","- ",,,"LOS ANGELES","LONG BEACH",-118.16767120361328,33.784408569335938
8752571,2018,2019-02-13,1941,2018-11-27,1717,10063,,2,5,7,1941,0,0,0,,0,,"PACIFIC AV","ANAHEIM ST",101.00,S,N,A,-,N,,,,,,,,,,N,4,0,1,2,A,-,"- ",,,N,B,B,D,A,H,-,B,D,0,Y,,,,Y,,A,,0,0,1,0,1,0,0,0,0,"- ","- ",,,"LOS ANGELES","LONG BEACH",-118.19373321533203,33.782321929931641
8752593,2018,2019-01-19,1942,2018-11-08,1820,41982,0775,4,5,7,1942,0,0,0,G,0,7A64,"RIMPAU BL","SAINT CHARLES PL",0.00,,-,A,-,N,,,,,,,,,,N,4,0,1,2,A,-,10,21950,A,N,G,-,D,A,H,-,C,-,0,Y,,,,Y,Y,A,01,0,0,1,0,1,0,0,0,0,"- ","- ",,,"LOS ANGELES","LOS ANGELES",-118.34078979492188,34.045761108398438
8752602,2018,2019-01-22,1942,2018-11-10,1105,35945,0735,6,5,7,1942,0,0,0,G,0,7A33,"S RIDGELEY DR","6TH ST",25.00,S,N,A,-,N,,,,,,,,,,N,3,0,1,2,A,-,11,21954,A,N,G,B,D,A,H,-,A,D,0,Y,,,,Y,,N,60,0,1,0,0,1,0,0,0,0,"- ","- ",,,"LOS ANGELES","LOS ANGELES",-118.35041809082031,34.064811706542969
8752603,2018,2019-01-24,1941,2018-11-29,0735,11226,,4,5,7,1941,0,0,0,,0,,"ATLANTIC AV","HILL ST",0.00,,Y,C,-,N,,,,,,,,,,N,4,0,1,2,A,-,10,21950,A,N,G,B,B,B,H,-,A,A,0,Y,,,,Y,,A,,0,0,1,0,1,0,0,0,0,"- ","- ",,,"LOS ANGELES","LONG BEACH",-118.18502807617188,33.797130584716797
8752611,2018,2019-02-13,1941,2018-11-29,1818,10542,,4,5,7,1941,0,0,0,,0,,"OCEAN BL","6TH PL",0.00,,Y,C,-,N,,,,,,,,,,N,4,0,1,2,-,-,"- ",,,N,G,B,C,B,H,-,C,D,0,Y,,,,Y,,-,"- ",0,0,1,0,1,0,0,0,0,"- ","- ",,,"LOS ANGELES","LONG BEACH",-118.17693328857422,33.765621185302734
8752623,2018,2019-01-24,1941,2018-11-14,0915,10549,,3,5,7,1941,0,0,0,,0,,"51ST ST","LONG BEACH BL",0.00,W,N,-,-,N,,,,,,,,,,N,4,0,1,2,A,-,12,22450,A,N,G,B,B,A,H,-,A,D,0,Y,,,,Y,,A,,0,0,1,0,1,0,0,0,0,"- ","- ",,,"LOS ANGELES","LONG BEACH",-118.19460296630859,33.848800659179688
8752625,2018,2019-01-19,1942,2018-11-15,2340,37511,0834,4,5,7,1942,0,0,0,H,0,8A29,"WILSHIRE BL","SELBY AV",5.00,W,N,A,-,N,,,,,,,,,,N,3,0,1,2,A,-,11,21456,B,F,G,B,B,A,H,-,C,A,0,Y,,,,Y,,N,60,0,1,0,0,1,0,0,0,0,"- ","- ",,,"LOS ANGELES","LOS ANGELES",-118.43798828125,34.060356140136719
8752633,2018,2019-01-19,1942,2018-11-10,1300,41370,0701,6,5,7,1942,0,0,0,G,0,7A1,"ALFRED ST","MELROSE ST",70.00,N,N,A,-,N,,,,,,,,,,N,4,0,1,2,A,-,21,22106,,F,G,B,F,A,H,-,A,D,0,Y,,,,Y,,-,99,0,0,1,0,1,0,0,0,0,"- ","- ",,,"LOS ANGELES","LOS ANGELES",-118.37531280517578,34.083812713623047
8752634,2018,2019-01-22,1942,2018-11-25,1505,34393,0701,7,5,7,1942,0,0,0,G,0,7A33W2,"WILLOUGHBY AV","FAIRFAX AV",0.00,,Y,A,-,N,,,,,,,,,,N,4,0,1,2,A,-,10,21950,A,N,G,B,B,A,H,-,A,A,0,Y,,,,Y,,A,01,0,0,1,0,1,0,0,0,0,"- ","- ",,,"LOS ANGELES","LOS ANGELES",-118.36154174804688,34.087188720703125
8752637,2018,2019-01-19,1942,2018-11-06,1920,43454,0702,2,5,7,1942,0,0,0,G,0,7A02,"MELROSE AV","GENESEE AV",0.00,,Y,A,-,N,,,,,,,,,,N,2,0,1,2,A,-,10,21950,,N,A,B,B,A,H,-,C,D,0,Y,,,,Y,,A,01,1,0,0,0,1,0,0,0,0,"- ","- ",,,"LOS ANGELES","LOS ANGELES",-118.35842895507812,34.083759307861328
8752884,2018,2018-12-24,1969,2018-11-03,0306,10230,PATRO,6,5,5,1969,0,0,0,,0,001,"OHIO AV","TRUBA AV",400.00,W,N,A,-,N,,,,,,,,,,Y,4,0,2,5,A,-,08,22107,,F,B,E,F,A,H,-,C,D,0,Y,,,,Y,,A,01,0,0,2,0,2,0,0,0,0,"- ","- ",,,"LOS ANGELES","SOUTH GATE",-118.22601318359375,33.950485229492188
8752891,2018,2018-12-24,1969,2018-11-27,1957,10197," PATR",2,5,5,1969,0,0,0,,0,003,"TWEEDY BL","SAN VINCENTE AV",0.00,,Y,A,-,N,,,,,,,,,,N,3,0,1,2,A,-,10,21950,A,N,-,B,B,A,H,-,C,A,0,Y,,,,Y,,A,07,0,1,0,0,1,0,0,0,0,"- ","- ",,,"LOS ANGELES","SOUTH GATE",-118.19978332519531,33.943561553955078
8752896,2018,2019-01-11,1969,2018-11-07,0453,10216,PATRO,3,5,5,1969,0,0,0,,0,005,"FIRESTONE BL","RT 710",120.00,E,N,A,-,N,,,,,,,,,,N,4,0,1,2,A,-,11,21954,A,N,A,B,E,A,H,-,C,D,0,Y,,,,Y,,N,60,0,0,1,0,1,0,0,0,0,"- ","- ",,,"LOS ANGELES","SOUTH GATE",-118.17034149169922,33.949729919433594
8752904,2018,2018-12-24,1969,2018-11-03,2208,10227,PATRO,6,5,5,1969,0,0,0,,0,0A3,"CALIFORNIA AV","LIBERTY BL",10.00,S,N,A,-,N,,,,,,,,,,N,4,0,1,2,A,-,08,22107,,N,G,B,F,A,H,-,C,A,0,Y,,,,Y,,A,08,0,0,1,0,1,0,0,0,0,"- ","- ",,,"LOS ANGELES","SOUTH GATE",-118.20508575439453,33.959972381591797
8752965,2018,2018-12-26,1941,2018-11-20,1745,10850,,2,5,7,1941,0,0,0,,0,,"ANAHEIM ST","ORIZABA AV",3.00,E,N,A,-,N,,,,,,,,,,N,4,0,1,2,D,-,00,,,F,G,B,D,A,H,-,C,A,0,Y,,,,Y,,-,"- ",0,0,1,0,1,0,0,0,0,"- ","- ",,,"LOS ANGELES","LONG BEACH",-118.15677642822266,33.782600402832031
8752979,2018,2019-01-03,1942,2018-11-20,1950,40325,1383,2,5,7,1942,0,0,0,M,0,13A93,BROADWAY,"61ST ST",56.00,N,N,A,-,N,,,,,,,,,,N,2,0,1,2,A,-,11,21954,A,N,G,B,D,A,H,-,C,A,0,Y,,,,Y,Y,N,60,1,0,0,0,1,0,0,0,0,"- ","- ",,,"LOS ANGELES","LOS ANGELES",-118.278291,33.984357000000003