CASE_ID,ACCIDENT_YEAR,PROC_DATE,JURIS,COLLISION_DATE,COLLISION_TIME,OFFICER_ID,REPORTING_DISTRICT,DAY_OF_WEEK,CHP_SHIFT,POPULATION,CNTY_CITY_LOC,SPECIAL_COND,BEAT_TYPE,CHP_BEAT_TYPE,CITY_DIVISION_LAPD,CHP_BEAT_CLASS,BEAT_NUMBER,PRIMARY_RD,SECONDARY_RD,DISTANCE,DIRECTION,INTERSECTION,WEATHER_1,WEATHER_2,STATE_HWY_IND,CALTRANS_COUNTY,CALTRANS_DISTRICT,STATE_ROUTE,ROUTE_SUFFIX,POSTMILE_PREFIX,POSTMILE,LOCATION_TYPE,RAMP_INTERSECTION,SIDE_OF_HWY,TOW_AWAY,COLLISION_SEVERITY,NUMBER_KILLED,NUMBER_INJURED,PARTY_COUNT,PRIMARY_COLL_FACTOR,PCF_CODE_OF_VIOL,PCF_VIOL_CATEGORY,PCF_VIOLATION,PCF_VIOL_SUBSECTION,HIT_AND_RUN,TYPE_OF_COLLISION,MVIW,PED_ACTION,ROAD_SURFACE,ROAD_COND_1,ROAD_COND_2,LIGHTING,CONTROL_DEVICE,CHP_ROAD_TYPE,PEDESTRIAN_ACCIDENT,BICYCLE_ACCIDENT,MOTORCYCLE_ACCIDENT,TRUCK_ACCIDENT,NOT_PRIVATE_PROPERTY,ALCOHOL_INVOLVED,STWD_VEHTYPE_AT_FAULT,CHP_VEHTYPE_AT_FAULT,COUNT_SEVERE_INJ,COUNT_VISIBLE_INJ,COUNT_COMPLAINT_PAIN,COUNT_PED_KILLED,COUNT_PED_INJURED,COUNT_BICYCLIST_KILLED,COUNT_BICYCLIST_INJURED,COUNT_MC_KILLED,COUNT_MC_INJURED,PRIMARY_RAMP,SECONDARY_RAMP,LATITUDE,LONGITUDE,COUNTY,CITY,POINT_X,POINT_Y
8757288,2018,2018-12-17,1942,2018-11-30,0950,0318,0318,5,5,7,1942,0,0,0,C,0,3A19,"S HOOVER ST","22ND ST",155.00,N,N,A,-,N,,,,,,,,,,N,4,0,1,2,A,-,10,21950,A,N,G,B,B,A,H,-,A,A,0,Y,,,,Y,,A,01,0,0,1,0,1,0,0,0,0,"- ","- ",,,"LOS ANGELES","LOS ANGELES",-118.28401184082031,34.036613464355469
8757295,2018,2018-12-19,1900,2018-11-27,0743,548793,0467,2,5,4,1936,0,0,0,,0,46T1,"BEACH BL","HILLSBOROUGH DR",0.00,,Y,A,-,N,,,,,,,,,,N,4,0,1,2,A,-,10,21950,A,N,G,B,B,A,H,-,A,A,0,Y,,,,Y,,A,01,0,0,1,0,1,0,0,0,0,"- ","- ",,,"LOS ANGELES","LA MIRADA",-117.97792816162109,33.908611297607422
8757306,2018,2018-12-13,1900,2018-10-19,2307,546540,2844,5,5,5,1915,0,0,0,,0,281T1,"LONG BEACH BL","PAULINE ST",0.00,,Y,A,-,N,,,,,,,,,,N,2,0,1,2,A,-,11,21954,A,F,A,B,D,A,H,-,C,D,0,Y,,,,Y,,N,60,1,0,0,0,1,0,0,0,0,"- ","- ",,,"LOS ANGELES",COMPTON,-118.20594787597656,33.884960174560547
8757310,2018,2018-12-13,1969,2018-10-31,0630,10195,TRAFF,3,5,5,1969,0,0,0,,0,005,"GARFIELD AV","MAIN ST",4.00,S,N,C,-,N,,,,,,,,,,N,3,0,2,3,A,-,10,21950,A,N,A,B,B,A,H,-,A,A,0,Y,,,,Y,,A,01,0,1,1,0,2,0,0,0,0,"- ","- ",,,"LOS ANGELES","SOUTH GATE",-118.16893768310547,33.916938781738281
8757318,2018,2018-12-12,1969,2018-10-26,0905,10156,TAFFF,5,5,5,1969,0,0,0,,0,001,"FIRESTONE BL","SANTA FE AV",0.00,,Y,A,-,N,,,,,,,,,,N,4,0,2,3,A,-,10,21950,A,N,G,B,B,A,H,-,A,A,0,Y,,,,Y,,A,01,0,0,2,0,2,0,0,0,0,"- ","- ",,,"LOS ANGELES","SOUTH GATE",-118.22483062744141,33.956100463867188
8757332,2018,2018-12-17,1942,2018-11-30,1710,37146,0308,5,5,7,1942,0,0,0,C,0,25TL22,"S UNION AV","22ND ST",80.00,N,N,A,-,N,,,,,,,,,,N,4,0,1,2,A,-,11,21956,A,N,G,B,D,A,H,-,C,D,0,Y,,,,Y,,N,60,0,0,1,0,1,0,0,0,0,"- ","- ",,,"LOS ANGELES","LOS ANGELES",-118.28279876708984,34.035923004150391
8757356,2018,2018-12-17,1900,2018-11-05,1849,608235,0454,1,5,6,1949,0,0,0,,0,45K3,"CIVIC CENTER DR","BLOOMFIELD AV",0.00,,Y,A,-,N,,,,,,,,,,N,3,0,1,2,D,-,00,,,N,G,B,B,A,H,-,C,A,0,Y,,,,Y,,-,"- ",0,1,0,0,1,0,0,0,0,"- ","- ",,,"LOS ANGELES",NORWALK,-118.06465911865234,33.91461181640625
8757538,2018,2018-12-19,1941,2018-11-19,0748,11244,,1,5,7,1941,0,0,0,,0,,"CHERRY AV",BROADWAY,4.00,S,N,A,-,N,,,,,,,,,,N,3,0,1,2,A,-,05,21650,,F,G,B,B,A,H,-,A,A,0,Y,,Y,,Y,Y,C,,0,1,0,0,1,0,0,0,0,"- ","- ",,,"LOS ANGELES","LONG BEACH",-118.16789245605469,33.767280578613281
8757556,2018,2018-12-20,1925,2018-11-09,1000,27527,234,5,5,6,1925,0,0,0,,0,004,"DORAN ST","ADAMS ST",0.00,,Y,A,-,N,,,,,,,,,,N,4,0,1,2,A,-,03,22350,,F,G,B,B,A,H,-,A,D,0,Y,,,,Y,,A,01,0,0,1,0,1,0,0,0,0,"- ","- ",,,"LOS ANGELES",GLENDALE,-118.24185180664062,34.153388977050781
8757716,2018,2019-01-30,1942,2018-12-02,1405,40452,2056,7,5,7,1942,0,0,0,,0,20A69,"S VERMONT AV","12TH ST",100.00,S,N,A,-,N,,,,,,,,,,N,4,0,2,2,A,-,11,21954,A,N,G,B,D,A,H,-,A,A,0,Y,,,,Y,,N,60,0,0,2,0,1,0,0,0,0,"- ","- ",,,"LOS ANGELES","LOS ANGELES",-118.29161071777344,34.048847198486328
8757720,2018,2019-01-30,1942,2018-12-02,1610,37700,1446,7,5,7,1942,0,0,0,N,0,14A49,"VENICE BL","GRAND VIEW BL",70.00,W,N,A,-,N,,,,,,,,,,N,4,0,1,2,A,-,17,21663,,N,G,B,F,A,H,-,A,D,0,Y,,Y,,Y,,C,03,0,0,1,0,1,0,0,0,0,"- ","- ",,,"LOS ANGELES","LOS ANGELES",-118.43151092529297,34.004837036132812
8757739,2018,2019-05-08,1942,2018-11-17,1322,43133,0397,6,5,7,1942,0,0,0,C,0,3A28,"W 41ST PL","S BUDLONG AV",0.00,,Y,A,-,N,,,,,,,,,,Y,2,0,1,2,A,-,03,22350,,F,G,B,F,A,H,-,A,D,0,Y,,,,Y,,A,01,1,0,0,0,1,0,0,0,0,"- ","- ",,,"LOS ANGELES","LOS ANGELES",-118.2958984375,34.008201599121094
8757740,2018,2019-01-30,1942,2018-12-03,1915,35393,1205,1,5,7,1942,0,0,0,L,0,12A3,"NORMANDIE AV","51ST PL",10.00,S,N,A,-,N,,,,,,,,,,N,3,0,1,2,A,-,11,21950,B,N,G,B,B,A,H,-,C,A,0,Y,,,,Y,Y,N,60,0,1,0,0,1,0,0,0,0,"- ","- ",,,"LOS ANGELES","LOS ANGELES",-118.3001708984375,33.995922088623047
8757818,2018,2018-12-19,1941,2018-10-08,0802,10770,,1,5,7,1941,0,0,0,,0,901T,"4TH ST","WALNUT AV",0.00,,Y,A,-,N,,,,,,,,,,N,3,0,1,2,A,-,10,21950,A,N,G,B,B,A,H,-,A,A,0,Y,,,,Y,,A,,0,1,0,0,1,0,0,0,0,"- ","- ",,,"LOS ANGELES","LONG BEACH",-118.17204284667969,33.771709442138672
8758037,2018,2019-01-25,1942,2018-12-02,1400,41973,1267,7,5,7,1942,0,0,0,L,0,12A67,"W 83RD ST","S VERMONT AV",0.00,,Y,A,-,N,,,,,,,,,,N,4,0,1,2,A,-,08,22107,,N,G,B,B,A,H,-,A,A,0,Y,,,,Y,,A,01,0,0,1,0,1,0,0,0,0,"- ","- ",,,"LOS ANGELES","LOS ANGELES",-118.29183197021484,33.963649749755859
8758092,2018,2019-01-28,1942,2018-12-06,1900,42029,1623,4,5,7,1942,0,0,0,P,0,16A23,"PIERCE ST","DE GARMO AV",61.00,W,N,B,C,N,,,,,,,,,,N,2,0,1,2,A,-,03,22350,,F,A,-,E,B,H,-,C,D,0,Y,,,,Y,,-,99,1,0,0,0,1,0,0,0,0,"- ","- ",,,"LOS ANGELES","LOS ANGELES",-118.41033935546875,34.269367218017578
8758135,2018,2019-01-25,1942,2018-12-08,2030,38956,1039,6,5,7,1942,0,0,0,J,0,10A39,"DENSMORE AV","VANOWEN ST",0.00,,Y,A,-,N,,,,,,,,,,N,4,0,1,2,A,-,08,22107,,F,G,B,B,A,H,-,D,D,0,Y,,,,Y,,-,99,0,0,1,0,1,0,0,0,0,"- ","- ",,,"LOS ANGELES","LOS ANGELES",-118.47723388671875,34.193920135498047
8758147,2018,2019-01-25,1942,2018-12-05,1905,38947,1063,3,5,7,1942,0,0,0,J,0,10A83,"VENTURA BL","AVENIDA ORIENTE AV",192.00,W,N,C,-,N,,,,,,,,,,N,3,0,1,2,A,-,11,21954,A,F,G,B,D,B,H,-,C,D,0,Y,,,,Y,,N,60,0,1,0,0,1,0,0,0,0,"- ","- ",,,"LOS ANGELES","LOS ANGELES",-118.53224945068359,34.167243957519531
8758308,2018,2019-01-22,1942,2018-11-25,1600,42005,1293,7,5,7,1942,0,0,0,L,0,12X42,"WESTERN AV","92ND ST",0.00,,Y,A,-,N,,,,,,,,,,N,4,0,1,2,A,-,10,21950,A,F,A,B,B,A,H,-,A,A,0,Y,,,,Y,,-,99,0,0,1,0,1,0,0,0,0,"- ","- ",,,"LOS ANGELES","LOS ANGELES",-118.30901,33.952710000000003
8758426,2018,2019-01-19,1900,2018-11-13,0825,430275,1511,2,5,5,1954,0,0,0,,0,151T1,"SAN GABRIEL RIVER PKWY","WOODFORD ST",30.00,N,N,A,-,N,,,,,,,,,,N,4,0,1,2,A,-,11,21954,A,M,A,B,D,A,H,-,A,D,0,Y,,,,Y,,N,60,0,0,1,0,1,0,0,0,0,"- ","- ",34.01300048828125,-118.06719970703125,"LOS ANGELES","PICO RIVERA",-118.067138671875,34.012958526611328
8758442,2018,2019-01-19,1928,2018-11-06,0808,376,519,2,5,5,1928,0,0,0,,0,503,"139TH ST","KORNBLUM AV",3.00,E,N,A,-,N,,,,,,,,,,N,4,0,1,2,A,-,10,21950,A,N,G,B,B,A,H,-,A,A,0,Y,,,,Y,,A,01,0,0,1,0,1,0,0,0,0,"- ","- ",33.905521392822266,-118.33753967285156,"LOS ANGELES",HAWTHORNE,-118.33735656738281,33.905559539794922
8758552,2018,2019-01-19,1942,2018-11-16,1845,37511,0789,5,5,7,1942,0,0,0,G,0,7A69,"ARLINGTON AV","21ST ST",20.00,S,N,A,-,N,,,,,,,,,,N,4,0,1,2,A,-,11,21954,A,N,G,B,D,A,H,-,C,D,0,Y,,,,Y,,N,60,0,0,1,0,1,0,0,0,0,"- ","- ",,,"LOS ANGELES","LOS ANGELES",-118.31770899999999,34.037944000000003
8758779,2018,2019-01-10,1962,2018-11-16,1823,146,1962,5,5,4,1962,0,0,0,,0,003,"NORWOOD PL","MARSHALL WY",95.00,W,N,A,-,N,,,,,,,,,,N,3,0,1,2,A,-,10,21954,,N,G,B,D,A,H,-,C,D,0,Y,,,,Y,,N,60,0,1,0,0,1,0,0,0,0,"- ","- ",34.076000213623047,-118.10500335693359,"LOS ANGELES","SAN GABRIEL",-118.10554504394531,34.076435089111328
8758825,2018,2018-12-21,1942,2018-11-09,1532,43072,0855,5,5,7,1942,0,0,0,H,0,8A35,MASSACHUSETTS,CAMEDEN,5.00,W,N,A,-,N,,,,,,,,,,N,4,0,1,2,A,-,10,21950,A,N,A,B,B,A,H,-,A,D,0,Y,,,,Y,,A,01,0,0,1,0,1,0,0,0,0,"- ","- ",,,"LOS ANGELES","LOS ANGELES",-118.44392395019531,34.050132751464844
8758827,2018,2018-12-19,1946,2018-10-26,2244,P44,PASAD,5,5,4,1946,0,0,0,,0,001,MYRTLE,FOOTHILL,0.00,S,N,A,-,N,,,,,,,,,,N,2,0,1,2,A,-,10,21950,A,N,D,B,C,A,H,-,C,-,0,Y,,,,Y,Y,A,01,1,0,0,0,1,0,0,0,0,"- ","- ",,,"LOS ANGELES",MONROVIA,-118.00105285644531,34.151351928710938
8758828,2018,2018-12-18,1933,2018-03-12,0822,925,01,1,5,6,1933,0,0,0,,0,002,"ARBOR VITAE ST","PRAIRIE AV",40.00,W,N,A,-,N,,,,,,,,,,N,4,0,1,2,A,-,03,22350,,F,G,B,F,A,H,-,A,A,0,Y,,,,Y,Y,A,01,0,0,1,0,1,0,0,0,0,"- ","- ",33.952728271484375,-118.34390258789062,"LOS ANGELES",INGLEWOOD,-118.34407806396484,33.952720642089844
8758843,2018,2018-12-19,1942,2018-10-12,2355,39342,1488,5,5,7,1942,0,0,0,N,0,14A67,"AIRPORT BL","98TH ST",0.00,,Y,C,-,N,,,,,,,,,,N,4,0,1,2,A,-,10,21950,A,F,G,B,B,B,H,-,C,A,0,Y,,,,Y,,-,99,0,0,1,0,1,0,0,0,0,"- ","- ",,,"LOS ANGELES","LOS ANGELES",-118.385986328125,33.947341918945312
8758851,2018,2018-12-19,1942,2018-10-13,2211,42548,1413,6,5,7,1942,0,0,0,N,0,14A13,"ELECTRIC AV","CALIFORNIA AV",10.00,S,N,A,-,N,,,,,,,,,,N,4,0,1,2,A,-,10,21950,,F,-,B,B,A,H,-,C,D,0,Y,,,,Y,,-,99,0,0,1,0,1,0,0,0,0,"- ","- ",,,"LOS ANGELES","LOS ANGELES",-118.46573638916016,33.991081237792969
8758880,2018,2018-12-18,1942,2018-02-15,0630,43185,0525,4,5,7,1942,0,0,0,E,0,5A15,"PACIFIC COAST HWY","BLINN AV",0.00,,Y,A,-,N,,,,,,,,,,N,2,0,1,2,A,-,09,21801,A,F,G,B,B,A,H,-,A,A,0,Y,,,,Y,,-,99,1,0,0,0,1,0,0,0,0,"- ","- ",,,"LOS ANGELES","LOS ANGELES",-118.24542236328125,33.791069030761719
8758892,2018,2018-12-21,1942,2018-11-04,1510,43251,1412,7,5,7,1942,0,0,0,N,0,14A11,"SPEED WY","ROSE AV",0.00,,Y,A,-,N,,,,,,,,,,N,4,0,1,2,A,-,11,21954,A,F,G,-,E,A,H,-,A,A,0,Y,,,,Y,,N,60,0,0,1,0,1,0,0,0,0,"- ","- ",,,"LOS ANGELES","LOS ANGELES",-118.48011016845703,33.994888305664062
8758896,2018,2018-12-21,1942,2018-11-19,1830,35330,1435,1,5,7,1942,0,0,0,N,0,14A26,"CHARNOCK RD","FEDERAL AV",20.00,E,N,A,-,N,,,,,,,,,,N,2,0,1,2,A,-,03,22350,,F,G,B,B,A,H,-,C,A,0,Y,,,,Y,,-,99,1,0,0,0,1,0,0,0,0,"- ","- ",,,"LOS ANGELES","LOS ANGELES",-118.42833709716797,34.012058258056641
8759080,2018,2018-12-21,1942,2018-11-19,1935,39655,0893,1,5,7,1942,0,0,0,H,0,8A35,"EXPOSITION BL","SEPULVEDA BL",14.00,W,N,A,-,N,,,,,,,,,,N,2,0,1,2,A,-,10,21950,A,N,G,B,B,A,H,-,C,A,0,Y,,,Y,Y,,F,26,1,0,0,0,1,0,0,0,0,"- ","- ",,,"LOS ANGELES","LOS ANGELES",-118.43419647216797,34.035175323486328
8759468,2018,2019-01-23,1900,2018-11-30,0740,506197,0455,5,5,6,1949,0,0,0,,0,43T1,"ALONDRA BL","ELMCROFT AV",0.00,,Y,A,-,N,,,,,,,,,,N,4,0,1,2,A,-,10,21950,A,N,G,B,B,A,H,-,A,A,0,Y,,,,Y,,A,01,0,0,1,0,0,0,0,0,0,"- ","- ",,,"LOS ANGELES",NORWALK,-118.09558868408203,33.887611389160156
8759610,2018,2019-01-30,1941,2018-12-02,1730,10008,,7,5,7,1941,0,0,0,,0,,"PACIFIC AV","GUNTHER WY",0.00,,Y,A,-,N,,,,,,,,,,Y,3,0,2,2,A,-,11,21954,A,N,G,B,D,A,H,-,C,A,0,Y,,Y,,Y,,N,,0,2,0,0,1,0,0,0,1,"- ","- ",,,"LOS ANGELES","LONG BEACH",-118.19367218017578,33.799339294433594
8759637,2018,2019-01-28,1956,2018-12-07,1234,1347,45,5,5,5,1956,0,0,0,,0,002,"N LUCIA AV","EMERALD ST",304.00,N,N,A,-,N,,,,,,,,,,N,3,0,1,2,A,-,11,21954,A,N,G,B,D,A,H,-,A,D,0,Y,,,,Y,,N,60,0,1,0,0,1,0,0,0,0,"- ","- ",,,"LOS ANGELES","REDONDO BEACH",-118.37812042236328,33.843315124511719
8759645,2018,2019-01-28,1956,2018-12-07,1531,1347,45,5,5,5,1956,0,0,0,,0,003,"ARTESIA BL","AVIATION BL",0.00,,Y,A,-,N,,,,,,,,,,N,3,0,1,2,A,-,11,21950,B,N,G,B,B,A,H,-,A,A,0,Y,,,,Y,,N,60,0,1,0,0,0,0,0,0,0,"- ","- ",,,"LOS ANGELES","REDONDO BEACH",-118.38160705566406,33.872779846191406
8759772,2018,2019-02-14,1942,2018-12-09,1930,42451,0702,7,5,7,1942,0,0,0,G,0,7A1,"MELROSE AV","GENESEE AV",88.00,E,N,-,-,N,,,,,,,,,,Y,4,0,5,6,A,-,08,22107,,N,-,-,F,-,-,-,-,-,0,Y,,,Y,Y,,-,"- ",0,0,5,0,2,0,0,0,0,"- ","- ",,,"LOS ANGELES","LOS ANGELES",-118.35813903808594,34.083755493164062
8759803,2018,2019-01-07,1942,2018-11-30,0615,36553,1406,5,5,7,1942,0,0,0,N,0,14A27,"VENICE BL","KEYSTONE AV",27.00,W,N,A,-,N,,,,,,,,,,N,3,0,1,2,A,-,21,22106,,N,G,B,E,A,H,-,B,D,0,Y,,,Y,Y,,F,26,0,1,0,0,1,0,0,0,0,"- ","- ",,,"LOS ANGELES","LOS ANGELES",-118.40621185302734,34.019229888916016
8759918,2018,2019-02-14,1902,2018-12-05,1843,787,20,3,5,5,1902,0,0,0,,0,004,"W HUNTINGTON DR","LA CADENA AV",39.00,E,N,C,-,N,,,,,,,,,,N,2,0,1,2,A,-,11,21954,A,N,G,B,D,B,H,-,C,A,0,Y,,,,Y,Y,N,60,1,0,0,0,1,0,0,0,0,"- ","- ",,,"LOS ANGELES",ARCADIA,-118.04943084716797,34.131546020507812
8759972,2018,2018-12-27,1953,2018-11-07,0800,0551,710,3,5,6,1953,0,0,0,,0,001,"LAKE AV","DEL MAR BL",0.00,,Y,A,-,N,,,,,,,,,,N,3,0,1,2,A,-,03,22350,,F,G,B,B,A,H,-,A,A,0,Y,,,,Y,,A,01,0,1,0,0,1,0,0,0,0,"- ","- ",,,"LOS ANGELES",PASADENA,-118.13236236572266,34.140689849853516
8759981,2018,2019-01-25,1902,2018-12-08,1810,787,12,6,5,5,1902,0,0,0,,0,003,"W SANTA CLARA ST","N SANTA ANITA AV",6.00,W,N,A,-,N,,,,,,,,,,N,4,0,1,2,A,-,12,21453,A,N,G,B,B,A,H,-,C,A,0,Y,,,,Y,,A,01,0,0,1,0,1,0,0,0,0,"- ","- ",,,"LOS ANGELES",ARCADIA,-118.03157043457031,34.142215728759766
8760144,2018,2019-01-11,1941,2018-11-22,0046,10318,901T,4,5,7,1941,0,0,0,,0,,"EAST 7TH ST","LINDEN AV",60.00,W,N,C,-,N,,,,,,,,,,N,4,0,1,2,A,-,11,21461,5,N,A,B,D,B,H,-,C,A,0,Y,,,,Y,,-,,0,0,1,0,1,0,0,0,0,"- ","- ",,,"LOS ANGELES","LONG BEACH",-118.18655395507812,33.775341033935547
8760204,2018,2019-01-07,1910,2018-12-02,0821,1755,,7,5,4,1910,0,0,0,,0,006,"NORTH SANTA MONICA BL","N DOHENY DR",0.00,,Y,A,-,N,,,,,,,,,,N,3,0,1,2,A,-,09,21453,C,N,G,B,B,A,H,-,A,A,0,Y,,,,Y,,A,01,0,1,0,0,1,0,0,0,0,"- ","- ",,,"LOS ANGELES","BEVERLY HILLS",-118.38976287841797,34.081150054931641
8760420,2018,2018-12-27,1942,2018-10-25,0630,36911,1846,4,5,7,1942,0,0,0,R,0,18A35,"E IMPERIAL HWY","COMPTON AV",160.00,W,N,B,-,N,,,,,,,,,,N,2,0,1,2,A,-,11,21956,A,F,-,B,E,A,H,-,C,D,0,Y,,,,Y,,N,60,1,0,0,0,1,0,0,0,0,"- ","- ",,,"LOS ANGELES","LOS ANGELES",-118.24680328369141,33.929489135742188
8760562,2018,2019-01-29,1942,2018-12-11,0720,38326,1621,2,5,7,1942,0,0,0,P,0,16A11,"LAUREL CANYON BL","MERCER ST",9.00,N,N,A,-,N,,,,,,,,,,N,2,0,1,2,A,-,10,21954,B,F,G,B,B,A,H,-,A,A,0,Y,,,,Y,,-,99,1,0,0,0,1,0,0,0,0,"- ","- ",,,"LOS ANGELES","LOS ANGELES",-118.43373107910156,34.260318756103516
8760570,2018,2019-01-29,1942,2018-12-05,1940,43569,1611,3,5,7,1942,0,0,0,P,0,16A11,"EUSTACE ST","GLENOAKS BL",10.00,E,N,C,-,N,,,,,,,,,,N,4,0,1,2,A,-,10,21950,A,F,G,B,D,B,F,-,C,D,0,Y,,,,Y,,-,99,0,0,1,0,1,0,0,0,0,"- ","- ",,,"LOS ANGELES","LOS ANGELES",-118.41952514648438,34.281139373779297
8760574,2018,2019-01-29,1906,2018-12-07,1514,4415,BPPD,5,5,5,1906,0,0,0,,0,001,"FRANCISQUITO AV","BALDWIN PARK BL",0.00,,Y,A,-,N,,,,,,,,,,N,4,0,1,2,D,-,00,,,F,G,B,D,A,H,-,A,A,0,Y,,,,Y,,-,"- ",0,0,1,0,1,0,0,0,0,"- ","- ",,,"LOS ANGELES","BALDWIN PARK",-117.97791290283203,34.07135009765625
8760578,2018,2019-01-29,1906,2018-12-07,2206,4430,,5,5,5,1906,0,0,0,,0,002,"SANDSTONE ST","CUTLER AV",85.00,E,N,A,-,N,,,,,,,,,,N,2,0,1,4,A,-,21,22106,,N,G,B,E,A,H,-,C,D,0,Y,,,,Y,,A,01,1,0,0,0,1,0,0,0,0,"- ","- ",,,"LOS ANGELES","BALDWIN PARK",-117.96987152099609,34.103450775146484
8760618,2018,2019-01-28,1941,2018-12-08,1900,10025,,6,5,7,1941,0,0,0,,0,,"ALAMITOS AV","2ND ST",72.00,N,N,A,-,N,,,,,,,,,,N,2,0,1,3,A,-,05,21650,1,N,B,G,F,A,H,-,C,A,0,Y,Y,,,Y,,L,,1,0,0,0,0,0,1,0,0,"- ","- ",,,"LOS ANGELES","LONG BEACH",-118.18218994140625,33.768791198730469
8760622,2018,2019-01-29,1941,2018-12-09,1855,11003,,7,5,7,1941,0,0,0,,0,,"WILLOW ST","BELMONT AV",46.00,W,N,A,-,N,,,,,,,,,,N,2,0,1,2,A,-,11,21950,B,N,H,B,D,A,H,-,C,D,0,Y,,,,Y,,N,,1,0,0,0,1,0,0,0,0,"- ","- ",,,"LOS ANGELES","LONG BEACH",-118.14458465576172,33.803421020507812
8760641,2018,2018-12-28,1942,2018-11-21,1230,39013,0147,3,5,7,1942,0,0,0,A,0,1A35,"SAN JULIAN ST","5TH ST",15.00,S,N,A,-,N,,,,,,,,,,N,4,0,1,2,A,-,08,22107,,M,G,B,F,A,H,-,A,D,0,Y,,,,Y,,-,99,0,0,1,0,1,0,0,0,0,"- ","- ",,,"LOS ANGELES","LOS ANGELES",-118.24498748779297,34.044563293457031
8760652,2018,2019-01-29,1941,2018-12-07,1723,10850,,5,5,7,1941,0,0,0,,0,,"ARTESIA BL","GAVIOTA AV",80.00,E,N,A,-,N,,,,,,,,,,N,3,0,1,2,A,-,11,21955,,N,G,B,D,A,H,-,C,D,0,Y,,,,Y,,N,,0,1,0,0,1,0,0,0,0,"- ","- ",,,"LOS ANGELES","LONG BEACH",-118.17170715332031,33.874710083007812
8760697,2018,2018-12-28,1942,2018-11-11,1440,41461,0139,7,5,7,1942,0,0,0,A,0,1A1W2,"1ST ST","ALAMEDA ST",0.00,,Y,A,-,N,,,,,,,,,,N,3,0,1,2,A,-,10,21950,A,N,G,B,B,A,H,-,A,A,0,Y,,,,Y,,A,01,0,1,0,0,1,0,0,0,0,"- ","- ",,,"LOS ANGELES","LOS ANGELES",-118.23812866210938,34.048988342285156
8760702,2018,2018-12-28,1942,2018-11-29,0800,39397,1842,4,5,7,1942,0,0,0,R,0,18A41,"S SAN PEDRO ST","E 110TH ST",0.00,,Y,C,-,N,,,,,,,,,,N,3,0,1,2,A,-,10,21950,A,N,G,B,B,B,H,-,A,A,0,Y,,,,Y,,A,01,0,1,0,0,1,0,0,0,0,"- ","- ",,,"LOS ANGELES","LOS ANGELES",-118.26954650878906,33.935871124267578
8760709,2018,2018-12-28,1942,2018-11-15,1035,41461,0164,4,5,7,1942,0,0,0,A,0,1A61,"SPRING ST","7TH ST",30.00,S,N,A,-,N,,,,,,,,,,N,4,0,1,2,A,-,11,21954,A,N,G,B,D,A,H,-,A,A,0,Y,,,,Y,,A,01,0,0,1,0,1,0,0,0,0,"- ","- ",,,"LOS ANGELES","LOS ANGELES",-118.25238800048828,34.044475555419922
8760710,2018,2018-12-28,1942,2018-11-30,2330,42069,1838,5,5,7,1942,0,0,0,R,0,18A49,"E 107TH ST","WILMINGTON AV",56.00,N,N,A,-,N,,,,,,,,,,Y,2,0,1,2,A,-,11,21954,A,F,A,B,D,A,H,-,C,A,0,Y,,,,Y,,N,60,1,0,0,0,1,0,0,0,0,"- ","- ",,,"LOS ANGELES","LOS ANGELES",-118.23903656005859,33.938949584960938
8760858,2018,2019-01-18,1900,2018-12-14,0041,546540,2837,5,5,5,1915,0,0,0,,0,281T1,"MANVILLE ST","WILLOWBROOK AV",325.00,W,N,A,-,N,,,,,,,,,,N,2,0,1,2,A,-,11,21954,A,N,A,B,E,A,H,-,C,D,0,Y,,,,Y,,N,60,1,0,0,0,1,0,0,0,0,"- ","- ",,,"LOS ANGELES",COMPTON,-118.22110748291016,33.870407104492188
8760961,2018,2019-02-02,1900,2018-12-13,1705,614017,2814,4,5,5,1915,0,0,0,,0,283T1,"ACACIA AV","ELM ST",24.00,N,N,A,-,N,,,,,,,,,,N,4,0,1,2,D,-,00,,,N,G,B,E,A,H,-,C,D,0,Y,,,,Y,,-,"- ",0,0,1,0,1,0,0,0,0,"- ","- ",,,"LOS ANGELES",COMPTON,-118.22713470458984,33.900653839111328
8760964,2018,2019-01-26,1942,2018-12-15,0750,39097,0529,6,5,7,1942,0,0,0,E,0,5A17,"ANAHEIM ST","BROAD AV",0.00,,Y,A,-,N,,,,,,,,,,N,3,0,1,2,A,-,10,21950,A,N,G,B,B,A,H,-,A,A,0,Y,,,,Y,,-,"- ",0,1,0,0,1,0,0,0,0,"- ","- ",,,"LOS ANGELES","LOS ANGELES",-118.26117706298828,33.780048370361328
8760972,2018,2019-01-26,1942,2018-12-12,2020,42084,517,3,5,7,1942,0,0,0,,0,5A15,"OPP ST","AVALON BL",40.00,E,N,A,-,N,,,,,,,,,,N,3,0,1,2,A,-,11,21956,A,N,G,B,D,A,H,-,C,A,0,Y,,,,Y,Y,N,60,0,1,0,0,1,0,0,0,0,"- ","- ",,,"LOS ANGELES","LOS ANGELES",-118.26268005371094,33.782928466796875
8760973,2018,2019-02-02,1942,2018-12-14,1840,42741,1837,5,5,7,1942,0,0,0,R,0,18X48,"COMPTON AV","115TH ST",30.00,S,N,B,-,N,,,,,,,,,,N,4,0,1,2,A,-,09,21801,A,F,G,B,C,A,H,-,C,D,0,Y,,,,Y,,-,99,0,0,1,0,1,0,0,0,0,"- ","- ",,,"LOS ANGELES","LOS ANGELES",-118.24629974365234,33.930206298828125