CASE_ID,ACCIDENT_YEAR,PROC_DATE,JURIS,COLLISION_DATE,COLLISION_TIME,OFFICER_ID,REPORTING_DISTRICT,DAY_OF_WEEK,CHP_SHIFT,POPULATION,CNTY_CITY_LOC,SPECIAL_COND,BEAT_TYPE,CHP_BEAT_TYPE,CITY_DIVISION_LAPD,CHP_BEAT_CLASS,BEAT_NUMBER,PRIMARY_RD,SECONDARY_RD,DISTANCE,DIRECTION,INTERSECTION,WEATHER_1,WEATHER_2,STATE_HWY_IND,CALTRANS_COUNTY,CALTRANS_DISTRICT,STATE_ROUTE,ROUTE_SUFFIX,POSTMILE_PREFIX,POSTMILE,LOCATION_TYPE,RAMP_INTERSECTION,SIDE_OF_HWY,TOW_AWAY,COLLISION_SEVERITY,NUMBER_KILLED,NUMBER_INJURED,PARTY_COUNT,PRIMARY_COLL_FACTOR,PCF_CODE_OF_VIOL,PCF_VIOL_CATEGORY,PCF_VIOLATION,PCF_VIOL_SUBSECTION,HIT_AND_RUN,TYPE_OF_COLLISION,MVIW,PED_ACTION,ROAD_SURFACE,ROAD_COND_1,ROAD_COND_2,LIGHTING,CONTROL_DEVICE,CHP_ROAD_TYPE,PEDESTRIAN_ACCIDENT,BICYCLE_ACCIDENT,MOTORCYCLE_ACCIDENT,TRUCK_ACCIDENT,NOT_PRIVATE_PROPERTY,ALCOHOL_INVOLVED,STWD_VEHTYPE_AT_FAULT,CHP_VEHTYPE_AT_FAULT,COUNT_SEVERE_INJ,COUNT_VISIBLE_INJ,COUNT_COMPLAINT_PAIN,COUNT_PED_KILLED,COUNT_PED_INJURED,COUNT_BICYCLIST_KILLED,COUNT_BICYCLIST_INJURED,COUNT_MC_KILLED,COUNT_MC_INJURED,PRIMARY_RAMP,SECONDARY_RAMP,LATITUDE,LONGITUDE,COUNTY,CITY,POINT_X,POINT_Y
8772347,2018,2019-01-11,1942,2018-12-16,0600,40008,0216,7,5,7,1942,0,0,0,B,0,2A17,"N ALVARADO ST",SUNSET,5.00,S,N,A,-,N,,,,,,,,,,N,3,0,1,2,A,-,10,21950,A,N,G,B,B,A,H,-,B,A,0,Y,,,,Y,,A,01,0,1,0,0,1,0,0,0,0,"- ","- ",,,"LOS ANGELES","LOS ANGELES",-118.26348876953125,34.077606201171875
8772371,2018,2019-01-12,1942,2018-12-07,1700,42040,0477,5,5,7,1942,0,0,0,D,0,4A71,"EUCLID AV","OREGON ST",0.00,,Y,A,-,N,,,,,,,,,,N,4,0,1,2,A,-,10,21950,A,N,G,B,B,A,H,-,C,A,0,Y,,,,Y,,A,07,0,0,1,0,1,0,0,0,0,"- ","- ",,,"LOS ANGELES","LOS ANGELES",-118.20683288574219,34.031501770019531
8772388,2018,2019-01-11,1942,2018-12-11,1500,35942,2145,2,5,7,1942,0,0,0,,0,21W85,"TOPANGA CANYON BL","KITTRIDGE ST",0.00,,Y,A,-,N,,,,,,,,,,N,4,0,1,2,A,-,10,21950,A,N,G,B,B,A,H,-,A,A,0,Y,,,,Y,,A,08,0,0,1,0,1,0,0,0,0,"- ","- ",,,"LOS ANGELES","LOS ANGELES",-118.60590362548828,34.191131591796875
8772395,2018,2019-01-12,1942,2018-12-07,0930,37554,0411,5,5,7,1942,0,0,0,D,0,4A3,BROADWAY,"AVENUE 20",0.00,,Y,A,-,N,,,,,,,,,,N,3,0,1,2,A,-,08,22100,B,N,G,B,B,A,H,-,A,A,0,Y,,,,Y,,A,01,0,1,0,0,1,0,0,0,0,"- ","- ",,,"LOS ANGELES","LOS ANGELES",-118.22015380859375,34.072639465332031
8772406,2018,2019-02-02,1942,2018-12-14,0951,27260,0933,5,5,7,1942,0,0,0,I,0,9A41,"CALVERT ST","VAN NUYS BL",0.00,,Y,A,-,N,,,,,,,,,,N,4,0,1,2,A,-,10,21950,A,N,-,B,B,-,H,-,A,A,0,Y,,,,Y,,A,01,0,0,1,0,1,0,0,0,0,"- ","- ",,,"LOS ANGELES","LOS ANGELES",-118.44873046875,34.181640625
8772413,2018,2019-01-26,1942,2018-12-02,0745,40065,2157,7,5,7,1942,0,0,0,,0,21A57,"KITTRIDGE ST","VARIEL AV",9.00,E,N,A,-,N,,,,,,,,,,N,4,0,1,2,A,-,10,21950,A,N,G,B,B,A,H,-,A,A,0,Y,,,,Y,,A,01,0,0,1,0,1,0,0,0,0,"- ","- ",,,"LOS ANGELES","LOS ANGELES",-118.59275054931641,34.191188812255859
8772440,2018,2019-01-11,1942,2018-12-04,2030,43584,1041,2,5,7,1942,0,0,0,J,0,10A83,"YOLANDA AV","HATTERAS ST",0.00,,Y,A,-,N,,,,,,,,,,N,4,0,1,2,A,-,10,21950,A,N,G,B,B,A,H,-,C,A,0,Y,,,,Y,,A,01,0,0,1,0,1,0,0,0,0,"- ","- ",,,"LOS ANGELES","LOS ANGELES",-118.54074859619141,34.177139282226562
8772453,2018,2019-01-26,1942,2018-12-01,0830,39473,0941,6,5,7,1942,0,0,0,I,0,9A41,"KESTER AV","OXNARD ST",0.00,,Y,A,-,N,,,,,,,,,,N,3,0,1,2,A,-,10,21950,A,N,G,B,B,A,H,-,A,A,0,Y,,,,Y,,A,01,0,1,0,0,1,0,0,0,0,"- ","- ",,,"LOS ANGELES","LOS ANGELES",-118.45744323730469,34.179389953613281
8772574,2018,2019-01-18,1942,2018-12-05,1900,43423,0518,3,5,7,1942,0,0,0,E,0,5A18,"AVALON BL","R ST",30.00,E,N,C,-,N,,,,,,,,,,N,3,0,1,2,A,-,03,22350,,N,G,B,B,B,H,-,C,A,0,Y,,,,Y,,A,01,0,1,0,0,1,0,0,0,0,"- ","- ",,,"LOS ANGELES","LOS ANGELES",-118.26380920410156,33.797409057617188
8772586,2018,2019-01-18,1942,2018-12-30,1655,40602,0526,7,5,7,1942,0,0,0,E,0,5XL6,"FRIES AV","G ST",5.00,S,N,A,-,N,,,,,,,,,,N,4,0,1,2,A,-,10,21950,,F,G,B,D,A,H,-,B,D,0,Y,,,,Y,,-,99,0,0,1,0,1,0,0,0,0,"- ","- ",,,"LOS ANGELES","LOS ANGELES",-118.26496887207031,33.778377532958984
8772640,2018,2019-01-16,1942,2018-11-13,2000,42491,2126,2,5,7,1942,0,0,0,,0,21A43,"CANOGA AV","SCHOENBORN ST",30.00,N,N,A,-,N,,,,,,,,,,N,3,0,1,2,A,-,11,21955,,N,G,B,D,A,H,-,C,D,0,Y,,,,Y,,N,60,0,1,0,0,1,0,0,0,0,"- ","- ",,,"LOS ANGELES","LOS ANGELES",-118.59751892089844,34.221000671386719
8772728,2018,2019-01-16,1900,2018-12-09,0958,525044,2114,7,5,5,1943,0,0,0,,0,212A,"MARTIN LUTHER KING JR BL","BULLIS RD",0.00,,Y,A,-,N,,,,,,,,,,N,3,0,1,2,A,-,10,21950,A,N,G,B,B,A,H,-,A,A,0,Y,,,,Y,,A,01,0,1,0,0,1,0,0,0,0,"- ","- ",,,"LOS ANGELES",LYNWOOD,-118.19918060302734,33.928050994873047
8772915,2018,2019-01-03,1942,2018-11-28,1950,40832,1245,3,5,7,1942,0,0,0,L,0,12X8,"FLORENCE AV","VERMONT AV",50.00,E,N,A,-,N,,,,,,,,,,N,4,0,1,2,A,-,11,21956,A,F,G,B,D,A,H,-,C,D,0,Y,,,,Y,,N,60,0,0,1,0,1,0,0,0,0,"- ","- ",,,"LOS ANGELES","LOS ANGELES",-118.29157257080078,33.974628448486328
8772927,2018,2019-01-16,1942,2018-11-28,1915,32427,1211,3,5,7,1942,0,0,0,L,0,12A31,"9TH AV","W 54TH ST",25.00,E,N,A,-,N,,,,,,,,,,N,4,0,1,2,A,-,10,21950,A,F,G,B,D,A,H,-,C,D,0,Y,,,,Y,,-,99,0,0,1,0,1,0,0,0,0,"- ","- ",,,"LOS ANGELES","LOS ANGELES",-118.32692400000001,33.99315
8772961,2018,2019-01-12,1941,2018-12-16,1453,11274,,7,5,7,1941,0,0,0,,0,,"OBISPO AV","ANAHEIM ST",303.00,S,N,A,-,N,,,,,,,,,,N,4,0,1,2,A,-,11,21956,A,N,A,B,D,A,H,-,A,D,0,Y,,,,Y,,N,,0,0,1,0,1,0,0,0,0,"- ","- ",,,"LOS ANGELES","LONG BEACH",-118.15460205078125,33.781768798828125
8773037,2018,2019-01-12,1942,2018-12-18,1700,41129,0357,2,5,7,1942,0,0,0,C,0,3A57,"NORMANDIE AV","35TH PL",50.00,N,N,A,-,N,,,,,,,,,,N,4,0,1,2,A,-,11,21954,A,F,G,B,D,A,H,-,A,A,0,Y,,,,Y,,N,60,0,0,1,0,1,0,0,0,0,"- ","- ",,,"LOS ANGELES","LOS ANGELES",-118.30023193359375,34.023845672607422
8773076,2018,2019-01-11,1942,2018-12-16,2025,35393,0506,7,5,7,1942,0,0,0,E,0,5A1,"W CARSON ST","S NORMANDIE AV",0.00,,Y,A,-,N,,,,,,,,,,N,2,0,1,2,A,-,10,21950,A,N,G,B,B,A,H,-,C,A,0,Y,,,,Y,,D,22,1,0,0,0,1,0,0,0,0,"- ","- ",,,"LOS ANGELES","LOS ANGELES",-118.29958343505859,33.831550598144531
8773228,2018,2019-01-08,1900,2018-11-16,1740,622130,1614,5,5,5,1977,0,0,0,,0,166T1,"AVALON BL","ELSMERE DR",0.00,,Y,A,-,N,,,,,,,,,,N,4,0,1,2,A,-,10,21950,A,N,G,B,C,A,H,-,C,A,0,Y,,,,Y,,A,01,0,0,1,0,1,0,0,0,0,"- ","- ",33.853298187255859,-118.2655029296875,"LOS ANGELES",CARSON,-118.26563262939453,33.853271484375
8773315,2018,2019-01-09,1942,2018-12-17,0830,39217,0941,1,5,7,1942,0,0,0,I,0,9A41,"KESTER AV","OXNARD ST",0.00,,Y,A,-,N,,,,,,,,,,N,2,0,1,2,A,-,10,21950,A,N,G,B,B,A,H,-,A,A,0,Y,,,,Y,,A,01,1,0,0,0,1,0,0,0,0,"- ","- ",,,"LOS ANGELES","LOS ANGELES",-118.45744323730469,34.179389953613281
8773334,2018,2019-01-24,1902,2018-12-21,1814,788,2,5,5,5,1902,0,0,0,,0,001,"E YORKSHIRE DR","N SANTA ANITA AV",195.00,E,N,A,-,N,,,,,,,,,,N,4,0,1,2,A,-,"- ",,,N,E,B,F,A,H,-,C,D,0,Y,,,,Y,,-,"- ",0,0,1,0,1,0,0,0,0,"- ","- ",,,"LOS ANGELES",ARCADIA,-118.03122711181641,34.158802032470703
8773339,2018,2019-01-08,1907,2018-12-06,1735,211,2,4,5,4,1907,0,0,0,,0,,"WALKER AV","FLORENCE AV",15.00,N,N,A,-,N,,,,,,,,,,N,2,0,1,2,A,-,10,21950,A,N,G,B,B,A,H,-,C,A,0,Y,,,,Y,,A,07,1,0,0,0,1,0,0,0,0,"- ","- ",33.968818664550781,-118.1739501953125,"LOS ANGELES",BELL,-118.17398071289062,33.968860626220703
8773341,2018,2019-01-07,1900,2018-12-22,1200,526292,0562,6,5,3,1968,0,0,0,,0,55T1AM,"TYLER AV","THIENES AV",203.00,N,N,A,-,N,,,,,,,,,,N,4,0,1,2,A,-,10,21952,,N,G,B,F,A,H,-,A,D,0,Y,,,,Y,,A,01,0,0,1,0,1,0,0,0,0,"- ","- ",34.049381256103516,-118.03948974609375,"LOS ANGELES","SOUTH EL MONTE",-118.03950500488281,34.049507141113281
8773343,2018,2019-01-08,1907,2018-12-11,0750,211,1,2,5,4,1907,0,0,0,,0,,"FLORENCE AV","ATLANTIC AV",100.00,W,N,A,-,N,,,,,,,,,,N,3,0,1,2,A,-,10,21952,,N,G,B,E,A,H,-,A,D,0,Y,,,,Y,,A,01,0,1,0,0,1,0,0,0,0,"- ","- ",33.970321655273438,-118.18814849853516,"LOS ANGELES",BELL,-118.18852233886719,33.970348358154297
8773762,2018,2019-01-22,1900,2018-11-08,1640,528118,0813,4,5,4,1960,0,0,0,,0,81T2,"FOOTHILL BL","WALNUT AV",0.00,,Y,A,-,N,,,,,,,,,,N,2,0,1,2,A,-,11,21954,A,N,G,B,D,A,H,-,A,D,0,Y,,,,Y,,N,60,1,0,0,0,1,0,0,0,0,"- ","- ",34.124000549316406,-117.80269622802734,"LOS ANGELES","SAN DIMAS",-117.80284118652344,34.124099731445312
8773768,2018,2019-01-30,1922,2018-12-13,1805,650,,4,5,6,1922,0,0,0,,0,002,"RAMONA BL","COGSWELL RD",50.00,W,N,A,-,N,,,,,,,,,,N,2,0,1,2,A,-,11,21954,A,N,G,B,D,A,H,-,C,A,0,Y,,,,Y,,N,60,1,0,0,0,1,0,0,0,0,"- ","- ",,,"LOS ANGELES","EL MONTE",-118.01285552978516,34.075279235839844
8773788,2018,2019-01-30,1922,2018-12-14,1447,679,2,5,5,6,1922,0,0,0,,0,,"EMERY ST","MAXSON RD",250.00,W,N,B,-,N,,,,,,,,,,N,3,0,1,2,A,-,09,21804,A,N,D,B,D,A,H,-,A,D,0,Y,,,,Y,,A,08,0,1,0,0,1,0,0,0,0,"- ","- ",34.084358215332031,-118.00475311279297,"LOS ANGELES","EL MONTE",-118.00489044189453,34.083385467529297
8773803,2018,2019-01-18,1900,2018-11-03,2010,528118,0819,6,5,4,1960,0,0,0,,0,81T2,"VIA VERDE","RT 57",105.00,W,N,A,-,N,,,,,,,,,,N,4,0,1,2,A,-,06,21750,A,N,G,B,E,A,B,H,C,A,0,Y,,,,Y,,A,07,0,0,1,0,1,0,0,0,0,"- ",SF,34.077499389648438,-117.81610107421875,"LOS ANGELES","SAN DIMAS",-117.81450653076172,34.077854156494141
8773836,2018,2019-01-30,1942,2018-12-22,0930,40615,2069,6,5,7,1942,0,0,0,,0,20A53,"WESTMORELAND AV","PICO BL",500.00,S,N,A,-,N,,,,,,,,,,N,4,0,1,2,A,-,11,21954,A,F,A,B,D,A,H,-,A,D,0,Y,,,,Y,,N,60,0,0,1,0,1,0,0,0,0,"- ","- ",,,"LOS ANGELES","LOS ANGELES",-118.28923797607422,34.045913696289062
8773847,2018,2019-02-14,1942,2018-11-09,1710,38218,1149,5,5,7,1942,0,0,0,K,0,4A71,"AVE 57","MEDIA DR",100.00,N,N,A,-,N,,,,,,,,,,N,4,0,1,2,A,-,11,21954,A,M,G,B,E,A,H,-,C,D,0,Y,,,,Y,,-,99,0,0,1,0,1,0,0,0,0,"- ","- ",,,"LOS ANGELES","LOS ANGELES",-118.19232177734375,34.107624053955078
8773918,2018,2019-01-23,1942,2018-11-26,1310,43410,1137,1,5,7,1942,0,0,0,K,0,11A25,"AVENUE 52","MARMOIN WY",2.00,S,N,A,-,N,,,,,,,,,,N,4,0,1,2,A,-,08,22107,,F,H,B,B,A,H,-,A,A,0,Y,,,,Y,,-,99,0,0,1,0,1,0,0,0,0,"- ","- ",,,"LOS ANGELES","LOS ANGELES",-118.2003173828125,34.107425689697266
8773941,2018,2019-01-30,1975,2018-12-31,1440,447,,1,5,6,1975,0,0,0,,0,003,"VINCENT AV","WEST COVINA PKWY",151.00,N,N,B,-,N,,,,,,,,,,N,3,0,1,2,A,-,11,21954,A,N,A,B,E,A,H,-,A,A,0,Y,,,,Y,,N,60,0,1,0,0,1,0,0,0,0,"- ","- ",,,"LOS ANGELES","WEST COVINA",-117.92705535888672,34.068191528320312
8774322,2018,2019-01-18,1941,2018-12-01,1544,11249,,6,5,7,1941,0,0,0,,0,,"STUDEBAKER RD","ATHERTON ST",27.00,S,N,A,-,N,,,,,,,,,,N,3,0,1,2,A,-,08,22107,,N,G,B,B,A,H,-,A,A,0,Y,,,,Y,,A,,0,1,0,0,1,0,0,0,0,"- ","- ",,,"LOS ANGELES","LONG BEACH",-118.09953308105469,33.788444519042969
8774326,2018,2019-01-18,1941,2018-12-13,0921,11270,,4,5,7,1941,0,0,0,,0,,"ORANGE AV","59TH ST",0.00,,Y,A,-,N,,,,,,,,,,N,3,0,1,2,A,-,10,21950,A,N,D,B,B,A,H,-,A,D,0,Y,,,,Y,,A,,0,1,0,0,1,0,0,0,0,"- ","- ",,,"LOS ANGELES","LONG BEACH",-118.17730712890625,33.861900329589844
8774330,2018,2019-01-18,1941,2018-12-20,1440,11270,,4,5,7,1941,0,0,0,,0,,"CHERRY AV","68TH ST",311.00,S,N,A,-,N,,,,,,,,,,N,4,0,1,2,A,-,10,21950,A,N,D,B,B,A,H,-,A,A,0,Y,,,,Y,,A,,0,0,1,0,1,0,0,0,0,"- ","- ",,,"LOS ANGELES","LONG BEACH",-118.168803,33.877454
8774334,2018,2019-01-18,1941,2018-12-18,0606,10938,,2,5,7,1941,0,0,0,,0,,"ANAHEIM RD","W LOS ALTOS PLZ",16.00,E,N,A,-,N,,,,,,,,,,N,4,0,1,3,A,-,10,21950,A,N,A,B,B,A,H,-,A,A,0,Y,,,,Y,,A,,0,0,1,0,1,0,0,0,0,"- ","- ",,,"LOS ANGELES","LONG BEACH",-118.131591796875,33.784030914306641
8774338,2018,2019-01-18,1941,2018-12-24,1600,10953,,1,5,7,1941,0,0,0,,0,,"2ND ST","PARK AV",60.00,E,N,A,-,N,,,,,,,,,,N,3,0,1,2,A,-,11,21955,,N,B,B,D,A,H,-,A,A,0,Y,,,,Y,,N,,0,1,0,0,1,0,0,0,0,"- ","- ",,,"LOS ANGELES","LONG BEACH",-118.13784790039062,33.761493682861328
8774342,2018,2019-01-18,1941,2018-12-30,2314,10860,,7,5,7,1941,0,0,0,,0,,"ATLANTIC AV","8TH ST",0.00,,Y,A,-,N,,,,,,,,,,N,4,0,1,2,A,-,10,21950,A,F,H,B,B,A,H,-,C,A,0,Y,,,,Y,Y,A,,0,0,1,0,1,0,0,0,0,"- ","- ",,,"LOS ANGELES","LONG BEACH",-118.18505096435547,33.776580810546875
8774346,2018,2019-01-18,1942,2018-12-20,1500,40235,0721,4,5,7,1942,0,0,0,G,0,7A21,"SHERBOURNE DR","BURTON WY",90.00,N,N,A,-,N,,,,,,,,,,N,4,0,1,3,A,-,03,22350,,N,B,E,E,A,H,-,B,D,0,Y,,,,Y,,A,01,0,0,1,0,1,0,0,0,0,"- ","- ",,,"LOS ANGELES","LOS ANGELES",-118.37956237792969,34.072605133056641
8774374,2018,2019-01-18,1947,2018-12-13,2100,1382,,4,5,5,1947,0,0,0,,0,00D,"MONTEBELLO BL","BEACH ST",0.00,,Y,A,-,N,,,,,,,,,,N,3,0,1,2,A,-,00,20002,,N,G,B,E,A,H,-,B,D,0,Y,,,,Y,,-,99,0,1,0,0,1,0,0,0,0,"- ","- ",,,"LOS ANGELES",MONTEBELLO,-118.11380767822266,33.997989654541016
8774393,2018,2019-01-25,1941,2018-12-31,2240,11120,,1,5,7,1941,0,0,0,,0,,"ATLANTIC AV","1ST ST",0.00,,Y,A,-,N,,,,,,,,,,N,4,0,1,2,D,-,00,,,N,G,B,B,A,H,-,C,A,0,Y,,,,Y,,-,"- ",0,0,1,0,1,0,0,0,0,"- ","- ",,,"LOS ANGELES","LONG BEACH",-118.18505859375,33.768108367919922
8774394,2018,2019-01-18,1942,2018-12-28,1044,39624,0765,5,5,7,1942,0,0,0,G,0,20TL59,"W PICO BL","MULLEN AV",51.00,E,N,A,-,N,,,,,,,,,,N,4,0,1,2,A,-,03,22350,,F,G,B,E,A,H,-,A,A,0,Y,,,,Y,,-,99,0,0,1,0,1,0,0,0,0,"- ","- ",,,"LOS ANGELES","LOS ANGELES",-118.33555603027344,34.048721313476562
8774397,2018,2019-01-25,1941,2018-12-15,0614,11005,,6,5,7,1941,0,0,0,,0,,"ANAHEIM ST","ATLANTIC AV",0.00,,Y,A,-,N,,,,,,,,,,N,4,0,1,2,A,-,10,21950,A,N,G,B,B,A,H,-,B,A,0,Y,,,,Y,,D,,0,0,1,0,1,0,0,0,0,"- ","- ",,,"LOS ANGELES","LONG BEACH",-118.18504333496094,33.782611846923828
8774398,2018,2019-01-18,1942,2018-12-28,1042,39624,0765,5,5,7,1942,0,0,0,G,0,20TL59,"W PICO BL","MULLEN AV",50.00,E,N,A,-,N,,,,,,,,,,N,4,0,1,2,A,-,03,22350,,F,G,B,E,A,H,-,A,A,0,Y,,,,Y,,-,99,0,0,1,0,1,0,0,0,0,"- ","- ",,,"LOS ANGELES","LOS ANGELES",-118.33555603027344,34.048721313476562
8774496,2018,2019-01-16,1953,2018-11-18,1726,1003,1953,7,5,6,1953,0,0,0,,0,001,"S MARENGO AV","BELLEVUE DR",0.00,,Y,A,-,N,,,,,,,,,,N,2,0,1,2,A,-,10,21950,A,N,G,B,B,A,-,-,C,-,0,Y,,,,Y,,-,"- ",1,0,0,0,1,0,0,0,0,"- ","- ",,,"LOS ANGELES",PASADENA,-118.14586639404297,34.138168334960938
8774503,2018,2019-01-26,1953,2018-12-07,0919,9001,1953,5,5,6,1953,0,0,0,,0,005,"LAKE AV","DEL MAR BL",0.00,,Y,A,-,N,,,,,,,,,,N,4,0,1,2,A,-,10,21950,A,N,G,B,B,A,H,-,A,A,0,Y,,,,Y,,A,01,0,0,1,0,1,0,0,0,0,"- ","- ",,,"LOS ANGELES",PASADENA,-118.13236236572266,34.140689849853516
8774507,2018,2019-01-26,1953,2018-12-08,1340,5970,1953,6,5,6,1953,0,0,0,,0,1L51,"HOLLY ST","ARROYO PKWY",40.00,W,N,A,-,N,,,,,,,,,,N,3,0,1,2,A,-,11,21955,,N,G,C,D,A,H,-,A,A,0,Y,,,,Y,,N,60,0,1,0,0,1,0,0,0,0,"- ","- ",,,"LOS ANGELES",PASADENA,-118.14777374267578,34.147636413574219
8774511,2018,2019-01-26,1953,2018-12-08,2040,1940,1953,6,5,6,1953,0,0,0,,0,005,"GREEN ST","MENTOR AV",0.00,,Y,A,-,N,,,,,,,,,,N,3,0,1,2,A,-,10,21950,A,F,G,B,B,A,H,-,C,A,0,Y,,,,Y,,-,,0,1,0,0,1,0,0,0,0,"- ","- ",,,"LOS ANGELES",PASADENA,-118.13085174560547,34.144538879394531
8774761,2018,2019-01-17,1916,2018-10-25,1122,2378,W8C1,4,5,4,1916,0,0,0,,0,WEST,"SAN BERNARDINO RD","RIMSDALE AV",0.00,,Y,A,-,N,,,,,,,,,,N,4,0,1,2,A,-,10,21950,A,N,G,B,B,A,H,-,A,A,0,Y,,,,Y,,D,22,0,0,1,0,1,0,0,0,0,"- ","- ",34.088798522949219,-117.91117858886719,"LOS ANGELES",COVINA,-117.91120147705078,34.088790893554688
8774806,2018,2019-01-12,1948,2018-11-26,1204,374,1948,1,5,5,1948,0,0,0,,0,001,"CORPORATE CENTER DR","DAVIDSON DR",505.00,N,N,A,-,N,,,,,,,,,,N,3,0,1,2,A,-,10,21952,,N,G,B,F,A,H,-,A,D,0,Y,,,,Y,,A,01,0,1,0,0,1,0,0,0,0,"- ","- ",,,"LOS ANGELES","MONTEREY PARK",-118.163330078125,34.050132751464844
8774836,2018,2019-02-02,1900,2018-12-15,1105,612439,0613,6,5,6,1985,0,0,0,,0,61T1,"SOLEDAD CANYON RD","WHITE CANYON RD",491.00,E,N,A,-,N,,,,,,,,,,Y,2,0,1,3,A,-,03,22350,,N,B,B,F,A,H,-,A,D,0,Y,,,,Y,,A,01,1,0,0,0,1,0,0,0,0,"- ","- ",34.415699005126953,-118.47019958496094,"LOS ANGELES","SANTA CLARITA",-118.47054290771484,34.41571044921875
8774837,2018,2019-09-30,1942,2018-09-30,1000,34997,1322,7,5,7,1942,0,0,0,M,0,13A27,"22ND ST","TRINITY ST",50.00,W,N,A,-,N,,,,,,,,,,N,3,0,1,2,A,-,10,21950,,F,G,B,E,A,H,-,A,D,0,Y,,,,Y,,A,01,0,1,0,0,1,0,0,0,0,"- ","- ",,,"LOS ANGELES","LOS ANGELES",-118.26129150390625,34.025848388671875
8774860,2018,2019-02-02,1900,2018-12-16,1720,514681,0617,7,5,6,1985,0,0,0,,0,61T1,"SIERRA HWY","SOLEDAD CANYON RD",780.00,N,N,A,-,N,,,,,,,,,,N,4,0,1,2,A,-,11,21956,A,N,G,B,D,A,H,-,D,D,0,Y,,,,Y,,N,60,0,0,1,0,1,0,0,0,0,"- ","- ",34.382030487060547,-118.5406494140625,"LOS ANGELES","SANTA CLARITA",-118.45659637451172,34.41473388671875
8774869,2018,2019-01-11,1942,2018-11-11,2210,41844,1265,7,5,7,1942,0,0,0,L,0,12A53,"W MANCHESTER AV","HALLDALE AV",40.00,E,N,A,-,N,,,,,,,,,,N,3,0,1,2,A,-,11,21955,,F,G,B,D,A,H,-,C,D,0,Y,,,,Y,,N,60,0,1,0,0,1,0,0,0,0,"- ","- ",,,"LOS ANGELES","LOS ANGELES",-118.30236053466797,33.959999084472656
8774874,2018,2019-02-05,1948,2018-12-03,1740,394,1948,1,5,5,1948,0,0,0,,0,005,"RIGGIN ST","HAMMEL ST",30.00,W,N,A,-,N,,,,,,,,,,N,4,0,1,2,A,-,11,21954,A,N,G,B,D,A,H,-,C,D,0,Y,,,,Y,,N,60,0,0,1,0,1,0,0,0,0,"- ","- ",,,"LOS ANGELES","MONTEREY PARK",-118.12953186035156,34.036712646484375
8774880,2018,2019-02-02,1931,2018-12-26,0907,5258,1931,3,5,5,1931,0,0,0,,0,003,"COTTAGE ST","GAGE AV",0.00,,Y,A,-,N,,,,,,,,,,N,4,0,1,2,A,-,09,21801,A,N,G,B,B,A,H,-,A,A,0,Y,,,,Y,,A,01,0,0,1,0,1,0,0,0,0,"- ","- ",,,"LOS ANGELES","HUNTINGTON PARK",-118.23372650146484,33.981651306152344
8774969,2018,2019-01-10,1910,2018-11-27,1723,02230,,2,5,4,1910,0,0,0,,0,007,"WILSHIRE BL","BEVERLY DR",170.00,E,N,A,-,N,,,,,,,,,,N,3,0,1,2,A,-,11,21954,A,N,G,B,D,A,H,-,C,D,0,Y,,,,Y,,N,60,0,1,0,0,1,0,0,0,0,"- ","- ",,,"LOS ANGELES","BEVERLY HILLS",-118.39862823486328,34.067070007324219
8774972,2018,2019-01-09,1942,2018-10-25,2000,33395,1125,4,5,7,1942,0,0,0,K,0,11A37,"YORK BL","AVE 50",0.00,W,N,A,-,N,,,,,,,,,,N,4,0,1,2,D,-,00,,,N,G,B,E,A,H,-,C,D,0,Y,,,,Y,,-,"- ",0,0,1,0,1,0,0,0,0,"- ","- ",,,"LOS ANGELES","LOS ANGELES",-118.20688629150391,34.121479034423828
8774980,2018,2019-01-09,1942,2018-10-24,1230,37461,1142,3,5,7,1942,0,0,0,K,0,11X74,VERMONT,FRANKLIN,0.00,,Y,A,-,N,,,,,,,,,,N,4,0,1,2,A,-,09,21801,A,N,G,B,B,A,H,-,A,A,0,Y,,,,Y,,A,01,0,0,1,0,1,0,0,0,0,"- ","- ",,,"LOS ANGELES","LOS ANGELES",-118.29178619384766,34.105411529541016
8774981,2018,2019-01-10,1900,2018-11-26,0953,534049,0533,1,5,5,1959,0,0,0,,0,53T1AM,"SAN GABRIEL BL","EMERSON PL",13.00,S,N,A,-,N,,,,,,,,,,N,4,0,1,2,A,-,11,21456,B,N,G,B,B,A,H,-,A,A,0,Y,,,,Y,,N,60,0,0,1,0,1,0,0,0,0,"- ","- ",34.066211700439453,-118.09049224853516,"LOS ANGELES",ROSEMEAD,-118.09056854248047,34.066234588623047
8774989,2018,2019-01-10,1910,2018-11-13,1720,03410,,2,5,4,1910,0,0,0,,0,005,"WILSHIRE BL","CAMDEN DR",0.00,,Y,A,-,N,,,,,,,,,,N,3,0,1,2,A,-,11,21456,C,N,B,B,B,A,H,-,C,A,0,Y,,,,Y,,N,60,0,1,0,0,1,0,0,0,0,"- ","- ",,,"LOS ANGELES","BEVERLY HILLS",-118.40264129638672,34.067070007324219
8775004,2018,2019-01-09,1942,2018-10-12,2100,41669,1183,5,5,7,1942,0,0,0,K,0,11A71,"GLENDALE BL",MONTANA,0.00,,Y,B,C,N,,,,,,,,,,N,3,0,1,2,A,-,10,21950,A,F,G,B,B,B,H,-,C,A,0,Y,,,,Y,,-,99,0,1,0,0,1,0,0,0,0,"- ","- ",,,"LOS ANGELES","LOS ANGELES",-118.26026916503906,34.079841613769531