CASE_ID,ACCIDENT_YEAR,PROC_DATE,JURIS,COLLISION_DATE,COLLISION_TIME,OFFICER_ID,REPORTING_DISTRICT,DAY_OF_WEEK,CHP_SHIFT,POPULATION,CNTY_CITY_LOC,SPECIAL_COND,BEAT_TYPE,CHP_BEAT_TYPE,CITY_DIVISION_LAPD,CHP_BEAT_CLASS,BEAT_NUMBER,PRIMARY_RD,SECONDARY_RD,DISTANCE,DIRECTION,INTERSECTION,WEATHER_1,WEATHER_2,STATE_HWY_IND,CALTRANS_COUNTY,CALTRANS_DISTRICT,STATE_ROUTE,ROUTE_SUFFIX,POSTMILE_PREFIX,POSTMILE,LOCATION_TYPE,RAMP_INTERSECTION,SIDE_OF_HWY,TOW_AWAY,COLLISION_SEVERITY,NUMBER_KILLED,NUMBER_INJURED,PARTY_COUNT,PRIMARY_COLL_FACTOR,PCF_CODE_OF_VIOL,PCF_VIOL_CATEGORY,PCF_VIOLATION,PCF_VIOL_SUBSECTION,HIT_AND_RUN,TYPE_OF_COLLISION,MVIW,PED_ACTION,ROAD_SURFACE,ROAD_COND_1,ROAD_COND_2,LIGHTING,CONTROL_DEVICE,CHP_ROAD_TYPE,PEDESTRIAN_ACCIDENT,BICYCLE_ACCIDENT,MOTORCYCLE_ACCIDENT,TRUCK_ACCIDENT,NOT_PRIVATE_PROPERTY,ALCOHOL_INVOLVED,STWD_VEHTYPE_AT_FAULT,CHP_VEHTYPE_AT_FAULT,COUNT_SEVERE_INJ,COUNT_VISIBLE_INJ,COUNT_COMPLAINT_PAIN,COUNT_PED_KILLED,COUNT_PED_INJURED,COUNT_BICYCLIST_KILLED,COUNT_BICYCLIST_INJURED,COUNT_MC_KILLED,COUNT_MC_INJURED,PRIMARY_RAMP,SECONDARY_RAMP,LATITUDE,LONGITUDE,COUNTY,CITY,POINT_X,POINT_Y
8776254,2018,2019-02-01,1942,2018-12-24,1745,39473,1024,1,5,7,1942,0,0,0,J,0,10A21,"SHERMAN WY","RESEDA BL",150.00,W,N,A,-,N,,,,,,,,,,N,4,0,1,2,D,-,00,,,F,G,B,E,A,H,-,C,D,0,Y,,,,Y,,-,"- ",0,0,1,0,1,0,0,0,0,"- ","- ",,,"LOS ANGELES","LOS ANGELES",-118.53653717041016,34.201179504394531
8776274,2018,2019-02-01,1942,2018-12-22,0625,37724,1822,6,5,7,1942,0,0,0,R,0,18A17,"W CENTURY BL","BROADWAY ST",10.00,W,N,A,-,N,,,,,,,,,,N,4,0,1,2,A,-,10,21950,A,N,G,B,B,A,H,-,A,A,0,Y,,,,Y,,A,01,0,0,1,0,1,0,0,0,0,"- ","- ",,,"LOS ANGELES","LOS ANGELES",-118.27841949462891,33.945549011230469
8776281,2018,2019-01-29,1925,2018-12-28,0910,22104,237,5,5,6,1925,0,0,0,,0,004,"ISABEL ST","WILSON AV",0.00,,Y,A,-,N,,,,,,,,,,Y,3,0,1,2,A,-,10,21950,C,N,G,B,B,A,H,-,A,A,0,Y,,,,Y,,A,,0,1,0,0,1,0,0,0,0,"- ","- ",,,"LOS ANGELES",GLENDALE,-118.24887084960938,34.148151397705078
8776289,2018,2019-01-29,1925,2018-12-22,1213,21601,238,6,5,6,1925,0,0,0,,0,004,"CALIFORNIA AV","ADAMS ST",0.00,,Y,A,-,N,,,,,,,,,,N,4,0,1,3,A,-,10,21950,A,N,D,B,B,A,H,-,A,A,0,Y,,,,Y,,A,01,0,0,1,0,1,0,0,0,0,"- ","- ",,,"LOS ANGELES",GLENDALE,-118.24182891845703,34.149929046630859
8776309,2018,2019-01-29,1942,2018-12-28,1510,40398,1985,5,5,7,1942,0,0,0,,0,19A85,"CHASE ST","TOBIAS AV",0.00,,Y,A,-,N,,,,,,,,,,N,4,0,1,2,A,-,10,21950,A,F,G,B,B,A,H,-,A,A,0,Y,,,,Y,,-,99,0,0,1,0,1,0,0,0,0,"- ","- ",,,"LOS ANGELES","LOS ANGELES",-118.45168304443359,34.224750518798828
8776614,2018,2019-01-22,1942,2018-12-17,1520,40235,0852,1,5,7,1942,0,0,0,H,0,8A53,"SANTA MONICA BL","BARRINGTON AV",188.00,E,N,A,-,N,,,,,,,,,,N,2,0,1,2,A,-,15,21235,A,N,G,B,F,A,H,-,A,D,0,Y,,Y,,Y,,C,03,1,0,0,0,1,0,0,0,0,"- ","- ",,,"LOS ANGELES","LOS ANGELES",-118.45548248291016,34.043979644775391
8776619,2018,2019-01-18,1900,2018-12-19,1012,507732,1012,3,5,3,1995,0,0,0,,0,101T4,"CAVALLERI RD","WEST BEACH LN",0.00,,Y,A,-,N,,,,,,,,,,N,2,0,1,2,A,-,09,21801,A,N,B,B,B,A,H,-,A,D,0,Y,,,,Y,,A,07,1,0,0,0,1,0,0,0,0,"- ","- ",34.023441314697266,-118.80345153808594,"LOS ANGELES",MALIBU,-118.80352020263672,34.023529052734375
8776836,2018,2019-09-30,1942,2018-10-15,1140,43125,1353,1,5,7,1942,0,0,0,M,0,0LA,"43RD PL",WADSWORTH,100.00,E,N,A,-,N,,,,,,,,,,N,4,0,1,2,A,-,11,21954,A,F,B,B,D,A,H,-,A,A,0,Y,,,,Y,,-,99,0,0,1,0,1,0,0,0,0,"- ","- ",,,"LOS ANGELES","LOS ANGELES",-118.25846862792969,34.004814147949219
8776968,2018,2019-01-24,1906,2018-12-28,1819,4410,0,5,5,5,1906,0,0,0,,0,001,"RAMONA BL","MONTEREY AVE",11.00,E,N,A,-,N,,,,,,,,,,N,3,0,1,2,A,-,10,21950,A,N,G,B,B,A,H,-,C,A,0,Y,,,,Y,,A,01,0,1,0,0,1,0,0,0,0,"- ","- ",,,"LOS ANGELES","BALDWIN PARK",-117.97681427001953,34.082576751708984
8777762,2018,2019-01-24,1942,2018-12-23,0010,33452,1317,7,5,7,1942,0,0,0,M,0,13A9,"EAST 15TH ST","HOOPER AV",85.00,W,N,A,-,N,,,,,,,,,,N,3,0,1,2,A,-,05,21650,,F,G,B,F,A,H,-,C,D,0,Y,,,,Y,,-,99,0,1,0,0,1,0,0,0,0,"- ","- ",,,"LOS ANGELES","LOS ANGELES",-118.24442291259766,34.024944305419922
8777766,2018,2019-01-24,1942,2018-12-22,1730,37176,1381,6,5,7,1942,0,0,0,M,0,13XL4,BROADWAY,"58TH ST",50.00,S,N,A,-,N,,,,,,,,,,N,4,0,1,2,A,-,11,21954,A,N,G,B,E,A,H,-,C,A,0,Y,,,,Y,,N,60,0,0,1,0,1,0,0,0,0,"- ","- ",,,"LOS ANGELES","LOS ANGELES",-118.278299,33.989583000000003
8777770,2018,2019-01-24,1942,2018-12-25,0055,40325,1333,2,5,7,1942,0,0,0,M,0,13A43,"SAN PEDRO ST","29TH ST",0.00,,Y,B,-,N,,,,,,,,,,N,4,0,1,2,A,-,10,21950,A,F,G,B,B,B,H,-,C,A,0,Y,,,,Y,Y,-,99,0,0,1,0,1,0,0,0,0,"- ","- ",,,"LOS ANGELES","LOS ANGELES",-118.26300048828125,34.0189208984375
8777778,2018,2019-01-24,1941,2018-12-21,2013,11120,,5,5,7,1941,0,0,0,,0,,"ALAMITOS AV","5TH ST",0.00,,Y,A,-,N,,,,,,,,,,N,4,0,1,2,D,-,00,,,N,G,B,B,A,H,-,C,A,0,Y,,,,Y,,-,"- ",0,0,1,0,1,0,0,0,0,"- ","- ",,,"LOS ANGELES","LONG BEACH",-118.18092346191406,33.772968292236328
8777787,2018,2019-02-07,1941,2018-12-21,1639,11275,,5,5,7,1941,0,0,0,,0,,"PACIFIC AV","16TH ST",0.00,,Y,A,-,N,,,,,,,,,,N,2,0,1,2,A,-,10,21950,A,N,A,B,B,A,H,-,A,A,0,Y,,,,Y,,A,,1,0,0,0,1,0,0,0,0,"- ","- ",,,"LOS ANGELES","LONG BEACH",-118.19373321533203,33.787158966064453
8777791,2018,2019-01-28,1941,2018-12-22,2022,10763,,6,5,7,1941,0,0,0,,0,,"4TH ST","PINE AV",0.00,,Y,A,-,N,,,,,,,,,,N,3,0,1,2,A,-,21,22106,,N,G,B,E,A,H,-,C,D,0,Y,,,,Y,,A,,0,1,0,0,1,0,0,0,0,"- ","- ",,,"LOS ANGELES","LONG BEACH",-118.19236755371094,33.771728515625
8777799,2018,2019-01-28,1941,2018-12-19,0830,6268,,3,5,7,1941,0,0,0,,0,,"ANAHEIM ST","DAISY AV",15.00,N,N,A,-,N,,,,,,,,,,N,3,0,1,2,A,-,10,21950,A,N,B,B,B,A,H,-,A,A,0,Y,,,,Y,,D,,0,1,0,0,1,0,0,0,0,"- ","- ",,,"LOS ANGELES","LONG BEACH",-118.19937133789062,33.782611846923828
8777803,2018,2019-02-07,1941,2018-12-22,1306,10911,,6,5,7,1941,0,0,0,,0,,"LONG BEACH BL","7TH ST",170.00,S,N,A,-,N,,,,,,,,,,N,4,0,1,2,-,-,"- ",,,N,H,B,D,A,H,-,A,D,0,Y,,,,Y,,-,"- ",0,0,1,0,1,0,0,0,0,"- ","- ",,,"LOS ANGELES","LONG BEACH",-118.18948364257812,33.774875640869141
8777823,2018,2019-01-28,1941,2018-12-23,1545,11003,,7,5,7,1941,0,0,0,,0,,"BAY SHORE AV",BROADWAY,15.00,N,N,A,-,N,,,,,,,,,,N,3,0,1,2,A,-,06,21951,,N,G,B,B,A,H,-,A,A,0,Y,,,Y,Y,,F,,0,1,0,0,1,0,0,0,0,"- ","- ",,,"LOS ANGELES","LONG BEACH",-118.12865447998047,33.760036468505859
8777835,2018,2019-01-28,1900,2018-12-30,1915,551435,1133,7,5,6,1992,0,0,0,,0,112T2,"AVE K","6TH ST EAST",28.00,E,N,A,-,N,,,,,,,,,,N,3,0,1,2,A,-,11,21954,A,N,G,B,D,A,H,-,C,D,0,Y,,,,Y,,N,60,0,1,0,0,1,0,0,0,0,"- ","- ",,,"LOS ANGELES",LANCASTER,-118.12007904052734,34.675010681152344
8777911,2018,2019-01-29,1941,2018-12-22,1602,11277,,6,5,7,1941,0,0,0,,0,,"10TH ST","ORIZABA AV",0.00,,Y,A,-,N,,,,,,,,,,N,4,0,1,2,A,-,10,21950,A,N,G,B,B,A,H,-,A,D,0,Y,,,,Y,,A,,0,0,1,0,1,0,0,0,0,"- ","- ",,,"LOS ANGELES","LONG BEACH",-118.15677642822266,33.778949737548828
8777915,2018,2019-02-05,1941,2018-12-22,1911,10997,,6,5,7,1941,0,0,0,,0,,"2ND ST","REDONDO AV",0.00,,Y,A,-,N,,,,,,,,,,N,4,0,1,2,A,-,12,22450,A,N,G,B,D,A,H,-,C,D,0,Y,,,,Y,,A,,0,0,1,0,1,0,0,0,0,"- ","- ",,,"LOS ANGELES","LONG BEACH",-118.15239715576172,33.763481140136719
8778264,2018,2019-01-28,1942,2018-11-17,1845,42210,361,6,5,7,1942,0,0,0,,0,3A74,"LA BREA AV","COLISEUM ST",0.00,,Y,A,-,N,,,,,,,,,,N,4,0,1,2,A,-,12,21453,A,N,G,B,B,A,H,-,A,A,0,Y,,,,Y,,A,01,0,0,1,0,1,0,0,0,0,"- ","- ",,,"LOS ANGELES","LOS ANGELES",-118.3555908203125,34.018310546875
8778342,2018,2019-01-29,1942,2018-12-18,1755,38105,2185,2,5,7,1942,0,0,0,,0,21X62,"AVENUE SAN LUIS","MACFARLANE DR",65.00,E,N,A,-,N,,,,,,,,,,N,3,0,1,2,A,-,10,21950,A,F,G,B,D,A,H,-,D,D,0,Y,,,,Y,,-,99,0,1,0,0,1,0,0,0,0,"- ","- ",,,"LOS ANGELES","LOS ANGELES",-118.61106872558594,34.165996551513672
8778572,2018,2019-01-31,1900,2018-10-24,2315,602964,0456,3,5,6,1949,0,0,0,,0,43T1,"PIONEER BL","ROSECRANS BL",100.00,S,N,A,-,N,,,,,,,,,,N,3,0,1,2,A,-,11,21955,,N,G,B,D,A,H,-,C,D,0,Y,,,,Y,Y,N,60,0,1,0,0,1,0,0,0,0,"- ","- ",,,"LOS ANGELES",NORWALK,-118.08258056640625,33.9019775390625
8778707,2018,2019-01-30,1942,2018-12-15,1530,37724,0363,6,5,7,1942,0,0,0,C,0,3A63,"CRENSHAW BL","MARTIN LUTHER KING JR BL",200.00,S,N,A,-,N,,,,,,,,,,N,3,0,1,2,B,-,22,,,N,G,B,F,A,H,-,A,D,0,Y,,,,Y,,A,01,0,1,0,0,1,0,0,0,0,"- ","- ",,,"LOS ANGELES","LOS ANGELES",-118.33512115478516,34.010379791259766
8778715,2018,2019-01-30,1931,2018-12-29,2112,5588,1931,6,5,5,1931,0,0,0,,0,001,"CLARENDON AV","SEVILLE AV",16.00,E,N,A,-,N,,,,,,,,,,N,4,0,1,2,D,-,00,,,N,G,B,E,A,H,-,C,D,0,Y,,,,Y,,-,"- ",0,0,1,0,1,0,0,0,0,"- ","- ",,,"LOS ANGELES","HUNTINGTON PARK",-118.22258758544922,33.9835205078125
8778739,2018,2019-02-04,1942,2018-12-06,1315,36733,1771,4,5,7,1942,0,0,0,Q,0,17A81,"DE SOTO AV","PLUMMER ST",0.00,,Y,C,-,N,,,,,,,,,,N,3,0,1,2,D,-,00,,,N,G,B,B,B,H,-,A,A,0,Y,,,,Y,,-,"- ",0,1,0,0,1,0,0,0,0,"- ","- ",,,"LOS ANGELES","LOS ANGELES",-118.58856964111328,34.242721557617188
8778820,2018,2019-02-01,1941,2018-08-30,1917,10022,,4,5,7,1941,0,0,0,,0,,"4TH ST","ROSE AV",0.00,,Y,A,-,N,,,,,,,,,,N,4,0,2,3,A,-,10,21952,,N,G,B,B,A,H,-,A,A,0,Y,,,,Y,,A,,0,0,2,0,2,0,0,0,0,"- ","- ",,,"LOS ANGELES","LONG BEACH",-118.16985321044922,33.771709442138672
8778832,2018,2019-02-01,1928,2018-09-10,1326,239,514,1,5,5,1928,0,0,0,,0,503,"ROSECRANS AV","CHADRON AV",0.00,,Y,A,-,N,,,,,,,,,,N,4,0,1,2,A,-,10,21950,A,N,D,B,D,A,H,-,A,D,0,Y,,,,Y,,A,01,0,0,1,0,1,0,0,0,0,"- ","- ",33.901889801025391,-118.32859802246094,"LOS ANGELES",HAWTHORNE,-118.32869720458984,33.901931762695312
8778856,2018,2019-02-01,1942,2018-10-18,1600,42669,1863,4,5,7,1942,0,0,0,R,0,18A63,AVALON,116TH,0.00,,Y,A,-,N,,,,,,,,,,N,3,0,1,2,A,-,11,21954,A,N,G,B,D,A,H,-,A,D,0,Y,,,,Y,,N,60,0,1,0,0,1,0,0,0,0,"- ","- ",,,"LOS ANGELES","LOS ANGELES",-118.26519775390625,33.929180145263672
8778919,2018,2019-02-01,1910,2018-12-20,2151,04953,,4,5,4,1910,0,0,0,,0,004,"PINE DR","PINE DR 1100",0.00,,Y,A,-,N,,,,,,,,,,N,4,0,1,2,A,-,08,22107,,N,G,B,F,-,H,-,C,D,0,Y,,,,Y,,A,01,0,0,1,0,1,0,0,0,0,"- ","- ",,,"LOS ANGELES","BEVERLY HILLS",-118.417001,34.090871999999997
8778987,2018,2019-02-01,1942,2018-12-18,0640,31931,1745,2,5,7,1942,0,0,0,Q,0,17A49,"DEVONSHIRE ST","ZELZAH AV",0.00,,Y,A,-,N,,,,,,,,,,N,4,0,1,2,A,-,10,21950,A,N,G,B,B,A,H,-,A,A,0,Y,,,,Y,,A,01,0,0,1,0,1,0,0,0,0,"- ","- ",,,"LOS ANGELES","LOS ANGELES",-118.52333068847656,34.257610321044922
8778991,2018,2019-02-01,1942,2018-12-17,0740,33700,1768,1,5,7,1942,0,0,0,Q,0,17A95,"WHITE OAK AV","LASSEN ST",8.00,E,N,B,-,N,,,,,,,,,,N,4,0,1,2,A,-,10,21950,A,N,G,B,B,A,H,-,A,A,0,Y,,,,Y,,A,01,0,0,1,0,1,0,0,0,0,"- ","- ",,,"LOS ANGELES","LOS ANGELES",-118.51985168457031,34.250358581542969
8779099,2018,2019-02-28,1942,2018-12-17,2310,39534,1208,1,5,7,1942,0,0,0,L,0,12A57,"HOOVER ST","48TH ST",230.00,N,N,A,-,N,,,,,,,,,,Y,4,0,1,5,A,-,05,21651,B,N,B,C,E,A,H,-,C,D,0,Y,,,,Y,,-,"- ",0,0,1,0,1,0,0,0,0,"- ","- ",,,"LOS ANGELES","LOS ANGELES",-118.28714752197266,34.000251770019531
8779149,2018,2019-02-05,1910,2018-12-12,1256,03410,,3,5,4,1910,0,0,0,,0,007,"REXFORD DR","BURTON WY",0.00,,Y,A,-,N,,,,,,,,,,Y,4,0,1,2,A,-,06,21951,,N,G,B,B,A,H,-,A,A,0,Y,,,,Y,,A,08,0,0,1,0,1,0,0,0,0,"- ","- ",,,"LOS ANGELES","BEVERLY HILLS",-118.39897155761719,34.072109222412109
8779381,2018,2019-02-08,1942,2018-12-16,1251,40289,0257,7,5,7,1942,0,0,0,B,0,2A69,"W 6TH ST","UNION DR",0.00,,Y,A,-,N,,,,,,,,,,Y,3,0,1,2,A,-,01,23152,A,F,G,B,B,A,H,-,A,A,0,Y,,,,Y,Y,A,08,0,1,0,0,1,0,0,0,0,"- ","- ",,,"LOS ANGELES","LOS ANGELES",-118.26889038085938,34.056900024414062
8779429,2018,2019-02-11,1942,2018-11-13,0740,42770,1827,2,5,7,1942,0,0,0,R,0,18A63,"WILMINGTON BL","97TH ST",8.00,S,N,A,-,N,,,,,,,,,,N,4,0,1,2,A,-,10,21950,C,N,G,B,B,A,H,-,A,D,0,Y,,,,Y,,A,01,0,0,1,0,1,0,0,0,0,"- ","- ",,,"LOS ANGELES","LOS ANGELES",-118.23899900000001,33.948188000000002
8779433,2018,2019-02-11,1942,2018-11-09,1730,42247,1823,5,5,7,1942,0,0,0,R,0,18E6,"SAN PEDRO ST","99TH ST",0.00,,Y,A,-,N,,,,,,,,,,N,4,0,1,2,A,-,09,21801,A,F,G,B,D,A,H,-,B,D,0,Y,,,,Y,,-,99,0,0,1,0,1,0,0,0,0,"- ","- ",,,"LOS ANGELES","LOS ANGELES",-118.26952362060547,33.946491241455078
8779472,2018,2019-02-11,1942,2018-11-30,0800,38403,1521,5,5,7,1942,0,0,0,O,0,15A21,"VANOWEN ST","ETHEL AV",0.00,,Y,A,-,N,,,,,,,,,,N,3,0,1,2,A,-,10,21950,A,N,G,B,B,A,H,-,B,A,0,Y,,,,Y,,-,99,0,1,0,0,1,0,0,0,0,"- ","- ",,,"LOS ANGELES","LOS ANGELES",-118.41812896728516,34.193950653076172
8779476,2018,2019-02-11,1942,2018-11-13,0800,31674,0397,2,5,7,1942,0,0,0,C,0,25MX1,"41ST PL","NORMANDIE AV",12.00,E,N,A,-,N,,,,,,,,,,N,3,0,1,2,A,-,10,21950,,N,D,B,-,A,H,-,A,A,0,Y,,,,Y,,A,01,0,1,0,0,1,0,0,0,0,"- ","- ",,,"LOS ANGELES","LOS ANGELES",-118.30017852783203,34.008430480957031
8779495,2018,2019-02-12,1942,2018-10-01,1950,42969,1213,1,5,7,1942,0,0,0,L,0,12A67,"SLAUSON AV","WESTERN AV",0.00,,Y,A,-,N,,,,,,,,,,N,3,0,1,2,A,-,11,21953,,N,G,B,B,A,H,-,C,A,0,Y,,,,Y,,N,60,0,1,0,0,1,0,0,0,0,"- ","- ",,,"LOS ANGELES","LOS ANGELES",-118.30895233154297,33.989151000976562
8779503,2018,2019-02-12,1942,2018-10-31,2055,43338,12,3,5,7,1942,0,0,0,L,0,18H63,"W 79TH ST","MAIN ST",495.00,W,N,A,-,N,,,,,,,,,,N,3,0,1,2,A,-,11,21954,A,N,-,B,E,A,H,-,C,D,0,Y,,,,Y,,N,60,0,1,0,0,1,0,0,0,0,"- ","- ",,,"LOS ANGELES","LOS ANGELES",-118.27553558349609,33.967884063720703
8779519,2018,2019-02-12,1942,2018-10-01,2150,32620,1213,1,5,7,1942,0,0,0,L,0,12A39,"WESTERN AV","SLAUSON BL",100.00,S,N,A,-,N,,,,,,,,,,N,4,0,1,2,A,-,11,21954,A,N,G,B,D,A,H,-,C,A,0,Y,,,,Y,,N,60,0,0,1,0,1,0,0,0,0,"- ","- ",,,"LOS ANGELES","LOS ANGELES",-118.30895233154297,33.988876342773438
8779659,2018,2019-02-01,1900,2018-12-18,1709,606079,2611,2,5,6,1950,0,0,0,,0,263T1,"RT 138","3RD ST EAST",0.00,,Y,A,-,Y,LA,7,138,-,-,43.950,I,6,W,N,3,0,1,2,A,-,11,21954,A,N,G,B,D,A,H,-,C,A,0,Y,,,,Y,Y,N,60,0,1,0,0,1,0,0,0,0,"- ","- ",34.579879760742188,-118.12480163574219,"LOS ANGELES",PALMDALE,-118.12483978271484,34.579856872558594
8779921,2018,2019-02-14,1900,2018-12-18,0710,525042,1018,2,5,3,1995,0,0,0,,0,101T1,"RT 1","BIG ROCK DR",2112.00,N,N,A,-,Y,LA,7,1,-,-,42.890,H,-,N,Y,3,0,2,2,A,-,11,21954,A,N,G,B,D,A,H,-,A,D,0,Y,,,,Y,Y,N,60,0,2,0,0,1,0,0,0,0,"- ","- ",34.039321899414062,-118.59947967529297,"LOS ANGELES",MALIBU,-118.61485290527344,34.037353515625
8779991,2018,2019-02-14,1941,2018-12-27,0923,11237,,4,5,7,1941,0,0,0,,0,002,"PACIFIC COAST HWY","JUDSON AV",0.00,,Y,A,-,Y,LA,7,1,-,-,8.121,I,5,S,N,4,0,1,2,A,-,10,21950,A,N,G,B,B,A,H,-,A,A,0,Y,,,,Y,,A,,0,0,1,0,1,0,0,0,0,"- ","- ",,,"LOS ANGELES","LONG BEACH",-118.22141265869141,33.789813995361328
8780138,2018,2019-02-14,1900,2018-12-15,1610,618391,2608,6,5,6,1950,0,0,0,,0,263T1,"RT 138","AVENUE R-8",0.00,,Y,A,-,Y,LA,7,138,-,-,49.473,I,5,E,N,3,0,1,2,A,-,10,21950,A,N,G,B,B,A,H,-,A,A,0,Y,,,,Y,,E,22,0,1,0,0,1,0,0,0,0,"- ","- ",,,"LOS ANGELES",PALMDALE,-118.04510498046875,34.565433502197266
8780242,2018,2019-02-08,1942,2018-12-10,0600,32996,0249,1,5,7,1942,0,0,0,B,0,2A69,"W 6TH ST","BIXEL ST",125.00,W,N,A,-,N,,,,,,,,,,N,4,0,1,3,A,-,03,22350,,N,G,B,E,A,H,-,B,A,0,Y,,,,Y,,-,"- ",0,0,1,0,1,0,0,0,0,"- ","- ",,,"LOS ANGELES","LOS ANGELES",-118.26250457763672,34.054225921630859
8780469,2018,2019-01-18,1942,2018-12-21,1800,43516,0111,5,5,7,1942,0,0,0,A,0,1912,"CESAR CHAVEZ",ALAMEDA,4.00,E,N,-,-,N,,,,,,,,,,N,4,0,1,2,A,-,10,21950,A,N,-,B,B,-,-,-,-,-,0,Y,,,,Y,,I,20,0,0,1,0,1,0,0,0,0,"- ","- ",,,"LOS ANGELES","LOS ANGELES",-118.237084,34.058078999999999
8780563,2018,2019-01-31,1942,2018-10-24,1610,42389,RD064,3,5,7,1942,0,0,0,,0,6A45,"SUNSET BL","ALTA VISTA BL",0.00,,Y,A,-,N,,,,,,,,,,N,3,0,1,3,A,-,09,21801,A,N,D,B,B,A,H,-,A,D,0,Y,,,,Y,,A,01,0,1,0,0,1,0,0,0,0,"- ","- ",,,"LOS ANGELES","LOS ANGELES",-118.34706115722656,34.097991943359375
8780599,2018,2019-01-31,1941,2018-12-05,2133,5615,,3,5,7,1941,0,0,0,,0,,"E CARSON ST","E CARSON ST 7201",0.00,,Y,C,-,N,,,,,,,,,,N,4,0,1,2,A,-,10,21950,A,N,G,B,B,B,H,-,C,A,0,Y,,,,Y,,A,,0,0,1,0,1,0,0,0,0,"- ","- ",,,"LOS ANGELES","LONG BEACH",-118.08973400000001,33.831308
8780664,2018,2019-01-23,1941,2018-12-15,0759,11274,,6,5,7,1941,0,0,0,,0,,"7TH ST","JUNIPERO AV",0.00,,Y,A,-,N,,,,,,,,,,N,3,0,1,2,A,-,10,21950,A,N,A,B,B,A,H,-,A,A,0,Y,,,,Y,,A,,0,1,0,0,1,0,0,0,0,"- ","- ",,,"LOS ANGELES","LONG BEACH",-118.16335296630859,33.775348663330078
8780667,2018,2019-01-24,1942,2018-12-01,2315,43323,0837,6,5,7,1942,0,0,0,H,0,8A29,"OPHIR DR","LANDFAIR AV",10.00,W,N,A,-,N,,,,,,,,,,N,3,0,1,2,A,-,10,21950,A,N,G,B,B,A,H,-,C,D,0,Y,,,,Y,,A,01,0,1,0,0,1,0,0,0,0,"- ","- ",,,"LOS ANGELES","LOS ANGELES",-118.45115661621094,34.068603515625
8780716,2018,2019-01-25,1942,2018-10-12,1940,42780,1844,5,5,7,1942,0,0,0,R,0,18X4,AVALON,"109TH PL",0.00,,Y,A,-,N,,,,,,,,,,N,4,0,1,2,A,-,03,22350,,N,A,B,B,A,H,-,A,D,0,Y,,,,Y,,A,01,0,0,1,0,1,0,0,0,0,"- ","- ",,,"LOS ANGELES","LOS ANGELES",-118.26519775390625,33.936450958251953
8780863,2018,2019-02-22,1900,2018-11-02,1934,546564,2117,5,5,5,1943,0,0,0,,0,212T3,"ATLANTIC AV","MCMILLAN ST",4.00,N,N,A,-,N,,,,,,,,,,N,3,0,1,2,A,-,11,21950,B,N,G,B,B,A,H,-,C,A,0,Y,,,,Y,,N,60,0,1,0,0,1,0,0,0,0,"- ","- ",,,"LOS ANGELES",LYNWOOD,-118.19376373291016,33.906120300292969
8781201,2018,2019-01-23,1941,2018-12-20,1420,5726,,4,5,7,1941,0,0,0,,0,,"ATLANTIC AV","BIXBY RD",0.00,,Y,A,-,N,,,,,,,,,,N,4,0,1,2,-,-,"- ",,,N,-,B,B,A,H,-,A,A,0,Y,,,,Y,,-,"- ",0,0,1,0,1,0,0,0,0,"- ","- ",,,"LOS ANGELES","LONG BEACH",-118.18502807617188,33.826709747314453
8781842,2018,2019-02-01,1924,2018-10-07,1720,80377,41,7,5,5,1924,0,0,0,,0,005,"166TH ST","BRIGHTON WY",27.00,W,N,A,-,N,,,,,,,,,,N,3,0,1,2,A,-,11,21954,A,N,G,B,C,A,H,-,A,D,0,Y,,,,Y,,N,60,0,1,0,0,1,0,0,0,0,"- ","- ",33.880119323730469,-118.30075073242188,"LOS ANGELES",GARDENA,-118.30089569091797,33.880142211914062
8781940,2018,2019-01-25,1900,2018-12-11,1605,625056,1325,2,5,5,1935,0,0,0,,0,132E,"DEL AMO BL","PALO VERDE AV",10.00,E,N,A,-,N,,,,,,,,,,N,2,0,1,2,A,-,10,21950,A,N,A,B,-,A,H,-,A,A,0,Y,,,,Y,,D,22,1,0,0,0,1,0,0,0,0,"- ","- ",,,"LOS ANGELES",LAKEWOOD,-118.107666015625,33.847061157226562
8782010,2018,2019-01-23,1900,2018-11-30,2235,224533,1335,5,5,5,1908,0,0,0,,0,133T1,"CLARK AV","CEDAR ST",250.00,S,N,A,-,N,,,,,,,,,,N,2,0,1,2,A,-,11,21950,B,N,G,B,D,A,H,-,C,D,0,Y,,,,Y,Y,N,60,1,0,0,0,1,0,0,0,0,"- ","- ",,,"LOS ANGELES",BELLFLOWER,-118.13388061523438,33.870452880859375
8782014,2018,2019-01-23,1900,2018-11-30,0800,512462,1327,5,5,5,1935,0,0,0,,0,132T2,"205TH ST","ALBURTIS AV",0.00,,Y,A,-,N,,,,,,,,,,N,4,0,1,2,A,-,10,21950,A,M,A,B,B,A,H,-,A,D,0,Y,,,,Y,,A,01,0,0,1,0,1,0,0,0,0,"- ","- ",,,"LOS ANGELES",LAKEWOOD,-118.08419799804688,33.844219207763672
8782242,2018,2019-02-14,1941,2018-11-21,1327,6268,,3,5,7,1941,0,0,0,,0,,"5TH ST","DAISY AV",0.00,,N,A,-,N,,,,,,,,,,N,4,0,1,2,-,-,"- ",,,N,G,B,B,A,H,-,A,D,0,Y,,,,Y,,-,"- ",0,0,1,0,1,0,0,0,0,"- ","- ",,,"LOS ANGELES","LONG BEACH",-118.19934844970703,33.772930145263672