CASE_ID,ACCIDENT_YEAR,PROC_DATE,JURIS,COLLISION_DATE,COLLISION_TIME,OFFICER_ID,REPORTING_DISTRICT,DAY_OF_WEEK,CHP_SHIFT,POPULATION,CNTY_CITY_LOC,SPECIAL_COND,BEAT_TYPE,CHP_BEAT_TYPE,CITY_DIVISION_LAPD,CHP_BEAT_CLASS,BEAT_NUMBER,PRIMARY_RD,SECONDARY_RD,DISTANCE,DIRECTION,INTERSECTION,WEATHER_1,WEATHER_2,STATE_HWY_IND,CALTRANS_COUNTY,CALTRANS_DISTRICT,STATE_ROUTE,ROUTE_SUFFIX,POSTMILE_PREFIX,POSTMILE,LOCATION_TYPE,RAMP_INTERSECTION,SIDE_OF_HWY,TOW_AWAY,COLLISION_SEVERITY,NUMBER_KILLED,NUMBER_INJURED,PARTY_COUNT,PRIMARY_COLL_FACTOR,PCF_CODE_OF_VIOL,PCF_VIOL_CATEGORY,PCF_VIOLATION,PCF_VIOL_SUBSECTION,HIT_AND_RUN,TYPE_OF_COLLISION,MVIW,PED_ACTION,ROAD_SURFACE,ROAD_COND_1,ROAD_COND_2,LIGHTING,CONTROL_DEVICE,CHP_ROAD_TYPE,PEDESTRIAN_ACCIDENT,BICYCLE_ACCIDENT,MOTORCYCLE_ACCIDENT,TRUCK_ACCIDENT,NOT_PRIVATE_PROPERTY,ALCOHOL_INVOLVED,STWD_VEHTYPE_AT_FAULT,CHP_VEHTYPE_AT_FAULT,COUNT_SEVERE_INJ,COUNT_VISIBLE_INJ,COUNT_COMPLAINT_PAIN,COUNT_PED_KILLED,COUNT_PED_INJURED,COUNT_BICYCLIST_KILLED,COUNT_BICYCLIST_INJURED,COUNT_MC_KILLED,COUNT_MC_INJURED,PRIMARY_RAMP,SECONDARY_RAMP,LATITUDE,LONGITUDE,COUNTY,CITY,POINT_X,POINT_Y
9039715,2018,2020-02-24,1910,2018-06-10,1115,3633,,7,5,4,1910,0,0,0,,0,004,"SANTA MONICA BL","BEDFORD DR",10.00,E,N,A,-,N,,,,,,,,,,N,4,0,1,2,A,-,12,21453,A,N,G,B,B,A,H,-,A,A,0,Y,,,,Y,,A,01,0,0,1,0,1,0,0,0,0,"- ","- ",,,"LOS ANGELES","BEVERLY HILLS",-118.40668487548828,34.069595336914062
9039720,2018,2020-02-24,1910,2018-04-30,2240,4806,,1,5,4,1910,0,0,0,,0,005,"SOUTH SANTA MONICA BL","N CRESCENT DR",27.00,E,N,A,-,N,,,,,,,,,,,3,0,1,2,A,-,11,21954,A,N,G,B,D,A,H,-,C,A,0,Y,,,,Y,,N,60,0,1,0,0,1,0,0,0,0,"- ","- ",,,"LOS ANGELES","BEVERLY HILLS",-118.40045166015625,34.071941375732422
9039727,2018,2020-02-24,1910,2018-05-05,0828,3438,,6,5,4,1910,0,0,0,,0,004,"WHITTIER DR","SUNSET BL",18.00,S,N,A,-,N,,,,,,,,,,N,3,0,1,2,A,-,10,21950,A,N,A,B,B,A,H,-,A,A,0,Y,,,,Y,,A,01,0,1,0,0,1,0,0,0,0,"- ","- ",,,"LOS ANGELES","BEVERLY HILLS",-118.41993713378906,34.0771484375
9039737,2018,2020-02-24,1910,2018-11-04,2144,410,,7,5,4,1910,0,0,0,,0,009,"S ROBERTSON DR","GREGORY WY",65.00,N,N,A,-,N,,,,,,,,,,N,4,0,1,2,A,-,07,21658,A,N,G,B,E,A,H,-,C,D,0,Y,,,,Y,,A,01,0,0,1,0,1,0,0,0,0,"- ","- ",34.063190460205078,-118.38362121582031,"LOS ANGELES","BEVERLY HILLS",-118.38356781005859,34.063148498535156
9039744,2018,2020-02-24,1910,2018-11-30,0254,04394,,5,5,4,1910,0,0,0,,0,005,"SOUTH SANTA MONICA BL","MORENO DR",100.00,E,N,A,-,N,,,,,,,,,,N,3,0,1,2,A,-,11,21950,B,F,G,B,D,B,H,-,D,A,0,Y,,,,Y,,A,01,0,1,0,0,1,0,0,0,0,"- ","- ",,,"LOS ANGELES","BEVERLY HILLS",-118.41378784179688,34.064094543457031
9039746,2018,2020-02-24,1910,2018-11-13,0915,02230,,2,5,4,1910,0,0,0,,0,005,"S ROXBURY DR","OLYMPIC BL",200.00,S,N,A,-,N,,,,,,,,,,N,3,0,1,2,D,-,00,,,N,G,B,E,A,H,-,A,D,0,Y,,,,Y,,-,"- ",0,1,0,0,1,0,0,0,0,"- ","- ",,,"LOS ANGELES","BEVERLY HILLS",-118.40569305419922,34.059131622314453
9048887,2018,2020-02-25,1910,2018-03-12,2333,05016,,1,5,4,1910,0,0,0,,0,009,"S CARSON RD","E CHARLEVILLE BL",0.00,,Y,A,-,N,,,,,,,,,,N,3,0,1,2,A,-,12,22450,A,F,G,B,B,A,H,-,C,D,0,Y,,,,Y,,-,99,0,1,0,0,1,0,0,0,0,"- ","- ",,,"LOS ANGELES","BEVERLY HILLS",-118.37940216064453,34.065048217773438
9048891,2018,2020-02-25,1910,2018-03-14,1513,02230,,3,5,4,1910,0,0,0,,0,005,"OLYMPIC BL","SPALDING DR",0.00,,Y,A,-,N,,,,,,,,,,N,4,0,1,2,A,-,10,21950,A,N,G,B,B,A,H,-,A,A,0,Y,,,,Y,,A,01,0,0,1,0,1,0,0,0,0,"- ","- ",,,"LOS ANGELES","BEVERLY HILLS",-118.40892791748047,34.059688568115234
9048900,2018,2020-02-25,1918,2018-09-17,1454,03494,,1,5,4,1918,0,0,0,,0,005,"BEVERLY DR","WILSHIRE BL",230.00,N,N,A,-,N,,,,,,,,,,N,4,0,1,2,A,-,11,21955,,N,G,B,D,A,H,-,A,D,0,Y,,,,Y,,N,60,0,0,1,0,1,0,0,0,0,"- ","- ",,,"LOS ANGELES","CULVER CITY",-118.39966583251953,34.067558288574219
9048901,2018,2020-02-25,1910,2018-07-24,1434,03209,,2,5,4,1910,0,0,0,,0,005,"N CAMDEN DR","SOUTH SANTA MONICA BL",328.00,S,N,A,-,N,,,,,,,,,,N,4,0,1,2,A,-,11,21954,A,N,G,B,E,A,H,-,A,A,0,Y,,,,Y,,N,60,0,0,1,0,1,0,0,0,0,"- ","- ",,,"LOS ANGELES","BEVERLY HILLS",-118.40467071533203,34.0692138671875
9048916,2018,2020-02-25,1910,2018-04-01,2244,04678,,7,5,4,1910,0,0,0,,0,009,"W OLYMPIC BL","ROBERTSON BL",0.00,,Y,A,-,N,,,,,,,,,,N,4,0,1,2,D,-,00,,,N,G,B,B,A,H,-,C,A,0,Y,,,,Y,,-,"- ",0,0,1,0,1,0,0,0,0,"- ","- ",,,"LOS ANGELES","BEVERLY HILLS",-118.38363647460938,34.059368133544922
9048931,2018,2020-02-25,1910,2018-04-18,1930,04971,,3,5,4,1910,0,0,0,,0,005,"N CANON DR","DAYTON WY",231.00,S,N,A,-,N,,,,,,,,,,N,4,0,1,2,A,-,03,22350,,N,A,B,E,A,H,-,B,D,0,Y,,,,Y,,A,01,0,0,1,0,1,0,0,0,0,"- ","- ",34.068698883056641,-118.39898681640625,"LOS ANGELES","BEVERLY HILLS",-118.3990478515625,34.068737030029297
9048936,2018,2020-02-25,1910,2018-04-22,2037,04678,,7,5,4,1910,0,0,0,,0,005,"S BEVERLY DR","GREGORY WY",0.00,,Y,A,-,N,,,,,,,,,,N,4,0,2,3,A,-,10,21950,A,N,G,B,B,A,H,-,C,A,0,Y,,,,Y,,A,01,0,0,2,0,2,0,0,0,0,"- ","- ",,,"LOS ANGELES","BEVERLY HILLS",-118.39911651611328,34.062229156494141
9048974,2018,2020-02-25,1910,2018-08-19,1245,3494,,7,5,4,1910,0,0,0,,0,007,"CRESCENT DR","DAYTON WY",280.00,S,N,A,-,N,,,,,,,,,,N,3,0,1,2,A,-,08,22107,,N,G,B,E,A,H,-,A,D,0,Y,,,,Y,,A,01,0,1,0,0,1,0,0,0,0,"- ","- ",,,"LOS ANGELES","BEVERLY HILLS",-118.39795684814453,34.069324493408203
9048986,2018,2020-02-24,1910,2018-01-08,1730,03494,,1,5,4,1910,0,0,0,,0,005,"OLYMPIC BL","BEVERLY DR",150.00,W,N,C,-,N,,,,,,,,,,N,3,0,1,2,A,-,11,21954,A,N,G,B,E,B,H,-,C,D,0,Y,,,,Y,,N,60,0,1,0,0,1,0,0,0,0,"- ","- ",,,"LOS ANGELES","BEVERLY HILLS",-118.39907073974609,34.059677124023438
9048992,2018,2020-02-24,1910,2018-01-15,1911,04446,,1,5,4,1910,0,0,0,,0,009,"N ROBERTSON BL","CHARLEVILLE BL",0.00,,Y,A,-,N,,,,,,,,,,N,4,0,1,2,A,-,10,21950,A,N,G,B,B,A,H,-,C,A,0,Y,,,,Y,,M,96,0,0,1,0,1,0,0,0,0,"- ","- ",34.064899444580078,-118.38365173339844,"LOS ANGELES","BEVERLY HILLS",-118.38365936279297,34.064979553222656
9049039,2018,2020-02-25,1910,2018-01-25,1906,04405,,4,5,4,1910,0,0,0,,0,005,"SOUTH SANTA MONICA BL","LASKY DR",12.00,W,N,A,-,N,,,,,,,,,,N,3,0,1,2,A,-,10,21950,A,N,G,B,B,A,H,-,C,D,0,Y,,,,Y,,A,01,0,1,0,0,1,0,0,0,0,"- ","- ",34.066650390625,-118.41017150878906,"LOS ANGELES","BEVERLY HILLS",-118.41005706787109,34.066669464111328
90637245,2018,2018-01-10,9565,2018-01-02,1735,020284,,2,2,9,1900,0,3,5,,2,002,"120TH ST.","BERENDO AVE",6.00,W,N,A,-,N,,,,,,,,,,N,2,0,1,2,A,-,03,22350,,N,G,B,B,A,H,-,C,A,0,Y,,,,Y,,A,01,1,0,0,0,1,0,0,0,0,"- ","- ",33.923679351806641,-118.29399871826172,"LOS ANGELES",UNINCORPORATED,-118.2940673828125,33.923679351806641
90637824,2018,2018-01-11,9540,2018-01-02,1550,017076,,2,2,9,1900,0,3,5,,2,300,"INDUSTRY DRIVE (22800 BLOCK)","COMMERCE CENTER DRIVE",383.00,E,N,A,-,N,,,,,,,,,,N,3,0,3,4,A,-,08,22107,,N,C,E,E,A,H,-,A,D,0,Y,,,,Y,,A,07,0,2,1,0,2,0,0,0,0,"- ","- ",34.448989868164062,-118.62467193603516,"LOS ANGELES",UNINCORPORATED,-118.62511444091797,34.449153900146484
90641252,2018,2018-01-17,9565,2018-01-11,1608,020209,,4,2,9,1900,0,3,5,,2,004,"118TH STREET","AVIATION BLVD",0.00,,Y,A,-,N,,,,,,,,,,N,4,0,1,2,A,-,10,21950,A,N,G,B,B,A,H,-,A,D,0,Y,,,,Y,,A,01,0,0,1,0,1,0,0,0,0,"- ","- ",33.927181243896484,-118.37847137451172,"LOS ANGELES",UNINCORPORATED,-118.37844085693359,33.927299499511719
90641336,2018,2018-01-17,9540,2018-01-09,0608,021214,,2,1,7,1942,0,1,1,,2,213,"I-210 E/B (FOOTHILL FREEWAY)","POLK ST",10.00,E,N,B,C,Y,,,210,,,,,,E,N,2,0,1,2,A,-,10,21950,A,N,E,B,B,B,H,-,C,A,0,Y,,,,Y,,A,01,1,0,0,0,1,0,0,0,0,"- ","- ",34.316089630126953,-118.44019317626953,"LOS ANGELES","LOS ANGELES",-118.43997192382812,34.316368103027344
90642034,2018,2018-01-17,9535,2018-01-10,0800,019363,,3,1,9,1900,0,2,4,,2,016,"1ST ST","GAGE AVE",0.00,,Y,A,-,N,,,,,,,,,,N,3,0,1,2,A,-,10,21950,A,N,G,B,B,A,H,-,A,A,0,Y,,,,Y,,A,01,0,1,0,0,1,0,0,0,0,"- ","- ",34.03594970703125,-118.18444061279297,"LOS ANGELES",UNINCORPORATED,-118.18463897705078,34.036029815673828
90642058,2018,2018-01-17,9535,2018-01-12,0752,016915,,5,1,9,1900,0,3,5,,2,002,"LAN FRANCO ST","DITMAN AVE.",0.00,,Y,A,-,N,,,,,,,,,,N,4,0,1,2,A,-,10,21950,A,N,G,B,B,A,H,-,A,D,0,Y,,,,Y,,A,07,0,0,1,0,1,0,0,0,0,"- ","- ",34.029209136962891,-118.18936157226562,"LOS ANGELES",UNINCORPORATED,-118.18932342529297,34.029289245605469
90642162,2018,2018-01-17,9565,2018-01-04,2320,021915,,4,3,7,1942,0,1,1,,2,062,"I-405 S/B (SAN DIEGO FWY)","PICO BLVD",271.00,N,N,A,-,Y,,,405,,,,,,S,Y,2,0,1,2,A,-,08,22107,,N,G,B,E,A,H,-,D,D,0,Y,,,,Y,,A,01,1,0,0,0,1,0,0,0,0,"- ","- ",34.03594970703125,-118.43846130371094,"LOS ANGELES","LOS ANGELES",-118.43834686279297,34.036003112792969
90642264,2018,2018-01-18,9535,2018-01-08,1745,020818,,1,2,5,1948,0,1,3,,2,600,"SR-60 E/B FROM ATLANTIC BLVD. S/B","ATLANTIC BLVD.",19.00,W,N,C,-,Y,,,60,,,,R,,E,N,3,0,1,2,A,-,10,21950,A,N,G,B,C,B,H,-,D,D,0,Y,,,,Y,,D,22,0,1,0,0,1,0,0,0,0,"- ","- ",34.034568786621094,-118.15131378173828,"LOS ANGELES","MONTEREY PARK",-118.15131378173828,34.034568786621094
90642320,2018,2018-01-18,9530,2018-01-09,2235,020726,,2,3,9,1900,0,3,5,,2,002,"ORIS STREET (2300 BLOCK)","WILLOWBROOK AVE.",10.00,E,N,B,-,N,,,,,,,,,,N,2,0,1,2,A,-,11,21950,B,F,G,B,D,B,H,-,C,D,0,Y,,,,Y,Y,N,60,1,0,0,0,1,0,0,0,0,"- ","- ",33.907951354980469,-118.22904205322266,"LOS ANGELES",UNINCORPORATED,-118.22754669189453,33.908390045166016
90642982,2018,2018-01-18,9580,2018-01-07,0830,021461,,7,1,3,1995,0,3,5,,1,040,"BARRYMORE DRIVE (2500 BLOCK)","MARBY DR",0.00,,N,A,-,N,,,,,,,,,,N,3,0,1,2,A,-,03,22350,,N,G,B,E,A,H,-,A,D,0,Y,,,,Y,,A,01,0,1,0,0,1,0,0,0,0,"- ","- ",34.051921844482422,-118.74893188476562,"LOS ANGELES",MALIBU,-118.74581909179688,34.050701141357422
90644067,2018,2018-01-22,9535,2018-01-15,1255,016277,,1,1,9,1900,0,3,5,,2,002,"6TH STREET","DITMAN AVENUE",0.00,,Y,A,-,N,,,,,,,,,,N,4,0,1,2,A,-,11,21950,B,M,G,B,D,A,H,-,A,A,0,Y,,,,Y,,N,60,0,0,1,0,1,0,0,0,0,"- ","- ",34.028289794921875,-118.18930816650391,"LOS ANGELES",UNINCORPORATED,-118.18932342529297,34.028278350830078
90644100,2018,2018-01-22,9530,2018-01-07,0005,021493,,7,3,9,1900,0,3,5,,2,002,"EL SEGUNDO BLVD. (1900 BLOCK)","WILMINGTON AVE.",100.00,E,N,A,-,N,,,,,,,,,,N,2,0,1,2,A,-,11,21954,A,N,G,B,D,A,H,-,D,D,0,Y,,,,Y,Y,N,60,1,0,0,0,1,0,0,0,0,"- ","- ",33.916259765625,-118.23841857910156,"LOS ANGELES",UNINCORPORATED,-118.23915100097656,33.916191101074219
90644105,2018,2018-01-22,9575,2018-01-10,0920,015935,,3,1,9,1900,0,3,5,,2,002,"MAR VISTA AVE","NEW YORK DR",0.00,,Y,A,-,N,,,,,,,,,,N,4,0,1,2,A,-,10,21950,A,N,G,B,B,A,H,-,A,D,0,Y,,,,Y,,A,01,0,0,1,0,1,0,0,0,0,"- ","- ",34.178398132324219,-118.12729644775391,"LOS ANGELES",UNINCORPORATED,-118.12731170654297,34.178428649902344
90644586,2018,2018-01-22,9525,2018-01-09,0404,021393,,2,3,5,1990,0,1,3,,2,574,"SR-57 N/B (ORANGE FWY)","DIAMOND BAR BLVD.",1056.00,N,N,B,C,Y,,,57,,,,,,N,N,2,0,1,2,A,-,11,21954,A,N,G,B,E,B,H,-,D,D,0,Y,,,,Y,,N,60,1,0,0,0,1,0,0,0,0,"- ","- ",33.973739624023438,-117.84458923339844,"LOS ANGELES","DIAMOND BAR",-117.84454345703125,33.973705291748047
90645250,2018,2018-01-23,9535,2018-01-15,0625,019540,,1,1,9,1900,0,2,4,,2,025,"ATLANTIC BLVD","UNION PACIFIC AVE",0.00,,Y,A,-,N,,,,,,,,,,N,4,0,1,2,A,-,10,21950,A,F,G,B,B,A,H,-,C,A,0,Y,,,,Y,,-,99,0,0,1,0,1,0,0,0,0,"- ","- ",34.014110565185547,-118.15921020507812,"LOS ANGELES",UNINCORPORATED,-118.15920257568359,34.014118194580078
90645538,2018,2018-01-23,9530,2018-01-15,1328,020240,,1,1,9,1900,0,3,5,,2,001,"HOOPER AVE. (9200 BLOCK)","93RD ST.",119.00,N,N,B,-,N,,,,,,,,,,N,3,0,1,2,A,-,11,21954,A,N,G,B,D,A,H,-,A,D,0,Y,,,,Y,,N,60,0,1,0,0,1,0,0,0,0,"- ","- ",33.952518463134766,-118.25402069091797,"LOS ANGELES",UNINCORPORATED,-118.2540283203125,33.952426910400391
90646092,2018,2018-01-23,9535,2018-01-23,0800,016277,,2,1,9,1900,0,3,5,,2,002,"VERONA ST","FRASER AVE",0.00,,Y,A,-,N,,,,,,,,,,N,3,0,1,2,A,-,10,21950,A,N,G,B,B,A,H,-,A,D,0,Y,,,,Y,,A,01,0,1,0,0,1,0,0,0,0,"- ","- ",34.019489288330078,-118.16204071044922,"LOS ANGELES",UNINCORPORATED,-118.16224670410156,34.019538879394531
90646954,2018,2018-03-23,9565,2018-01-19,2105,021372,,5,2,9,1900,0,3,5,,2,002,"88TH STREET","VERMONT AVENUE",245.00,W,N,A,-,N,,,,,,,,,,N,2,0,1,2,A,-,11,21954,A,F,G,B,D,A,H,-,C,D,0,Y,,,,Y,,N,60,1,0,0,0,1,0,0,0,0,"- ","- ",33.957931518554688,-118.29271697998047,"LOS ANGELES",UNINCORPORATED,-118.29271697998047,33.957935333251953
90647005,2018,2018-01-25,9535,2018-01-15,1400,017944,,1,2,1,1973,0,1,1,,2,073,"I-710 SB TO BANDINI BLVD.",I-710,466.00,W,N,A,-,Y,,,710,,,,R,,S,N,2,0,1,2,A,-,10,21950,A,N,G,B,C,A,H,-,A,A,0,Y,,,,Y,,D,22,1,0,0,0,1,0,0,0,0,"- ","- ",33.999080657958984,-118.17787933349609,"LOS ANGELES",VERNON,-118.17787933349609,33.999080657958984
90647699,2018,2018-01-25,9590,2018-01-22,0755,016689,,1,1,7,1942,0,1,2,,2,072,"US-101 N/B","SUNSET BOULEVARD",250.00,N,N,B,-,Y,,,101,,,,,,N,N,4,0,1,2,A,-,11,21954,A,N,B,B,E,A,H,-,A,D,0,Y,,,,Y,,N,60,0,0,1,0,1,0,0,0,0,"- ","- ",34.098781585693359,-118.31478881835938,"LOS ANGELES","LOS ANGELES",-118.31479644775391,34.098773956298828
90648941,2018,2018-01-26,9525,2018-01-19,0920,020532,,5,1,9,1900,0,2,4,,2,022,"ARROW HIGHWAY","ENID AVE.",0.00,,Y,B,-,N,,,,,,,,,,N,4,0,1,2,A,-,21,22106,,N,G,B,B,A,H,-,A,A,0,Y,,,,Y,,A,01,0,0,1,0,1,0,0,0,0,"- ","- ",34.107021331787109,-117.91420745849609,"LOS ANGELES",UNINCORPORATED,-117.91426086425781,34.107009887695312
90649283,2018,2018-01-26,9550,2018-01-20,1840,021121,,6,2,9,1900,0,2,4,,1,031,"HACIENDA BOULEVARD S/B","HALLIBURTON ROAD",55.00,N,N,A,-,N,,,,,,,,,,N,4,0,1,2,A,-,11,21954,A,N,G,B,D,A,H,-,C,D,0,Y,,,,Y,,N,60,0,0,1,0,1,0,0,0,0,"- ","- ",33.997661590576172,-117.96769714355469,"LOS ANGELES",UNINCORPORATED,-117.96773529052734,33.997535705566406
90650248,2018,2018-01-29,9530,2018-01-18,0214,021902,,4,3,9,1900,0,3,5,,2,001,"CONVERSE AVE. (1800 BLOCK)","FLORENCE AVE.",34.00,N,N,A,-,N,,,,,,,,,,N,4,0,1,2,A,-,11,21954,A,N,G,B,D,A,H,-,C,D,0,Y,,,,Y,,N,60,0,0,1,0,1,0,0,0,0,"- ","- ",33.974918365478516,-118.24405670166016,"LOS ANGELES",UNINCORPORATED,-118.24407958984375,33.974834442138672
90650254,2018,2018-01-29,9565,2018-01-10,0655,020113,,3,1,9,1900,0,3,5,,2,004,"104TH ST","INGLEWOOD AVE",0.00,,Y,A,-,N,,,,,,,,,,N,4,0,1,2,A,-,10,21950,A,F,G,B,B,A,H,-,A,A,0,Y,,,,Y,,A,01,0,0,1,0,1,0,0,0,0,"- ","- ",33.941738128662109,-118.36141967773438,"LOS ANGELES",UNINCORPORATED,-118.36135101318359,33.941799163818359
90650423,2018,2018-01-29,9530,2018-01-20,1655,021059,,6,2,9,1900,0,3,5,,2,001,"WALNUT DR. (8000 BLOCK)","81ST ST.",200.00,N,N,A,-,N,,,,,,,,,,N,3,0,1,2,A,-,11,21954,A,N,D,B,D,A,H,-,A,D,0,Y,,,,Y,,N,60,0,1,0,0,1,0,0,0,0,"- ","- ",33.96630859375,-118.24002838134766,"LOS ANGELES",UNINCORPORATED,-118.24002075195312,33.966239929199219
90650708,2018,2018-01-29,9575,2018-01-19,1730,021744,,5,2,9,1900,0,2,4,,2,012,"FOOTHILL BLVD.","LA CRESCENTA AVE.",8.00,E,N,A,-,N,,,,,,,,,,N,2,0,1,2,A,-,10,21950,A,N,G,A,B,A,H,-,B,A,0,Y,,,,Y,,A,01,1,0,0,0,1,0,0,0,0,"- ","- ",34.224159240722656,-118.23982238769531,"LOS ANGELES",UNINCORPORATED,-118.23989868164062,34.224136352539062
90650762,2018,2018-01-29,9565,2018-01-18,1830,021371,,4,2,9,1900,0,2,4,,2,024,"IMPERIAL HWY","VERMONT AVE",200.00,W,N,A,-,N,,,,,,,,,,N,2,0,1,2,A,-,11,21954,A,N,G,B,D,A,H,-,C,D,0,Y,,,,Y,Y,N,60,1,0,0,0,1,0,0,0,0,"- ","- ",33.930671691894531,-118.29302978515625,"LOS ANGELES",UNINCORPORATED,-118.29256439208984,33.930980682373047
90650824,2018,2018-01-30,9575,2018-01-20,1958,021340,,6,2,9,1900,0,2,4,,2,020,"ALTADENA DR. (E 1000 BLOCK)","MAIDEN LN",8.00,W,N,A,-,Y,,,,,,,,,,N,2,0,1,2,A,-,10,21950,A,N,G,B,B,A,H,-,C,D,0,Y,,,,Y,,A,07,1,0,0,0,1,0,0,0,0,"- ","- ",34.190380096435547,-118.12875366210938,"LOS ANGELES",UNINCORPORATED,-118.12862396240234,34.190330505371094
90651261,2018,2018-02-08,9525,2018-01-24,1320,020869,,3,1,9,1900,0,2,4,,2,045,"VALLEY BLVD (13000 BLOCK)","TEMPLE AVE",347.00,E,N,A,-,N,,,,,,,,,,Y,2,0,4,6,A,-,07,21658,A,N,E,I,F,A,H,-,A,D,0,Y,,,,Y,,D,22,2,2,0,0,4,0,0,0,0,"- ","- ",34.052200317382812,-118.00090026855469,"LOS ANGELES",UNINCORPORATED,-117.81175231933594,34.049232482910156
90651908,2018,2018-01-31,9530,2018-01-22,0740,020307,,1,1,9,1900,0,3,5,,2,005,"REDONDO BEACH BLVD.","YUKON AVE.",4.00,E,N,A,-,N,,,,,,,,,,N,4,0,1,2,A,-,10,21950,A,N,G,B,B,A,H,-,A,A,0,Y,,,,Y,,A,01,0,0,1,0,1,0,0,0,0,"- ","- ",33.880149841308594,-118.33512115478516,"LOS ANGELES",UNINCORPORATED,-118.33519744873047,33.880092620849609
90652302,2018,2018-01-31,9535,2018-01-24,0815,017954,,3,1,9,1900,0,3,5,,2,001,"FISHER ST. (4700 BLOCK)","DANGLER AVE.",0.00,,Y,A,-,N,,,,,,,,,,N,3,0,1,2,A,-,10,21950,A,N,G,B,B,A,H,-,A,D,0,Y,,,,Y,,D,22,0,1,0,0,1,0,0,0,0,"- ","- ",34.043308258056641,-118.16477203369141,"LOS ANGELES",UNINCORPORATED,-118.16487884521484,34.043308258056641
90652898,2018,2018-02-01,9530,2018-01-26,0412,021871,,5,3,9,1900,0,3,5,,2,002,"EL SEGUNDO BLVD.","WILMINGTON AVE.",30.00,W,N,A,-,N,,,,,,,,,,N,2,0,1,2,A,-,11,21954,A,N,G,B,D,A,H,-,C,A,0,Y,,,,Y,,N,60,1,0,0,0,1,0,0,0,0,"- ","- ",33.916301727294922,-118.23880004882812,"LOS ANGELES",UNINCORPORATED,-118.23925018310547,33.916191101074219
90653536,2018,2018-02-02,9565,2018-01-18,2145,021021,,4,2,9,1900,0,2,4,,2,024,"IMPERIAL HWY","NORMANDIE AVE",0.00,,Y,A,-,N,,,,,,,,,,N,3,0,1,2,A,-,11,21954,A,N,G,B,D,A,H,-,C,A,0,Y,,,,Y,,N,60,0,1,0,0,1,0,0,0,0,"- ","- ",33.930301666259766,-118.30030059814453,"LOS ANGELES",UNINCORPORATED,-118.30032348632812,33.931018829345703
90653722,2018,2018-02-02,9525,2018-01-31,0230,019854,,3,3,6,1955,0,1,1,,2,110,"I-10 E/B (SAN BERNARDINO FWY)","TOWNE AVE",1320.00,E,N,A,-,Y,,,10,,,,,,E,N,4,0,1,2,A,-,11,21954,A,N,G,B,E,A,H,-,D,D,0,Y,,,,Y,,N,60,0,0,1,0,1,0,0,0,0,"- ","- ",34.079730987548828,-117.73764038085938,"LOS ANGELES",POMONA,-117.73765563964844,34.07977294921875
90654496,2018,2018-02-05,9535,2018-01-27,2044,019540,,6,2,9,1900,0,2,4,,2,024,"WHITTIER BLVD","EASTERN AVE",0.00,,Y,A,-,N,,,,,,,,,,N,3,0,1,2,A,-,10,21950,A,N,G,B,B,A,H,-,C,A,0,Y,,,,Y,,A,07,0,1,0,0,1,0,0,0,0,"- ","- ",34.024028778076172,-118.17391204833984,"LOS ANGELES",UNINCORPORATED,-118.17395782470703,34.023921966552734
90655472,2018,2018-02-05,9535,2018-01-24,0545,021773,,3,3,6,1922,0,1,1,,2,400,"I-10 E/B FROM DURFEE AVE.","DURFEE AVE",0.00,,N,A,-,Y,,,10,,,,R,,E,N,3,0,1,2,A,-,10,21950,A,F,G,B,B,A,H,-,C,A,0,Y,,,,Y,,A,01,0,1,0,0,1,0,0,0,0,"- ","- ",34.0635986328125,-118.01133728027344,"LOS ANGELES","EL MONTE",-118.01133728027344,34.0635986328125
90656016,2018,2018-02-06,9530,2018-01-30,1255,018270,,2,1,9,1900,0,3,5,,2,006,"220TH ST. (1000 BLOCK)","MYLER ST.",6.00,E,N,A,B,N,,,,,,,,,,N,4,0,1,2,A,-,10,21950,A,N,G,B,B,A,H,-,A,A,0,Y,,,,Y,,A,01,0,0,1,0,1,0,0,0,0,"- ","- ",33.828140258789062,-118.294677734375,"LOS ANGELES",UNINCORPORATED,-118.29476165771484,33.828098297119141
90656023,2018,2018-02-06,9525,2018-01-29,1807,020058,,1,2,9,1900,0,3,5,,2,001,"HEMPSTEAD AVE. (3000 BLOCK)","DAINES DR.",0.00,,Y,A,-,N,,,,,,,,,,N,3,0,1,2,A,-,11,21954,A,N,E,C,D,A,H,-,D,D,0,Y,,,,Y,,N,60,0,1,0,0,1,0,0,0,0,"- ","- ",34.105918884277344,-117.01735687255859,"LOS ANGELES",UNINCORPORATED,-118.01737976074219,34.105949401855469