CASE_ID,ACCIDENT_YEAR,PROC_DATE,JURIS,COLLISION_DATE,COLLISION_TIME,OFFICER_ID,REPORTING_DISTRICT,DAY_OF_WEEK,CHP_SHIFT,POPULATION,CNTY_CITY_LOC,SPECIAL_COND,BEAT_TYPE,CHP_BEAT_TYPE,CITY_DIVISION_LAPD,CHP_BEAT_CLASS,BEAT_NUMBER,PRIMARY_RD,SECONDARY_RD,DISTANCE,DIRECTION,INTERSECTION,WEATHER_1,WEATHER_2,STATE_HWY_IND,CALTRANS_COUNTY,CALTRANS_DISTRICT,STATE_ROUTE,ROUTE_SUFFIX,POSTMILE_PREFIX,POSTMILE,LOCATION_TYPE,RAMP_INTERSECTION,SIDE_OF_HWY,TOW_AWAY,COLLISION_SEVERITY,NUMBER_KILLED,NUMBER_INJURED,PARTY_COUNT,PRIMARY_COLL_FACTOR,PCF_CODE_OF_VIOL,PCF_VIOL_CATEGORY,PCF_VIOLATION,PCF_VIOL_SUBSECTION,HIT_AND_RUN,TYPE_OF_COLLISION,MVIW,PED_ACTION,ROAD_SURFACE,ROAD_COND_1,ROAD_COND_2,LIGHTING,CONTROL_DEVICE,CHP_ROAD_TYPE,PEDESTRIAN_ACCIDENT,BICYCLE_ACCIDENT,MOTORCYCLE_ACCIDENT,TRUCK_ACCIDENT,NOT_PRIVATE_PROPERTY,ALCOHOL_INVOLVED,STWD_VEHTYPE_AT_FAULT,CHP_VEHTYPE_AT_FAULT,COUNT_SEVERE_INJ,COUNT_VISIBLE_INJ,COUNT_COMPLAINT_PAIN,COUNT_PED_KILLED,COUNT_PED_INJURED,COUNT_BICYCLIST_KILLED,COUNT_BICYCLIST_INJURED,COUNT_MC_KILLED,COUNT_MC_INJURED,PRIMARY_RAMP,SECONDARY_RAMP,LATITUDE,LONGITUDE,COUNTY,CITY,POINT_X,POINT_Y
90656076,2018,2018-02-06,9575,2018-01-22,1640,021744,,1,2,9,1900,0,2,4,,2,025,"LAKE AVE. (2300 BLOCK)","MARCHETA STREET",0.00,,Y,A,-,N,,,,,,,,,,N,2,0,1,2,A,-,10,21950,A,N,G,B,B,A,H,-,A,A,0,Y,,,,Y,,A,01,1,0,0,0,1,0,0,0,0,"- ","- ",34.187461853027344,-118.13144683837891,"LOS ANGELES",UNINCORPORATED,-118.13143920898438,34.187519073486328
90656418,2018,2018-02-07,9545,2018-01-05,1735,021730,,5,2,9,1900,0,3,5,,2,004,"PALMDALE BLVD","110TH ST  E",1584.00,E,N,B,-,N,,,,,,,,,,Y,1,1,0,2,A,-,11,21954,A,N,G,B,D,A,H,-,D,D,0,Y,,,,Y,,N,60,0,0,0,1,0,0,0,0,0,"- ","- ",34.579898834228516,-117.9281005859375,"LOS ANGELES",UNINCORPORATED,-117.92877960205078,34.579944610595703
90656948,2018,2018-02-07,9565,2018-01-28,1120,021786,,7,1,9,1900,0,2,4,,2,022,"NORMANDIE AVENUE","105TH ST",40.00,S,N,A,-,N,,,,,,,,,,N,3,0,1,2,C,-,18,,,N,G,B,D,A,H,-,A,D,0,Y,,,,Y,,-,"- ",0,1,0,0,1,0,0,0,0,"- ","- ",33.940788269042969,-118.30033111572266,"LOS ANGELES",UNINCORPORATED,-118.30028533935547,33.941089630126953
90657180,2018,2018-02-07,9525,2018-02-05,0750,018761,,1,1,9,1900,0,3,5,,2,002,"COVINA BLVD","BONNIE COVE AVE",0.00,,Y,A,-,N,,,,,,,,,,N,4,0,1,2,A,-,10,21950,A,N,G,B,B,A,H,-,A,A,0,Y,,,,Y,,A,08,0,0,1,0,1,0,0,0,0,"- ","- ",34.099399566650391,-117.8551025390625,"LOS ANGELES",UNINCORPORATED,-117.85507965087891,34.099449157714844
90657567,2018,2018-02-08,9530,2018-02-01,1825,021174,,4,2,9,1900,0,3,5,,2,006,"VERMONT AVE.","SEPULVEDA BLVD.",0.00,,Y,A,-,N,,,,,,,,,,N,3,0,1,2,D,-,00,,,N,G,C,B,A,H,-,C,D,0,Y,,,,Y,,-,"- ",0,1,0,0,1,0,0,0,0,"- ","- ",33.81024169921875,-118.29055023193359,"LOS ANGELES",UNINCORPORATED,-118.29041290283203,33.810260772705078
90657631,2018,2018-02-08,9565,2018-01-26,1747,018804,,5,2,9,1900,0,3,5,,2,002,"DENKER AVENUE","110TH STREET",0.00,,Y,A,-,N,,,,,,,,,,N,3,0,1,2,A,-,10,21950,A,N,G,B,B,A,H,-,D,D,0,Y,,,,Y,,A,01,0,1,0,0,1,0,0,0,0,"- ","- ",33.935291290283203,-118.30467987060547,"LOS ANGELES",UNINCORPORATED,-118.30470275878906,33.935260772705078
90658020,2018,2018-04-05,9535,2018-02-01,0755,016277,,4,1,9,1900,0,2,4,,2,024,"WHITTIER BOULEVARD","INDIANA STREET",0.00,,Y,A,-,N,,,,,,,,,,N,3,0,1,2,A,-,10,21950,A,N,G,B,B,A,H,-,A,A,0,Y,,,,Y,,A,01,0,1,0,0,1,0,0,0,0,"- ","- ",34.023960113525391,-118.1922607421875,"LOS ANGELES",UNINCORPORATED,-118.19264984130859,34.024120330810547
90658126,2018,2018-02-09,9545,2018-02-06,1300,015351,,2,1,9,1900,0,1,3,,2,021,"SR-14 N/B","BARREL SPRINGS RD",400.00,N,N,A,-,Y,,,14,,,,,,N,Y,3,0,4,5,A,-,11,21956,,N,C,C,E,A,H,-,A,D,0,Y,,,,Y,,N,60,0,1,3,0,1,0,0,0,0,"- ","- ",34.547451019287109,-118.13054656982422,"LOS ANGELES",UNINCORPORATED,-118.13043975830078,34.547519683837891
90658866,2018,2018-02-12,9535,2018-01-31,2022,020488,,3,2,9,1900,0,2,4,,2,018,"POMONA BLVD. (6000 BLOCK)","GERHART AVE",25.00,W,N,A,-,N,,,,,,,,,,N,3,0,1,2,A,-,11,21954,A,M,G,B,D,A,H,-,C,D,0,Y,,,,Y,,N,60,0,1,0,0,1,0,0,0,0,"- ","- ",34.032588958740234,-118.14420318603516,"LOS ANGELES",UNINCORPORATED,-118.14424896240234,34.033470153808594
90659178,2018,2018-02-12,9530,2018-02-01,1820,021212,,4,2,9,1900,0,3,5,,2,001,"HOLMES AVE.","62ND ST",0.00,,Y,A,-,N,,,,,,,,,,N,3,0,1,2,A,-,10,21950,A,N,G,B,D,A,H,-,C,D,0,Y,,,,Y,,A,01,0,1,0,0,1,0,0,0,0,"- ","- ",33.983871459960938,-118.24146270751953,"LOS ANGELES",UNINCORPORATED,-118.24121856689453,33.983810424804688
90659950,2018,2018-02-13,9575,2018-01-26,0720,021978,,5,1,9,1900,0,1,3,,2,081,"ROSEMEAD BLVD S/B","HUNTINGTON DR",0.00,,Y,A,-,N,,,,,,,,,,N,3,0,1,2,A,-,21,22106,,N,G,B,B,A,H,-,A,A,0,Y,,,,Y,,A,01,0,1,0,0,1,0,0,0,0,"- ","- ",34.130229949951172,-118.07328033447266,"LOS ANGELES",UNINCORPORATED,-118.07330322265625,34.130279541015625
90659999,2018,2018-02-13,9530,2018-02-02,0858,021059,,5,1,9,1900,0,3,5,,2,001,"FLORENCE AVE.","SEVILLE AVE.",0.00,,Y,A,-,N,,,,,,,,,,N,4,0,1,2,A,-,10,21950,A,N,G,B,B,A,H,-,A,A,0,Y,,,,Y,,A,01,0,0,1,0,1,0,0,0,0,"- ","- ",33.973941802978516,-118.22242736816406,"LOS ANGELES",UNINCORPORATED,-118.22241973876953,33.973918914794922
90660485,2018,2018-02-13,9535,2018-02-04,0850,020347,,7,1,9,1900,0,2,4,,2,016,"FIRST ST","SUNOL DR",0.00,,Y,A,-,N,,,,,,,,,,N,4,0,1,2,A,-,10,21950,A,M,G,B,B,A,H,-,A,A,0,Y,,,,Y,,A,01,0,0,1,0,1,0,0,0,0,"- ","- ",34.036388397216797,-118.17852783203125,"LOS ANGELES",UNINCORPORATED,-118.17864990234375,34.036350250244141
90660781,2018,2018-02-13,9565,2018-02-02,1616,021808,,5,2,9,1900,0,3,5,,2,002,"90TH ST.","BUDLONG AVE.",300.00,W,N,A,-,N,,,,,,,,,,N,4,0,1,2,A,-,10,21950,A,N,G,B,D,A,H,-,A,D,0,Y,,,,Y,,N,60,0,0,1,0,1,0,0,0,0,"- ","- ",33.955539703369141,-118.2969970703125,"LOS ANGELES",UNINCORPORATED,-118.29690551757812,33.955928802490234
90661012,2018,2018-02-14,9545,2018-02-04,2135,020960,,7,2,9,1900,0,3,5,,2,004,"177TH STREET EAST","COOLWATER AVE",997.00,S,N,A,-,N,,,,,,,,,,N,2,0,1,2,A,-,11,21954,A,F,G,B,E,A,H,-,D,A,0,Y,,,,Y,,N,60,1,0,0,0,1,0,0,0,0,"- ","- ",34.612949371337891,-117.81378173828125,"LOS ANGELES",UNINCORPORATED,-117.81375885009766,34.612926483154297
90661099,2018,2018-02-14,9530,2018-02-03,0015,021458,,6,3,9,1900,0,3,5,,2,005,"CRENSHAW BLVD. (15000 BLOCK)","MARINE AVE.",450.00,N,N,A,-,N,,,,,,,,,,Y,3,0,5,3,A,-,01,23152,A,N,B,C,E,A,H,-,C,D,0,Y,,,,Y,Y,A,01,0,3,2,0,1,0,0,0,0,"- ","- ",33.895610809326172,-118.32663726806641,"LOS ANGELES",UNINCORPORATED,-118.3265380859375,33.895893096923828
90661594,2018,2018-02-14,9580,2018-02-03,2222,019876,,6,3,9,1900,0,1,3,,1,270,"SR-27 S/B (TOPANGA CYN. BLVD.)","ENTRADO DR",1056.00,S,N,A,-,Y,,,27,,,,,,S,Y,2,0,1,2,A,-,03,22350,,F,G,B,E,A,H,-,D,D,0,Y,,,,Y,,A,01,1,0,0,0,1,0,0,0,0,"- ","- ",34.121898651123047,-118.59081268310547,"LOS ANGELES",UNINCORPORATED,-118.59079742431641,34.121894836425781
90661634,2018,2018-03-15,9550,2018-02-03,1755,021263,,6,2,9,1900,0,3,5,,2,002,"MEYER ROAD","FIDEL AVENUE",0.00,,Y,A,-,N,,,,,,,,,,N,2,0,1,2,A,-,10,21950,A,N,G,B,B,A,H,-,C,D,0,Y,,,,Y,,A,07,1,0,0,0,1,0,0,0,0,"- ","- ",33.928791046142578,-118.05068206787109,"LOS ANGELES",UNINCORPORATED,-118.05068206787109,33.928779602050781
90665127,2018,2018-02-21,9550,2018-02-14,1440,017005,,3,2,9,1900,0,3,5,,2,001,"AEOLIAN STREET","NORWALK BOULEVARD",200.00,E,N,A,-,N,,,,,,,,,,N,4,0,1,2,A,-,11,21954,A,N,G,B,E,A,H,-,A,D,0,Y,,,,Y,,N,60,0,0,1,0,1,0,0,0,0,"- ","- ",33.966270446777344,-118.07038879394531,"LOS ANGELES",UNINCORPORATED,-118.07030487060547,33.966281890869141
90665777,2018,2018-02-22,9530,2018-02-09,0025,021016,,5,3,9,1900,0,3,5,,2,002,"SAN PEDRO STREET (12800 BLOCK)","EL SEGUNDO BOULEVARD",8.00,S,N,A,-,N,,,,,,,,,,Y,2,0,1,2,A,-,10,21950,A,N,G,B,B,A,H,-,C,D,0,Y,,,,Y,,A,01,1,0,0,0,1,0,0,0,0,"- ","- ",33.916400909423828,-118.26959991455078,"LOS ANGELES",UNINCORPORATED,-118.26962280273438,33.916397094726562
90666806,2018,2018-02-22,9565,2018-02-16,1600,020958,,5,2,9,1900,0,3,5,,2,002,"BUDLONG AVENUE","W. 88TH STREET",20.00,S,N,A,-,N,,,,,,,,,,N,3,0,1,2,A,-,10,21950,A,F,G,B,C,A,H,-,A,D,0,Y,,,,Y,,A,01,0,1,0,0,1,0,0,0,0,"- ","- ",33.957828521728516,-118.29585266113281,"LOS ANGELES",UNINCORPORATED,-118.29592132568359,33.957866668701172
90666821,2018,2018-02-22,9550,2018-02-18,1315,020551,,7,1,9,1900,0,2,4,,1,051,"COLIMA RD.","FULLERTON ROAD",100.00,E,N,A,-,N,,,,,,,,,,N,3,0,1,2,A,-,10,21952,,F,G,B,E,A,H,-,A,D,0,Y,,,,Y,,-,99,0,1,0,0,1,0,0,0,0,"- ","- ",33.988559722900391,-117.90486145019531,"LOS ANGELES",UNINCORPORATED,-117.90536499023438,33.98834228515625
90667999,2018,2018-02-23,9550,2018-02-09,2114,021500,,5,2,9,1900,0,1,3,,1,014,"WHITTIER BOULEVARD","REDMAN AVENUE",25.00,E,N,A,-,N,,,,,,,,,,N,2,0,1,2,A,-,11,21950,B,N,G,B,D,A,H,-,C,D,0,Y,,,,Y,,N,60,1,0,0,0,1,0,0,0,0,"- ","- ",33.992050170898438,-118.06719970703125,"LOS ANGELES",UNINCORPORATED,-118.06719207763672,33.992080688476562
90669081,2018,2018-02-26,9540,2018-02-03,0535,021869,,6,3,9,1900,0,1,1,,2,506,"INTERSTATE 5(N/B) TO LYONS AVE.","LYONS AVE",1091.00,S,N,A,-,Y,,,5,,,,R,,,N,2,0,1,2,A,-,17,21461,,N,G,B,E,A,D,-,C,A,0,Y,,,,Y,,N,60,1,0,0,0,1,0,0,0,0,"- ","- ",34.3756103515625,-118.56324768066406,"LOS ANGELES",UNINCORPORATED,-118.56324768066406,34.3756103515625
90669883,2018,2018-02-26,9565,2018-02-04,1020,021808,,7,1,9,1900,0,2,4,,2,022,"NORMANDIE AVE.","97TH ST.",13.00,N,N,A,-,N,,,,,,,,,,N,3,0,1,2,D,-,00,,,N,G,B,D,A,H,-,A,D,0,Y,,,,Y,,-,"- ",0,1,0,0,1,0,0,0,0,"- ","- ",33.947849273681641,-118.30027770996094,"LOS ANGELES",UNINCORPORATED,-118.30027770996094,33.947776794433594
90670083,2018,2018-03-12,9525,2018-02-25,0800,019966,,7,1,9,1900,0,3,5,,2,003,"DUNSVIEW AVE. (400 BLK)","GLENHOPE DR. (16900 BLK)",325.00,S,N,A,-,N,,,,,,,,,,N,3,0,1,3,A,-,03,22350,,N,G,E,E,A,H,-,A,D,0,Y,,,,Y,,A,01,0,1,0,0,1,0,0,0,0,"- ","- ",34.099178314208984,-117.89897155761719,"LOS ANGELES",UNINCORPORATED,-117.92298889160156,34.025543212890625
90670535,2018,2018-02-27,9565,2018-01-01,0350,021706,,1,3,9,1900,0,1,1,,2,010,"I-105 WESTBOUND TO I-405 NORTHBOUND","I-405 NORTHBOUND",620.00,E,N,B,E,Y,,,105,,,,R,,W,N,1,1,0,2,A,-,00,21960,A,F,G,B,E,A,H,-,D,D,0,Y,,,,Y,,N,60,0,0,0,1,0,0,0,0,0,"- ","- ",33.931789398193359,-118.36609649658203,"LOS ANGELES",UNINCORPORATED,-118.36609649658203,33.931789398193359
90670588,2018,2018-02-27,9535,2018-02-14,2000,017789,,3,2,9,1900,0,2,4,,2,024,"WHITTIER BLVD. (5300 E. BLOCK)","OAKFORD DR",21.00,E,N,A,-,N,,,,,,,,,,Y,3,0,1,2,A,-,08,22107,,N,E,I,F,A,H,-,C,D,0,Y,,,,Y,,A,07,0,1,0,0,1,0,0,0,0,"- ","- ",34.019798278808594,-118.15419006347656,"LOS ANGELES",UNINCORPORATED,-118.15425109863281,34.019767761230469
90670977,2018,2018-03-15,9565,2018-02-19,0755,021915,,1,1,9,1900,0,3,5,,2,002,"CENTURY BLVD","BUDLONG AVE",50.00,W,N,A,-,N,,,,,,,,,,N,2,0,1,2,A,-,08,22107,,F,G,B,F,A,H,-,A,A,0,Y,,,,Y,,-,99,1,0,0,0,1,0,0,0,0,"- ","- ",33.945400238037109,-118.29644012451172,"LOS ANGELES",UNINCORPORATED,-118.29631805419922,33.945491790771484
90671006,2018,2018-02-27,9565,2018-02-18,2345,021658,,7,3,9,1900,0,2,4,,2,022,"WESTERN AVE.","122TH ST.",0.00,,N,A,-,N,,,,,,,,,,N,3,0,1,2,A,-,11,21954,A,N,G,B,E,A,H,-,D,D,0,Y,,,,Y,,N,60,0,1,0,0,1,0,0,0,0,"- ","- ",33.922611236572266,-118.30892181396484,"LOS ANGELES",UNINCORPORATED,-118.30911,33.92212
90671197,2018,2018-06-07,9525,2018-01-29,2011,021713,,1,2,5,1906,0,1,1,,2,104,"I-10 E/B (SAN BERNARDINO FWY)","BESS AVENUE/FRAZIER STREET OVERCROSSING",182.00,E,N,A,-,Y,,,10,,,,,,E,N,1,1,0,2,A,-,11,21954,A,N,G,B,E,A,H,-,C,D,0,Y,,,,Y,,N,60,0,0,0,1,0,0,0,0,0,"- ","- ",34.065879821777344,-117.9927978515625,"LOS ANGELES","BALDWIN PARK",-117.99281311035156,34.065967559814453
90671271,2018,2018-02-28,9535,2018-02-21,1550,017789,,3,2,9,1900,0,2,4,,2,012,"CITY TERRACE DR.","EASTERN AVE.",0.00,,Y,A,-,N,,,,,,,,,,N,3,0,2,3,A,-,10,21950,A,N,G,B,B,A,H,-,A,A,0,Y,,,,Y,,A,01,0,2,0,0,2,0,0,0,0,"- ","- ",34.057399749755859,-118.17227935791016,"LOS ANGELES",UNINCORPORATED,-118.17215728759766,34.057628631591797
90672021,2018,2018-02-28,9535,2018-02-16,1138,021970,,5,1,9,1900,0,3,5,,2,002,"BONNIE BEACH PL","HUBBARD ST",0.00,,Y,A,-,N,,,,,,,,,,N,4,0,1,2,A,-,11,21954,A,N,G,B,E,A,H,-,A,A,0,Y,,,,Y,,N,60,0,0,1,0,1,0,0,0,0,"- ","- ",34.134910583496094,-118.10526275634766,"LOS ANGELES",UNINCORPORATED,-118.18131256103516,34.026321411132812
90672119,2018,2018-02-28,9535,2018-02-19,1505,019135,,1,2,9,1900,0,2,4,,2,018,"3RD STREET W/B (3900 BLOCK)","DOWNEY RD",109.00,W,N,B,-,Y,,,,,,,,,,Y,2,0,1,2,A,-,03,22350,,N,G,B,F,A,H,-,A,D,0,Y,,,,Y,,D,22,1,0,0,0,1,0,0,0,0,"- ","- ",34.033420562744141,-118.18015289306641,"LOS ANGELES",UNINCORPORATED,-118.13210296630859,33.941959381103516
90672143,2018,2018-02-28,9535,2018-02-20,1014,017302,,2,1,9,1900,0,2,4,,2,024,"WHITTIER BLVD","INDIANA ST",0.00,,Y,A,-,N,,,,,,,,,,Y,4,0,1,2,A,-,10,21950,A,N,G,B,B,A,H,-,A,A,0,Y,,Y,,Y,,C,02,0,0,1,0,1,0,0,0,0,"- ","- ",34.023811340332031,-118.19220733642578,"LOS ANGELES",UNINCORPORATED,-118.19264984130859,34.024120330810547
90672189,2018,2018-02-28,9535,2018-02-15,1510,019135,,4,2,9,1900,0,3,5,,2,002,"EAGLE ST","ARIZONA AVE",10.00,E,N,A,-,N,,,,,,,,,,N,4,0,1,2,A,-,09,21804,A,N,G,B,B,A,H,-,A,D,0,Y,,,,Y,,N,60,0,0,1,0,1,0,0,0,0,"- ","- ",34.029121398925781,-118.16458892822266,"LOS ANGELES",UNINCORPORATED,-118.16478729248047,34.029170989990234
90672906,2018,2018-03-01,9565,2018-02-15,1535,021855,,4,2,9,1900,0,3,5,,2,002,"BUDLONG AVE","120TH ST",0.00,,N,A,-,N,,,,,,,,,,Y,2,0,2,3,A,-,10,21950,A,N,G,B,B,A,H,-,A,D,0,Y,,,,Y,,A,01,2,0,0,0,2,0,0,0,0,"- ","- ",33.923629760742188,-118.29615020751953,"LOS ANGELES",UNINCORPORATED,-118.29601287841797,33.923740386962891
90674226,2018,2018-03-05,9530,2018-02-23,0805,021076,,5,1,9,1900,0,3,5,,2,001,"BELL AVENUE (1800 BLOCK)","85TH ST.",20.00,S,N,A,G,N,,,,,,,,,,Y,4,0,2,2,A,-,11,21954,A,N,D,B,D,A,H,-,A,D,0,Y,,,,Y,,N,60,0,0,2,0,1,0,0,0,0,"- ","- ",33.960819244384766,-118.23899078369141,"LOS ANGELES",UNINCORPORATED,-118.239013671875,33.960906982421875
90674250,2018,2018-03-05,9530,2018-02-22,0930,021059,,4,1,9,1900,0,1,3,,2,310,"SR-91 E/B FROM ALAMEDA ST","SANTA FE AVE.",40.00,E,N,A,-,Y,,,91,,,,R,,E,N,3,0,1,3,A,-,03,22350,,N,B,C,E,A,H,-,A,D,0,Y,,,,Y,,A,08,0,1,0,0,1,0,0,0,0,"- ","- ",33.873249053955078,-118.21437072753906,"LOS ANGELES",UNINCORPORATED,-118.21437072753906,33.873249053955078
90674315,2018,2018-03-05,9525,2018-02-23,1445,021779,,5,2,9,1900,0,3,5,,2,003,"GEMINI ST.","VANGUARD AVE",0.00,,Y,A,-,N,,,,,,,,,,N,4,0,1,2,A,-,11,21950,B,N,G,B,D,A,H,-,A,D,0,Y,,,,Y,,N,60,0,0,1,0,1,0,0,0,0,"- ","- ",34.017238616943359,-117.91513824462891,"LOS ANGELES",UNINCORPORATED,-117.91520690917969,34.017261505126953
90674636,2018,2019-07-01,9575,2018-01-01,0055,021213,,1,3,6,1953,0,1,1,,2,064,"I-210 W/B (FOOTHILL FREEWAY)","LOS ROBLES AVE.",287.00,W,N,A,-,Y,,,210,,,,,,W,Y,1,1,0,5,A,-,11,21954,A,F,G,B,E,A,H,-,C,D,0,Y,,,,Y,,N,60,0,0,0,1,0,0,0,0,0,"- ","- ",34.152011871337891,-118.14260864257812,"LOS ANGELES",PASADENA,-118.14260864257812,34.152034759521484
90674813,2018,2018-03-05,9565,2018-02-18,1800,021889,,7,2,9,1900,0,2,4,,2,023,"WESTERN AVE","106TH ST",10.00,N,N,A,-,N,,,,,,,,,,N,3,0,1,2,A,-,10,21950,A,N,A,B,B,A,H,-,C,D,0,Y,,,,Y,,A,07,0,1,0,0,1,0,0,0,0,"- ","- ",33.940109252929688,-118.30901336669922,"LOS ANGELES",UNINCORPORATED,-118.30902862548828,33.940036773681641
90674994,2018,2018-03-05,9565,2018-03-02,2025,021632,,5,2,6,1933,0,1,1,,2,012,"I-105 E/B TO PRAIRIE AVENUE","PRAIRIE AVENE",900.00,W,N,A,-,Y,,,105,,,,R,,E,Y,3,0,4,4,A,-,01,23152,A,N,B,C,E,A,H,-,D,D,0,Y,,,,Y,Y,A,01,0,1,3,0,1,0,0,0,0,"- ","- ",33.932830810546875,-118.34697723388672,"LOS ANGELES",INGLEWOOD,-118.34697723388672,33.932830810546875
90675308,2018,2018-03-05,9535,2018-02-25,2100,020767,,7,2,9,1900,0,3,5,,2,002,"FETTERLY AVENUE (400 BLOCK)","4TH STREET",200.00,S,N,A,-,N,,,,,,,,,,N,4,0,1,2,A,-,21,22106,,N,G,B,E,A,H,-,C,D,0,Y,,,,Y,,A,01,0,0,1,0,1,0,0,0,0,"- ","- ",34.029979705810547,-118.16214752197266,"LOS ANGELES",UNINCORPORATED,-118.16200256347656,34.030399322509766
90675688,2018,2018-03-06,9575,2018-02-25,1500,020119,,7,2,9,1900,0,2,4,,2,023,"FAIR OAKS AVE. (2500 BLOCK)","CALAVERAS ST.",200.00,N,N,A,-,N,,,,,,,,,,N,4,0,1,2,A,-,03,22350,,N,G,B,E,A,H,-,A,D,0,Y,,,,Y,,M,47,0,0,1,0,1,0,0,0,0,"- ","- ",34.189208984375,-118.15001678466797,"LOS ANGELES",UNINCORPORATED,-118.14955139160156,34.189922332763672
90675833,2018,2018-04-10,9530,2018-02-26,1535,016110,,1,2,9,1900,0,3,5,,2,002,"SAN PEDRO ST.          (12800 BLOCK)","EL SEGUNDO BLVD.",10.00,S,N,A,-,N,,,,,,,,,,N,4,0,1,2,A,-,10,21950,A,F,G,B,B,A,H,-,A,A,0,Y,,,,Y,,-,99,0,0,1,0,1,0,0,0,0,"- ","- ",33.916248321533203,-118.26966094970703,"LOS ANGELES",UNINCORPORATED,-118.26962280273438,33.916393280029297
90675836,2018,2018-03-06,9525,2018-02-25,0810,021684,,7,1,5,1990,0,1,3,,2,601,"SR-60 W/B (POMONA FWY)","GRAND AVE",1000.00,W,N,A,-,Y,,,60,,,,,,W,N,4,0,1,2,C,-,18,,,N,G,B,E,A,D,-,A,D,0,Y,,,,Y,,-,"- ",0,0,1,0,1,0,0,0,0,"- ","- ",34.007911682128906,-117.82614135742188,"LOS ANGELES","DIAMOND BAR",-117.82597351074219,34.007743835449219
90675842,2018,2018-03-06,9550,2018-02-28,1620,020340,,3,2,9,1900,0,3,5,,2,001,"DUCHESS DRIVE","WASHINGTON BOULEVARD",393.00,N,N,A,-,N,,,,,,,,,,N,3,0,1,2,A,-,11,21954,A,N,G,B,D,A,H,-,A,D,0,Y,,,,Y,,N,60,0,1,0,0,1,0,0,0,0,"- ","- ",33.972900390625,-118.07050323486328,"LOS ANGELES",UNINCORPORATED,-118.07052612304688,33.972843170166016
90676568,2018,2018-03-07,9550,2018-02-25,1720,021934,,7,2,9,1900,0,2,4,,1,021,"CARMENITA ROAD","PAINTER AVENUE",0.00,,Y,A,-,N,,,,,,,,,,N,2,0,1,2,A,-,11,21950,B,N,G,B,B,A,H,-,B,A,0,Y,,,,Y,Y,N,60,1,0,0,0,1,0,0,0,0,"- ","- ",33.948848724365234,-118.04653930664062,"LOS ANGELES",UNINCORPORATED,-118.0465087890625,33.948841094970703
90677533,2018,2018-03-08,9550,2018-03-01,0640,021950,,4,1,9,1900,0,3,5,,2,002,"MILLS AVENUE","TRUMBALL STREET",0.00,,Y,A,-,N,,,,,,,,,,N,4,0,1,2,A,-,10,21950,A,N,G,B,B,A,H,-,A,A,0,Y,,,,Y,,A,07,0,0,1,0,1,0,0,0,0,"- ","- ",33.937831878662109,-118.03877258300781,"LOS ANGELES",UNINCORPORATED,-118.03884887695312,33.937808990478516
90680184,2018,2018-03-12,9590,2018-03-03,0210,021179,,6,3,7,1942,0,1,2,,2,070,"US-101  N/B (HOLLYWOOD FWY.)","VERMONT AVE",600.00,N,N,A,G,Y,,,101,,,,,,N,N,2,0,1,2,A,-,11,21954,A,N,G,B,E,A,H,-,C,D,0,Y,,,,Y,,N,60,1,0,0,0,1,0,0,0,0,"- ","- ",34.081130981445312,-118.29354858398438,"LOS ANGELES","LOS ANGELES",-118.29354095458984,34.081150054931641
90681018,2018,2018-03-13,9550,2018-03-08,1500,020928,,4,2,9,1900,0,2,4,,1,023,"MULBERRY DR WESTBOUND","COLIMA RD",0.00,,Y,A,-,N,,,,,,,,,,N,4,0,1,2,A,-,10,21950,C,N,G,B,B,A,H,-,A,A,0,Y,,,,Y,,A,08,0,0,1,0,1,0,0,0,0,"- ","- ",33.935340881347656,-118.01670837402344,"LOS ANGELES",UNINCORPORATED,-118.01679229736328,33.935260772705078